time_captured,jog_16_sub_24_rotationRate.z
1970-01-01 00:00:00.000000000,1.025725
1970-01-01 00:00:00.000000001,-0.584413
1970-01-01 00:00:00.000000002,-1.637916
1970-01-01 00:00:00.000000003,-2.174057
1970-01-01 00:00:00.000000004,-2.16058
1970-01-01 00:00:00.000000005,-3.697739
1970-01-01 00:00:00.000000006,-4.184984
1970-01-01 00:00:00.000000007,-4.60701
1970-01-01 00:00:00.000000008,-6.480757
1970-01-01 00:00:00.000000009,-8.501694
1970-01-01 00:00:00.000000010,-6.743538
1970-01-01 00:00:00.000000011,-5.274008
1970-01-01 00:00:00.000000012,-4.698074
1970-01-01 00:00:00.000000013,-3.051802
1970-01-01 00:00:00.000000014,-1.53071
1970-01-01 00:00:00.000000015,0.447144
1970-01-01 00:00:00.000000016,2.723517
1970-01-01 00:00:00.000000017,4.480509
1970-01-01 00:00:00.000000018,4.298586
1970-01-01 00:00:00.000000019,3.3326519999999995
1970-01-01 00:00:00.000000020,2.8337830000000004
1970-01-01 00:00:00.000000021,0.510038
1970-01-01 00:00:00.000000022,-1.655562
1970-01-01 00:00:00.000000023,-1.0636
1970-01-01 00:00:00.000000024,4.000005000000001
1970-01-01 00:00:00.000000025,4.054126999999999
1970-01-01 00:00:00.000000026,-0.068508
1970-01-01 00:00:00.000000027,0.669491
1970-01-01 00:00:00.000000028,6.065258999999999
1970-01-01 00:00:00.000000029,9.548355
1970-01-01 00:00:00.000000030,5.912173999999999
1970-01-01 00:00:00.000000031,2.646888
1970-01-01 00:00:00.000000032,1.997088
1970-01-01 00:00:00.000000033,1.590293
1970-01-01 00:00:00.000000034,1.191633
1970-01-01 00:00:00.000000035,-0.289488
1970-01-01 00:00:00.000000036,-2.306122
1970-01-01 00:00:00.000000037,-3.511413
1970-01-01 00:00:00.000000038,-3.749609
1970-01-01 00:00:00.000000039,-4.779089
1970-01-01 00:00:00.000000040,-5.547243
1970-01-01 00:00:00.000000041,-6.544925
1970-01-01 00:00:00.000000042,-7.097778
1970-01-01 00:00:00.000000043,-6.164521
1970-01-01 00:00:00.000000044,-6.103769000000001
1970-01-01 00:00:00.000000045,-4.243826
1970-01-01 00:00:00.000000046,-2.224469
1970-01-01 00:00:00.000000047,-0.416552
1970-01-01 00:00:00.000000048,1.548664
1970-01-01 00:00:00.000000049,3.363205
1970-01-01 00:00:00.000000050,5.046917
1970-01-01 00:00:00.000000051,5.276392
1970-01-01 00:00:00.000000052,3.191326
1970-01-01 00:00:00.000000053,2.746261
1970-01-01 00:00:00.000000054,1.488132
1970-01-01 00:00:00.000000055,-1.019947
1970-01-01 00:00:00.000000056,-0.983714
1970-01-01 00:00:00.000000057,-0.160557
1970-01-01 00:00:00.000000058,0.747272
1970-01-01 00:00:00.000000059,0.850101
1970-01-01 00:00:00.000000060,1.919248
1970-01-01 00:00:00.000000061,6.760215
1970-01-01 00:00:00.000000062,10.598043
1970-01-01 00:00:00.000000063,8.407223
1970-01-01 00:00:00.000000064,4.525628
1970-01-01 00:00:00.000000065,3.442101
1970-01-01 00:00:00.000000066,3.267131
1970-01-01 00:00:00.000000067,1.476817
1970-01-01 00:00:00.000000068,-0.390135
1970-01-01 00:00:00.000000069,-1.40258
1970-01-01 00:00:00.000000070,-2.145047
1970-01-01 00:00:00.000000071,-2.357851
1970-01-01 00:00:00.000000072,-2.076988
1970-01-01 00:00:00.000000073,-3.625371
1970-01-01 00:00:00.000000074,-3.990942
1970-01-01 00:00:00.000000075,-5.119082
1970-01-01 00:00:00.000000076,-7.805728
1970-01-01 00:00:00.000000077,-7.0416300000000005
1970-01-01 00:00:00.000000078,-5.650728
1970-01-01 00:00:00.000000079,-4.9405470000000005
1970-01-01 00:00:00.000000080,-3.957349
1970-01-01 00:00:00.000000081,-2.803185
1970-01-01 00:00:00.000000082,-1.501999
1970-01-01 00:00:00.000000083,0.8889870000000001
1970-01-01 00:00:00.000000084,3.323775
1970-01-01 00:00:00.000000085,5.181307
1970-01-01 00:00:00.000000086,4.40081
1970-01-01 00:00:00.000000087,3.631208
1970-01-01 00:00:00.000000088,3.2841440000000004
1970-01-01 00:00:00.000000089,0.382401
1970-01-01 00:00:00.000000090,-2.479703
1970-01-01 00:00:00.000000091,-1.685136
1970-01-01 00:00:00.000000092,2.860775
1970-01-01 00:00:00.000000093,2.906944
1970-01-01 00:00:00.000000094,0.530717
1970-01-01 00:00:00.000000095,1.503021
1970-01-01 00:00:00.000000096,6.356611
1970-01-01 00:00:00.000000097,10.124617
1970-01-01 00:00:00.000000098,6.04744
1970-01-01 00:00:00.000000099,4.642666
1970-01-01 00:00:00.000000100,3.570159
1970-01-01 00:00:00.000000101,2.38476
1970-01-01 00:00:00.000000102,0.8219569999999999
1970-01-01 00:00:00.000000103,-1.147261
1970-01-01 00:00:00.000000104,-2.608058
1970-01-01 00:00:00.000000105,-2.399826
1970-01-01 00:00:00.000000106,-2.228223
1970-01-01 00:00:00.000000107,-3.31787
1970-01-01 00:00:00.000000108,-4.463682
1970-01-01 00:00:00.000000109,-4.9275910000000005
1970-01-01 00:00:00.000000110,-7.532156
1970-01-01 00:00:00.000000111,-8.938908
1970-01-01 00:00:00.000000112,-6.102231
1970-01-01 00:00:00.000000113,-4.7310300000000005
1970-01-01 00:00:00.000000114,-3.807293
1970-01-01 00:00:00.000000115,-2.719271
1970-01-01 00:00:00.000000116,-1.012712
1970-01-01 00:00:00.000000117,0.919954
1970-01-01 00:00:00.000000118,3.17681
1970-01-01 00:00:00.000000119,5.359712
1970-01-01 00:00:00.000000120,5.168361
1970-01-01 00:00:00.000000121,3.0047330000000003
1970-01-01 00:00:00.000000122,2.351552
1970-01-01 00:00:00.000000123,0.511099
1970-01-01 00:00:00.000000124,-2.303201
1970-01-01 00:00:00.000000125,-1.720205
1970-01-01 00:00:00.000000126,2.047289
1970-01-01 00:00:00.000000127,1.163897
1970-01-01 00:00:00.000000128,-0.474564
1970-01-01 00:00:00.000000129,0.8931520000000001
1970-01-01 00:00:00.000000130,6.660919
1970-01-01 00:00:00.000000131,10.093239
1970-01-01 00:00:00.000000132,6.846253999999999
1970-01-01 00:00:00.000000133,4.181789
1970-01-01 00:00:00.000000134,3.4560230000000005
1970-01-01 00:00:00.000000135,2.803658
1970-01-01 00:00:00.000000136,1.058927
1970-01-01 00:00:00.000000137,-0.701979
1970-01-01 00:00:00.000000138,-1.6548490000000002
1970-01-01 00:00:00.000000139,-2.38157
1970-01-01 00:00:00.000000140,-2.375263
1970-01-01 00:00:00.000000141,-2.695005
1970-01-01 00:00:00.000000142,-3.650881
1970-01-01 00:00:00.000000143,-3.807578
1970-01-01 00:00:00.000000144,-4.185184
1970-01-01 00:00:00.000000145,-4.961366
1970-01-01 00:00:00.000000146,-7.02676
1970-01-01 00:00:00.000000147,-6.095281
1970-01-01 00:00:00.000000148,-4.831494
1970-01-01 00:00:00.000000149,-3.860666
1970-01-01 00:00:00.000000150,-2.343969
1970-01-01 00:00:00.000000151,-0.139517
1970-01-01 00:00:00.000000152,1.996449
1970-01-01 00:00:00.000000153,4.20346
1970-01-01 00:00:00.000000154,5.641218
1970-01-01 00:00:00.000000155,6.151981
1970-01-01 00:00:00.000000156,2.793718
1970-01-01 00:00:00.000000157,1.575061
1970-01-01 00:00:00.000000158,-1.64654
1970-01-01 00:00:00.000000159,-4.0038540000000005
1970-01-01 00:00:00.000000160,-0.563183
1970-01-01 00:00:00.000000161,4.611712000000001
1970-01-01 00:00:00.000000162,2.848455
1970-01-01 00:00:00.000000163,1.168277
1970-01-01 00:00:00.000000164,1.6798259999999998
1970-01-01 00:00:00.000000165,4.819031
1970-01-01 00:00:00.000000166,7.244339
1970-01-01 00:00:00.000000167,6.31877
1970-01-01 00:00:00.000000168,3.088325
1970-01-01 00:00:00.000000169,2.159133
1970-01-01 00:00:00.000000170,1.471907
1970-01-01 00:00:00.000000171,0.1617819999999999
1970-01-01 00:00:00.000000172,-0.985721
1970-01-01 00:00:00.000000173,-1.7882669999999998
1970-01-01 00:00:00.000000174,-1.916983
1970-01-01 00:00:00.000000175,-1.95371
1970-01-01 00:00:00.000000176,-3.456435
1970-01-01 00:00:00.000000177,-3.23849
1970-01-01 00:00:00.000000178,-3.472462
1970-01-01 00:00:00.000000179,-4.155213
1970-01-01 00:00:00.000000180,-6.725733
1970-01-01 00:00:00.000000181,-7.179235
1970-01-01 00:00:00.000000182,-4.680941000000001
1970-01-01 00:00:00.000000183,-3.917043
1970-01-01 00:00:00.000000184,-2.505751
1970-01-01 00:00:00.000000185,-0.851152
1970-01-01 00:00:00.000000186,0.528137
1970-01-01 00:00:00.000000187,1.978657
1970-01-01 00:00:00.000000188,3.997093
1970-01-01 00:00:00.000000189,5.753891
1970-01-01 00:00:00.000000190,4.747931
1970-01-01 00:00:00.000000191,2.252249
1970-01-01 00:00:00.000000192,1.380151
1970-01-01 00:00:00.000000193,-3.865132
1970-01-01 00:00:00.000000194,-5.389124
1970-01-01 00:00:00.000000195,-0.915
1970-01-01 00:00:00.000000196,2.032125
1970-01-01 00:00:00.000000197,1.896228
1970-01-01 00:00:00.000000198,0.6778109999999999
1970-01-01 00:00:00.000000199,4.793069999999999
1970-01-01 00:00:00.000000200,9.052657
1970-01-01 00:00:00.000000201,7.793142
1970-01-01 00:00:00.000000202,3.850592
1970-01-01 00:00:00.000000203,2.705594
1970-01-01 00:00:00.000000204,2.646255
1970-01-01 00:00:00.000000205,1.1696959999999998
1970-01-01 00:00:00.000000206,-0.41541
1970-01-01 00:00:00.000000207,-1.814989
1970-01-01 00:00:00.000000208,-2.55065
1970-01-01 00:00:00.000000209,-1.873932
1970-01-01 00:00:00.000000210,-2.201452
1970-01-01 00:00:00.000000211,-3.004005
1970-01-01 00:00:00.000000212,-3.579921
1970-01-01 00:00:00.000000213,-4.032187
1970-01-01 00:00:00.000000214,-5.420223
1970-01-01 00:00:00.000000215,-6.943167
1970-01-01 00:00:00.000000216,-5.146583000000001
1970-01-01 00:00:00.000000217,-4.15091
1970-01-01 00:00:00.000000218,-3.310353
1970-01-01 00:00:00.000000219,-1.2950700000000002
1970-01-01 00:00:00.000000220,0.132668
1970-01-01 00:00:00.000000221,1.542271
1970-01-01 00:00:00.000000222,2.863139
1970-01-01 00:00:00.000000223,4.724322
1970-01-01 00:00:00.000000224,5.681483999999999
1970-01-01 00:00:00.000000225,3.3557900000000003
1970-01-01 00:00:00.000000226,1.554848
1970-01-01 00:00:00.000000227,-1.498002
1970-01-01 00:00:00.000000228,-4.153251
1970-01-01 00:00:00.000000229,-3.504135
1970-01-01 00:00:00.000000230,-1.48441
1970-01-01 00:00:00.000000231,-1.202813
1970-01-01 00:00:00.000000232,0.180401
1970-01-01 00:00:00.000000233,2.891107
1970-01-01 00:00:00.000000234,7.025905000000001
1970-01-01 00:00:00.000000235,6.770846000000001
1970-01-01 00:00:00.000000236,0.0147319999999999
1970-01-01 00:00:00.000000237,-0.686121
1970-01-01 00:00:00.000000238,1.096961
1970-01-01 00:00:00.000000239,1.278543
1970-01-01 00:00:00.000000240,1.287609
1970-01-01 00:00:00.000000241,0.156876
1970-01-01 00:00:00.000000242,-2.066316
1970-01-01 00:00:00.000000243,-3.725367
1970-01-01 00:00:00.000000244,-3.29839
1970-01-01 00:00:00.000000245,-2.410016
1970-01-01 00:00:00.000000246,-2.99888
1970-01-01 00:00:00.000000247,-5.055127
1970-01-01 00:00:00.000000248,-5.31481
1970-01-01 00:00:00.000000249,-3.969098
1970-01-01 00:00:00.000000250,-2.349164
1970-01-01 00:00:00.000000251,-1.289212
1970-01-01 00:00:00.000000252,0.6741149999999999
1970-01-01 00:00:00.000000253,2.436798
1970-01-01 00:00:00.000000254,3.212214
1970-01-01 00:00:00.000000255,3.911931
1970-01-01 00:00:00.000000256,4.790551
1970-01-01 00:00:00.000000257,3.984821
1970-01-01 00:00:00.000000258,1.472674
1970-01-01 00:00:00.000000259,-1.939619
1970-01-01 00:00:00.000000260,-3.644081
1970-01-01 00:00:00.000000261,-2.087185
1970-01-01 00:00:00.000000262,0.128184
1970-01-01 00:00:00.000000263,-1.459256
1970-01-01 00:00:00.000000264,-1.288874
1970-01-01 00:00:00.000000265,0.835643
1970-01-01 00:00:00.000000266,4.625837000000001
1970-01-01 00:00:00.000000267,6.412058999999999
1970-01-01 00:00:00.000000268,3.966111
1970-01-01 00:00:00.000000269,1.40285
1970-01-01 00:00:00.000000270,0.137605
1970-01-01 00:00:00.000000271,0.282136
1970-01-01 00:00:00.000000272,-0.023821
1970-01-01 00:00:00.000000273,0.254196
1970-01-01 00:00:00.000000274,0.101738
1970-01-01 00:00:00.000000275,-0.707026
1970-01-01 00:00:00.000000276,-1.751108
1970-01-01 00:00:00.000000277,-2.249192
1970-01-01 00:00:00.000000278,-2.527492
1970-01-01 00:00:00.000000279,-2.641
1970-01-01 00:00:00.000000280,-3.705123
1970-01-01 00:00:00.000000281,-3.480468
1970-01-01 00:00:00.000000282,-3.0432330000000003
1970-01-01 00:00:00.000000283,-1.976113
1970-01-01 00:00:00.000000284,-1.829486
1970-01-01 00:00:00.000000285,0.251988
1970-01-01 00:00:00.000000286,1.899623
1970-01-01 00:00:00.000000287,2.284441
1970-01-01 00:00:00.000000288,2.903485
1970-01-01 00:00:00.000000289,4.011679
1970-01-01 00:00:00.000000290,3.626497
1970-01-01 00:00:00.000000291,1.334483
1970-01-01 00:00:00.000000292,-1.930963
1970-01-01 00:00:00.000000293,-2.497746
1970-01-01 00:00:00.000000294,-1.307462
1970-01-01 00:00:00.000000295,-0.499878
1970-01-01 00:00:00.000000296,-0.4699529999999999
1970-01-01 00:00:00.000000297,1.415548
1970-01-01 00:00:00.000000298,2.379597
1970-01-01 00:00:00.000000299,2.755359
1970-01-01 00:00:00.000000300,2.29196
1970-01-01 00:00:00.000000301,0.367272
1970-01-01 00:00:00.000000302,0.034154
1970-01-01 00:00:00.000000303,-0.892732
1970-01-01 00:00:00.000000304,-0.811805
1970-01-01 00:00:00.000000305,-0.128615
1970-01-01 00:00:00.000000306,-0.077672
1970-01-01 00:00:00.000000307,0.255463
1970-01-01 00:00:00.000000308,-0.253377
1970-01-01 00:00:00.000000309,-1.33145
1970-01-01 00:00:00.000000310,-1.741787
1970-01-01 00:00:00.000000311,-3.508085
1970-01-01 00:00:00.000000312,-3.503195
1970-01-01 00:00:00.000000313,-2.656361
1970-01-01 00:00:00.000000314,-1.900119
1970-01-01 00:00:00.000000315,-1.113168
1970-01-01 00:00:00.000000316,-0.407253
1970-01-01 00:00:00.000000317,-0.0769779999999999
1970-01-01 00:00:00.000000318,0.428306
1970-01-01 00:00:00.000000319,0.570946
1970-01-01 00:00:00.000000320,0.357862
1970-01-01 00:00:00.000000321,0.6951350000000001
1970-01-01 00:00:00.000000322,1.1557879999999998
1970-01-01 00:00:00.000000323,0.8202200000000001
1970-01-01 00:00:00.000000324,-1.419719
1970-01-01 00:00:00.000000325,-2.97787
1970-01-01 00:00:00.000000326,-2.276011
1970-01-01 00:00:00.000000327,1.129975
1970-01-01 00:00:00.000000328,2.408075
1970-01-01 00:00:00.000000329,1.726288
1970-01-01 00:00:00.000000330,0.253567
1970-01-01 00:00:00.000000331,1.1375959999999998
1970-01-01 00:00:00.000000332,1.884087
1970-01-01 00:00:00.000000333,2.010753
1970-01-01 00:00:00.000000334,1.008445
1970-01-01 00:00:00.000000335,0.49091
1970-01-01 00:00:00.000000336,0.7430260000000001
1970-01-01 00:00:00.000000337,0.803967
1970-01-01 00:00:00.000000338,0.683791
1970-01-01 00:00:00.000000339,0.288411
1970-01-01 00:00:00.000000340,-0.405961
1970-01-01 00:00:00.000000341,-1.2567620000000002
1970-01-01 00:00:00.000000342,-2.02656
1970-01-01 00:00:00.000000343,-2.037979
1970-01-01 00:00:00.000000344,-2.325691
1970-01-01 00:00:00.000000345,-2.6956830000000003
1970-01-01 00:00:00.000000346,-4.096652
1970-01-01 00:00:00.000000347,-5.530906
1970-01-01 00:00:00.000000348,-4.687004
1970-01-01 00:00:00.000000349,-5.78359
1970-01-01 00:00:00.000000350,-3.747612
1970-01-01 00:00:00.000000351,-3.558953
1970-01-01 00:00:00.000000352,-2.069824
1970-01-01 00:00:00.000000353,-1.157766
1970-01-01 00:00:00.000000354,-0.3156719999999999
1970-01-01 00:00:00.000000355,0.8107489999999999
1970-01-01 00:00:00.000000356,1.597209
1970-01-01 00:00:00.000000357,2.292895
1970-01-01 00:00:00.000000358,2.691153
1970-01-01 00:00:00.000000359,1.320281
1970-01-01 00:00:00.000000360,0.591597
1970-01-01 00:00:00.000000361,-0.118307
1970-01-01 00:00:00.000000362,0.8191039999999999
1970-01-01 00:00:00.000000363,2.0227150000000003
1970-01-01 00:00:00.000000364,2.918837
1970-01-01 00:00:00.000000365,1.152858
1970-01-01 00:00:00.000000366,1.025764
1970-01-01 00:00:00.000000367,1.7522369999999998
1970-01-01 00:00:00.000000368,4.2812470000000005
1970-01-01 00:00:00.000000369,4.109943
1970-01-01 00:00:00.000000370,3.912202
1970-01-01 00:00:00.000000371,3.286715
1970-01-01 00:00:00.000000372,2.846793
1970-01-01 00:00:00.000000373,2.203921
1970-01-01 00:00:00.000000374,1.408928
1970-01-01 00:00:00.000000375,0.904127
1970-01-01 00:00:00.000000376,-0.239762
1970-01-01 00:00:00.000000377,-1.131746
1970-01-01 00:00:00.000000378,-2.004997
1970-01-01 00:00:00.000000379,-2.780565
1970-01-01 00:00:00.000000380,-2.269949
1970-01-01 00:00:00.000000381,-2.488467
1970-01-01 00:00:00.000000382,-3.424748
1970-01-01 00:00:00.000000383,-4.522098000000001
1970-01-01 00:00:00.000000384,-5.950052
1970-01-01 00:00:00.000000385,-5.271579
1970-01-01 00:00:00.000000386,-5.120781
1970-01-01 00:00:00.000000387,-4.632999
1970-01-01 00:00:00.000000388,-3.773556
1970-01-01 00:00:00.000000389,-2.329475
1970-01-01 00:00:00.000000390,-1.047051
1970-01-01 00:00:00.000000391,0.201654
1970-01-01 00:00:00.000000392,1.575712
1970-01-01 00:00:00.000000393,2.425508
1970-01-01 00:00:00.000000394,3.57873
1970-01-01 00:00:00.000000395,4.036535
1970-01-01 00:00:00.000000396,3.0807330000000004
1970-01-01 00:00:00.000000397,2.132257
1970-01-01 00:00:00.000000398,-0.577548
1970-01-01 00:00:00.000000399,0.064451
1970-01-01 00:00:00.000000400,0.8764870000000001
1970-01-01 00:00:00.000000401,2.336596
1970-01-01 00:00:00.000000402,1.295657
1970-01-01 00:00:00.000000403,1.397616
1970-01-01 00:00:00.000000404,4.295821
1970-01-01 00:00:00.000000405,5.2625980000000006
1970-01-01 00:00:00.000000406,5.887429
1970-01-01 00:00:00.000000407,5.294989
1970-01-01 00:00:00.000000408,4.11005
1970-01-01 00:00:00.000000409,3.350193
1970-01-01 00:00:00.000000410,2.009886
1970-01-01 00:00:00.000000411,1.229429
1970-01-01 00:00:00.000000412,0.968915
1970-01-01 00:00:00.000000413,0.467152
1970-01-01 00:00:00.000000414,-1.278779
1970-01-01 00:00:00.000000415,-2.4331240000000003
1970-01-01 00:00:00.000000416,-2.696852
1970-01-01 00:00:00.000000417,-3.073506
1970-01-01 00:00:00.000000418,-4.236927
1970-01-01 00:00:00.000000419,-5.982011
1970-01-01 00:00:00.000000420,-7.522048
1970-01-01 00:00:00.000000421,-5.666461
1970-01-01 00:00:00.000000422,-5.69686
1970-01-01 00:00:00.000000423,-4.853104
1970-01-01 00:00:00.000000424,-3.70267
1970-01-01 00:00:00.000000425,-2.313718
1970-01-01 00:00:00.000000426,-0.938102
1970-01-01 00:00:00.000000427,0.7924399999999999
1970-01-01 00:00:00.000000428,2.886389
1970-01-01 00:00:00.000000429,4.472928
1970-01-01 00:00:00.000000430,3.4499980000000003
1970-01-01 00:00:00.000000431,2.7552790000000003
1970-01-01 00:00:00.000000432,1.018291
1970-01-01 00:00:00.000000433,-1.96816
1970-01-01 00:00:00.000000434,-1.089999
1970-01-01 00:00:00.000000435,1.1553790000000002
1970-01-01 00:00:00.000000436,7.175217
1970-01-01 00:00:00.000000437,3.99745
1970-01-01 00:00:00.000000438,-0.713427
1970-01-01 00:00:00.000000439,-0.172675
1970-01-01 00:00:00.000000440,4.96585
1970-01-01 00:00:00.000000441,7.375103
1970-01-01 00:00:00.000000442,6.154491999999999
1970-01-01 00:00:00.000000443,3.438936
1970-01-01 00:00:00.000000444,2.715248
1970-01-01 00:00:00.000000445,2.091366
1970-01-01 00:00:00.000000446,0.697155
1970-01-01 00:00:00.000000447,-0.6524840000000001
1970-01-01 00:00:00.000000448,-2.081854
1970-01-01 00:00:00.000000449,-2.694298
1970-01-01 00:00:00.000000450,-1.51586
1970-01-01 00:00:00.000000451,-1.374527
1970-01-01 00:00:00.000000452,-3.3921900000000003
1970-01-01 00:00:00.000000453,-4.699077
1970-01-01 00:00:00.000000454,-6.790508999999999
1970-01-01 00:00:00.000000455,-7.14538
1970-01-01 00:00:00.000000456,-5.3611580000000005
1970-01-01 00:00:00.000000457,-4.718353
1970-01-01 00:00:00.000000458,-3.626808
1970-01-01 00:00:00.000000459,-2.501997
1970-01-01 00:00:00.000000460,-1.318555
1970-01-01 00:00:00.000000461,0.181413
1970-01-01 00:00:00.000000462,2.044186
1970-01-01 00:00:00.000000463,3.450461
1970-01-01 00:00:00.000000464,3.773605
1970-01-01 00:00:00.000000465,3.70638
1970-01-01 00:00:00.000000466,3.175224
1970-01-01 00:00:00.000000467,2.200967
1970-01-01 00:00:00.000000468,-1.7283849999999998
1970-01-01 00:00:00.000000469,-1.690014
1970-01-01 00:00:00.000000470,0.7601359999999999
1970-01-01 00:00:00.000000471,2.46939
1970-01-01 00:00:00.000000472,2.176748
1970-01-01 00:00:00.000000473,2.267745
1970-01-01 00:00:00.000000474,5.606425
1970-01-01 00:00:00.000000475,8.921063
1970-01-01 00:00:00.000000476,7.215981
1970-01-01 00:00:00.000000477,3.846412
1970-01-01 00:00:00.000000478,3.04137
1970-01-01 00:00:00.000000479,2.95658
1970-01-01 00:00:00.000000480,1.393339
1970-01-01 00:00:00.000000481,0.009222
1970-01-01 00:00:00.000000482,-1.121574
1970-01-01 00:00:00.000000483,-2.436913
1970-01-01 00:00:00.000000484,-2.228671
1970-01-01 00:00:00.000000485,-2.239596
1970-01-01 00:00:00.000000486,-3.3800550000000005
1970-01-01 00:00:00.000000487,-4.40615
1970-01-01 00:00:00.000000488,-7.295083999999999
1970-01-01 00:00:00.000000489,-8.02634
1970-01-01 00:00:00.000000490,-5.380827
1970-01-01 00:00:00.000000491,-6.111908000000001
1970-01-01 00:00:00.000000492,-6.5252930000000005
1970-01-01 00:00:00.000000493,-2.172498
1970-01-01 00:00:00.000000494,-1.217936
1970-01-01 00:00:00.000000495,0.2758469999999999
1970-01-01 00:00:00.000000496,2.031048
1970-01-01 00:00:00.000000497,3.650103
1970-01-01 00:00:00.000000498,3.225151
1970-01-01 00:00:00.000000499,3.78244
1970-01-01 00:00:00.000000500,3.435189
1970-01-01 00:00:00.000000501,2.545663
1970-01-01 00:00:00.000000502,-1.460946
1970-01-01 00:00:00.000000503,-1.6813790000000002
1970-01-01 00:00:00.000000504,0.2118929999999999
1970-01-01 00:00:00.000000505,4.6198440000000005
1970-01-01 00:00:00.000000506,2.446707
1970-01-01 00:00:00.000000507,0.020915
1970-01-01 00:00:00.000000508,1.3389879999999998
1970-01-01 00:00:00.000000509,7.437788
1970-01-01 00:00:00.000000510,10.105667
1970-01-01 00:00:00.000000511,6.331938
1970-01-01 00:00:00.000000512,3.910281
1970-01-01 00:00:00.000000513,2.843054
1970-01-01 00:00:00.000000514,1.488821
1970-01-01 00:00:00.000000515,0.142205
1970-01-01 00:00:00.000000516,-1.102215
1970-01-01 00:00:00.000000517,-1.594291
1970-01-01 00:00:00.000000518,-2.825114
1970-01-01 00:00:00.000000519,-2.736666
1970-01-01 00:00:00.000000520,-3.48602
1970-01-01 00:00:00.000000521,-3.734683
1970-01-01 00:00:00.000000522,-4.42751
1970-01-01 00:00:00.000000523,-7.484694
1970-01-01 00:00:00.000000524,-8.606292999999999
1970-01-01 00:00:00.000000525,-6.261378
1970-01-01 00:00:00.000000526,-5.80656
1970-01-01 00:00:00.000000527,-5.2144900000000005
1970-01-01 00:00:00.000000528,-2.125648
1970-01-01 00:00:00.000000529,-0.132131
1970-01-01 00:00:00.000000530,1.75488
1970-01-01 00:00:00.000000531,2.995102
1970-01-01 00:00:00.000000532,4.0605080000000005
1970-01-01 00:00:00.000000533,4.244279
1970-01-01 00:00:00.000000534,4.7195730000000005
1970-01-01 00:00:00.000000535,3.400513
1970-01-01 00:00:00.000000536,2.198612
1970-01-01 00:00:00.000000537,-2.0069630000000003
1970-01-01 00:00:00.000000538,-2.538643
1970-01-01 00:00:00.000000539,-0.6530630000000001
1970-01-01 00:00:00.000000540,2.852394
1970-01-01 00:00:00.000000541,1.426828
1970-01-01 00:00:00.000000542,-1.032551
1970-01-01 00:00:00.000000543,1.102293
1970-01-01 00:00:00.000000544,7.41067
1970-01-01 00:00:00.000000545,10.450259
1970-01-01 00:00:00.000000546,5.683953
1970-01-01 00:00:00.000000547,2.720407
1970-01-01 00:00:00.000000548,3.26925
1970-01-01 00:00:00.000000549,2.409807
1970-01-01 00:00:00.000000550,0.944373
1970-01-01 00:00:00.000000551,-0.773839
1970-01-01 00:00:00.000000552,-1.674349
1970-01-01 00:00:00.000000553,-2.811564
1970-01-01 00:00:00.000000554,-2.308023
1970-01-01 00:00:00.000000555,-2.5864990000000003
1970-01-01 00:00:00.000000556,-3.920039
1970-01-01 00:00:00.000000557,-4.207078
1970-01-01 00:00:00.000000558,-5.516783
1970-01-01 00:00:00.000000559,-7.169509
1970-01-01 00:00:00.000000560,-5.829171
1970-01-01 00:00:00.000000561,-5.048592
1970-01-01 00:00:00.000000562,-4.376089
1970-01-01 00:00:00.000000563,-3.3293440000000003
1970-01-01 00:00:00.000000564,-1.2662870000000002
1970-01-01 00:00:00.000000565,0.693984
1970-01-01 00:00:00.000000566,2.483337
1970-01-01 00:00:00.000000567,4.079894
1970-01-01 00:00:00.000000568,4.2021690000000005
1970-01-01 00:00:00.000000569,3.991069
1970-01-01 00:00:00.000000570,3.199172
1970-01-01 00:00:00.000000571,1.711111
1970-01-01 00:00:00.000000572,-2.061806
1970-01-01 00:00:00.000000573,-2.605222
1970-01-01 00:00:00.000000574,0.917429
1970-01-01 00:00:00.000000575,2.263025
1970-01-01 00:00:00.000000576,1.648475
1970-01-01 00:00:00.000000577,1.986726
1970-01-01 00:00:00.000000578,5.527939
1970-01-01 00:00:00.000000579,9.091297
1970-01-01 00:00:00.000000580,4.9200870000000005
1970-01-01 00:00:00.000000581,2.812953
1970-01-01 00:00:00.000000582,2.508939
1970-01-01 00:00:00.000000583,2.057982
1970-01-01 00:00:00.000000584,1.000239
1970-01-01 00:00:00.000000585,-0.191846
1970-01-01 00:00:00.000000586,-1.624523
1970-01-01 00:00:00.000000587,-3.105228
1970-01-01 00:00:00.000000588,-1.986525
1970-01-01 00:00:00.000000589,-1.59729
1970-01-01 00:00:00.000000590,-3.713807
1970-01-01 00:00:00.000000591,-5.014646
1970-01-01 00:00:00.000000592,-7.109882000000001
1970-01-01 00:00:00.000000593,-6.928864999999999
1970-01-01 00:00:00.000000594,-5.727738
1970-01-01 00:00:00.000000595,-4.871788
1970-01-01 00:00:00.000000596,-3.489168
1970-01-01 00:00:00.000000597,-2.205076
1970-01-01 00:00:00.000000598,-0.913948
1970-01-01 00:00:00.000000599,0.813384
1970-01-01 00:00:00.000000600,2.583489
1970-01-01 00:00:00.000000601,4.388732
1970-01-01 00:00:00.000000602,4.890209
1970-01-01 00:00:00.000000603,4.494707
1970-01-01 00:00:00.000000604,3.3864080000000003
1970-01-01 00:00:00.000000605,2.562649
1970-01-01 00:00:00.000000606,-2.181443
1970-01-01 00:00:00.000000607,-2.896729
1970-01-01 00:00:00.000000608,-0.588147
1970-01-01 00:00:00.000000609,3.162722
1970-01-01 00:00:00.000000610,1.685431
1970-01-01 00:00:00.000000611,1.170727
1970-01-01 00:00:00.000000612,4.457041
1970-01-01 00:00:00.000000613,8.350014999999999
1970-01-01 00:00:00.000000614,7.353899
1970-01-01 00:00:00.000000615,4.103498
1970-01-01 00:00:00.000000616,2.861022
1970-01-01 00:00:00.000000617,2.560828
1970-01-01 00:00:00.000000618,1.922505
1970-01-01 00:00:00.000000619,0.634139
1970-01-01 00:00:00.000000620,-0.711875
1970-01-01 00:00:00.000000621,-2.374166
1970-01-01 00:00:00.000000622,-3.061774
1970-01-01 00:00:00.000000623,-2.526565
1970-01-01 00:00:00.000000624,-2.141952
1970-01-01 00:00:00.000000625,-3.753803
1970-01-01 00:00:00.000000626,-4.267725
1970-01-01 00:00:00.000000627,-8.016147
1970-01-01 00:00:00.000000628,-9.794188
1970-01-01 00:00:00.000000629,-6.456780999999999
1970-01-01 00:00:00.000000630,-5.419015
1970-01-01 00:00:00.000000631,-4.7629220000000005
1970-01-01 00:00:00.000000632,-3.02825
1970-01-01 00:00:00.000000633,-1.059269
1970-01-01 00:00:00.000000634,1.03516
1970-01-01 00:00:00.000000635,2.989833
1970-01-01 00:00:00.000000636,5.340662
1970-01-01 00:00:00.000000637,6.105478
1970-01-01 00:00:00.000000638,3.703817
1970-01-01 00:00:00.000000639,2.955797
1970-01-01 00:00:00.000000640,0.355761
1970-01-01 00:00:00.000000641,-2.435676
1970-01-01 00:00:00.000000642,-1.7922
1970-01-01 00:00:00.000000643,3.774154
1970-01-01 00:00:00.000000644,3.903032
1970-01-01 00:00:00.000000645,-0.545334
1970-01-01 00:00:00.000000646,-0.986097
1970-01-01 00:00:00.000000647,2.348101
1970-01-01 00:00:00.000000648,8.892611
1970-01-01 00:00:00.000000649,10.31136
1970-01-01 00:00:00.000000650,3.549417
1970-01-01 00:00:00.000000651,2.343042
1970-01-01 00:00:00.000000652,2.436551
1970-01-01 00:00:00.000000653,0.983613
1970-01-01 00:00:00.000000654,-0.936328
1970-01-01 00:00:00.000000655,-1.6938220000000002
1970-01-01 00:00:00.000000656,-2.713144
1970-01-01 00:00:00.000000657,-2.7534110000000003
1970-01-01 00:00:00.000000658,-2.675666
1970-01-01 00:00:00.000000659,-3.715215
1970-01-01 00:00:00.000000660,-3.731733
1970-01-01 00:00:00.000000661,-5.587685
1970-01-01 00:00:00.000000662,-8.631765
1970-01-01 00:00:00.000000663,-6.852513
1970-01-01 00:00:00.000000664,-5.155841000000001
1970-01-01 00:00:00.000000665,-4.559436
1970-01-01 00:00:00.000000666,-3.268391
1970-01-01 00:00:00.000000667,-1.572663
1970-01-01 00:00:00.000000668,0.351905
1970-01-01 00:00:00.000000669,2.077729
1970-01-01 00:00:00.000000670,4.012076
1970-01-01 00:00:00.000000671,5.640632
1970-01-01 00:00:00.000000672,5.186085
1970-01-01 00:00:00.000000673,3.269703
1970-01-01 00:00:00.000000674,2.73158
1970-01-01 00:00:00.000000675,-1.950212
1970-01-01 00:00:00.000000676,-3.075616
1970-01-01 00:00:00.000000677,-0.716675
1970-01-01 00:00:00.000000678,2.9574740000000004
1970-01-01 00:00:00.000000679,1.814682
1970-01-01 00:00:00.000000680,0.309888
1970-01-01 00:00:00.000000681,3.113189
1970-01-01 00:00:00.000000682,8.592332
1970-01-01 00:00:00.000000683,9.397532
1970-01-01 00:00:00.000000684,4.704216000000001
1970-01-01 00:00:00.000000685,3.236579
1970-01-01 00:00:00.000000686,3.005617
1970-01-01 00:00:00.000000687,2.34936
1970-01-01 00:00:00.000000688,1.265662
1970-01-01 00:00:00.000000689,-0.422596
1970-01-01 00:00:00.000000690,-1.7964919999999998
1970-01-01 00:00:00.000000691,-2.463718
1970-01-01 00:00:00.000000692,-1.935615
1970-01-01 00:00:00.000000693,-1.484457
1970-01-01 00:00:00.000000694,-3.170982
1970-01-01 00:00:00.000000695,-3.737112
1970-01-01 00:00:00.000000696,-5.122526000000001
1970-01-01 00:00:00.000000697,-7.969602
1970-01-01 00:00:00.000000698,-6.534345
1970-01-01 00:00:00.000000699,-4.676103
1970-01-01 00:00:00.000000700,-3.913985
1970-01-01 00:00:00.000000701,-3.162892
1970-01-01 00:00:00.000000702,-2.146501
1970-01-01 00:00:00.000000703,-0.792383
1970-01-01 00:00:00.000000704,0.903517
1970-01-01 00:00:00.000000705,2.817991
1970-01-01 00:00:00.000000706,4.831074
1970-01-01 00:00:00.000000707,4.316276
1970-01-01 00:00:00.000000708,2.9851970000000003
1970-01-01 00:00:00.000000709,2.575541
1970-01-01 00:00:00.000000710,-0.5039140000000001
1970-01-01 00:00:00.000000711,-3.135456
1970-01-01 00:00:00.000000712,-1.157266
1970-01-01 00:00:00.000000713,3.779676
1970-01-01 00:00:00.000000714,2.594151
1970-01-01 00:00:00.000000715,-0.212871
1970-01-01 00:00:00.000000716,1.558713
1970-01-01 00:00:00.000000717,5.671483
1970-01-01 00:00:00.000000718,7.310014
1970-01-01 00:00:00.000000719,4.032514
1970-01-01 00:00:00.000000720,3.018909
1970-01-01 00:00:00.000000721,3.005532
1970-01-01 00:00:00.000000722,2.515279
1970-01-01 00:00:00.000000723,0.535688
1970-01-01 00:00:00.000000724,-1.575105
1970-01-01 00:00:00.000000725,-3.156559
1970-01-01 00:00:00.000000726,-1.99908
1970-01-01 00:00:00.000000727,-1.581612
1970-01-01 00:00:00.000000728,-1.692653
1970-01-01 00:00:00.000000729,-4.202213
1970-01-01 00:00:00.000000730,-5.814866
1970-01-01 00:00:00.000000731,-8.013072
1970-01-01 00:00:00.000000732,-6.542885
1970-01-01 00:00:00.000000733,-5.050934
1970-01-01 00:00:00.000000734,-3.767439
1970-01-01 00:00:00.000000735,-3.084491
1970-01-01 00:00:00.000000736,-1.816335
1970-01-01 00:00:00.000000737,-0.718671
1970-01-01 00:00:00.000000738,0.89636
1970-01-01 00:00:00.000000739,2.840303
1970-01-01 00:00:00.000000740,5.314746
1970-01-01 00:00:00.000000741,5.407678
1970-01-01 00:00:00.000000742,3.359964
1970-01-01 00:00:00.000000743,2.6875310000000003
1970-01-01 00:00:00.000000744,-2.017795
1970-01-01 00:00:00.000000745,-3.501393
1970-01-01 00:00:00.000000746,-1.941292
1970-01-01 00:00:00.000000747,3.953926
1970-01-01 00:00:00.000000748,2.832555
1970-01-01 00:00:00.000000749,-1.242836
1970-01-01 00:00:00.000000750,0.455795
1970-01-01 00:00:00.000000751,4.976114
1970-01-01 00:00:00.000000752,8.529432
1970-01-01 00:00:00.000000753,6.201982
1970-01-01 00:00:00.000000754,3.207366
1970-01-01 00:00:00.000000755,2.947979
1970-01-01 00:00:00.000000756,2.618526
1970-01-01 00:00:00.000000757,1.292319
1970-01-01 00:00:00.000000758,0.13857
1970-01-01 00:00:00.000000759,-0.99529
1970-01-01 00:00:00.000000760,-2.21886
1970-01-01 00:00:00.000000761,-2.320148
1970-01-01 00:00:00.000000762,-1.6756779999999998
1970-01-01 00:00:00.000000763,-1.594683
1970-01-01 00:00:00.000000764,-3.408803
1970-01-01 00:00:00.000000765,-3.929987
1970-01-01 00:00:00.000000766,-5.123977
1970-01-01 00:00:00.000000767,-6.117015
1970-01-01 00:00:00.000000768,-5.487923
1970-01-01 00:00:00.000000769,-4.513883
1970-01-01 00:00:00.000000770,-3.639346
1970-01-01 00:00:00.000000771,-2.514583
1970-01-01 00:00:00.000000772,-0.891086
1970-01-01 00:00:00.000000773,0.305876
1970-01-01 00:00:00.000000774,1.80342
1970-01-01 00:00:00.000000775,3.0834040000000003
1970-01-01 00:00:00.000000776,4.251048
1970-01-01 00:00:00.000000777,4.35571
1970-01-01 00:00:00.000000778,3.29827
1970-01-01 00:00:00.000000779,1.839609
1970-01-01 00:00:00.000000780,-3.071496
1970-01-01 00:00:00.000000781,-4.251993
1970-01-01 00:00:00.000000782,-1.032581
1970-01-01 00:00:00.000000783,2.218751
1970-01-01 00:00:00.000000784,1.342474
1970-01-01 00:00:00.000000785,-0.248915
1970-01-01 00:00:00.000000786,3.5485620000000004
1970-01-01 00:00:00.000000787,7.577656
1970-01-01 00:00:00.000000788,8.016102
1970-01-01 00:00:00.000000789,5.868258999999999
