time_captured,std_6_sub_12_rotationRate.y
1970-01-01 00:00:00.000000000,0.185952
1970-01-01 00:00:00.000000001,0.233918
1970-01-01 00:00:00.000000002,0.222173
1970-01-01 00:00:00.000000003,0.231707
1970-01-01 00:00:00.000000004,0.277382
1970-01-01 00:00:00.000000005,0.353923
1970-01-01 00:00:00.000000006,0.363361
1970-01-01 00:00:00.000000007,0.313236
1970-01-01 00:00:00.000000008,0.298251
1970-01-01 00:00:00.000000009,0.276895
1970-01-01 00:00:00.000000010,0.201284
1970-01-01 00:00:00.000000011,0.112927
1970-01-01 00:00:00.000000012,0.057558
1970-01-01 00:00:00.000000013,0.008546
1970-01-01 00:00:00.000000014,-0.037229
1970-01-01 00:00:00.000000015,-0.057402
1970-01-01 00:00:00.000000016,-0.071105
1970-01-01 00:00:00.000000017,-0.118879
1970-01-01 00:00:00.000000018,-0.19233
1970-01-01 00:00:00.000000019,-0.187132
1970-01-01 00:00:00.000000020,-0.192557
1970-01-01 00:00:00.000000021,-0.231033
1970-01-01 00:00:00.000000022,-0.297214
1970-01-01 00:00:00.000000023,-0.316503
1970-01-01 00:00:00.000000024,-0.281355
1970-01-01 00:00:00.000000025,-0.216378
1970-01-01 00:00:00.000000026,-0.173814
1970-01-01 00:00:00.000000027,-0.167432
1970-01-01 00:00:00.000000028,-0.196176
1970-01-01 00:00:00.000000029,-0.253722
1970-01-01 00:00:00.000000030,-0.271847
1970-01-01 00:00:00.000000031,-0.255878
1970-01-01 00:00:00.000000032,-0.220626
1970-01-01 00:00:00.000000033,-0.2123219999999999
1970-01-01 00:00:00.000000034,-0.174023
1970-01-01 00:00:00.000000035,-0.060052
1970-01-01 00:00:00.000000036,0.006959
1970-01-01 00:00:00.000000037,0.0558409999999999
1970-01-01 00:00:00.000000038,0.198656
1970-01-01 00:00:00.000000039,0.280646
1970-01-01 00:00:00.000000040,0.3434
1970-01-01 00:00:00.000000041,0.342102
1970-01-01 00:00:00.000000042,0.34415
1970-01-01 00:00:00.000000043,0.2482
1970-01-01 00:00:00.000000044,0.285586
1970-01-01 00:00:00.000000045,0.384694
1970-01-01 00:00:00.000000046,0.50292
1970-01-01 00:00:00.000000047,0.560736
1970-01-01 00:00:00.000000048,0.568442
1970-01-01 00:00:00.000000049,0.4961529999999999
1970-01-01 00:00:00.000000050,0.308873
1970-01-01 00:00:00.000000051,0.163053
1970-01-01 00:00:00.000000052,0.264314
1970-01-01 00:00:00.000000053,0.415722
1970-01-01 00:00:00.000000054,0.428667
1970-01-01 00:00:00.000000055,0.380816
1970-01-01 00:00:00.000000056,0.34243
1970-01-01 00:00:00.000000057,0.294392
1970-01-01 00:00:00.000000058,0.233613
1970-01-01 00:00:00.000000059,0.1632839999999999
1970-01-01 00:00:00.000000060,0.107838
1970-01-01 00:00:00.000000061,0.099187
1970-01-01 00:00:00.000000062,0.153435
1970-01-01 00:00:00.000000063,0.205625
1970-01-01 00:00:00.000000064,0.213135
1970-01-01 00:00:00.000000065,0.174868
1970-01-01 00:00:00.000000066,0.118473
1970-01-01 00:00:00.000000067,0.055665
1970-01-01 00:00:00.000000068,0.002467
1970-01-01 00:00:00.000000069,-0.043257
1970-01-01 00:00:00.000000070,-0.087995
1970-01-01 00:00:00.000000071,-0.1040089999999999
1970-01-01 00:00:00.000000072,-0.09025
1970-01-01 00:00:00.000000073,-0.076511
1970-01-01 00:00:00.000000074,-0.081907
1970-01-01 00:00:00.000000075,-0.114971
1970-01-01 00:00:00.000000076,-0.156476
1970-01-01 00:00:00.000000077,-0.173438
1970-01-01 00:00:00.000000078,-0.173343
1970-01-01 00:00:00.000000079,-0.161569
1970-01-01 00:00:00.000000080,-0.176447
1970-01-01 00:00:00.000000081,-0.197717
1970-01-01 00:00:00.000000082,-0.2232579999999999
1970-01-01 00:00:00.000000083,-0.2306929999999999
1970-01-01 00:00:00.000000084,-0.222119
1970-01-01 00:00:00.000000085,-0.213534
1970-01-01 00:00:00.000000086,-0.197488
1970-01-01 00:00:00.000000087,-0.19102
1970-01-01 00:00:00.000000088,-0.192012
1970-01-01 00:00:00.000000089,-0.19411
1970-01-01 00:00:00.000000090,-0.177069
1970-01-01 00:00:00.000000091,-0.162193
1970-01-01 00:00:00.000000092,-0.138819
1970-01-01 00:00:00.000000093,-0.1026779999999999
1970-01-01 00:00:00.000000094,-0.067617
1970-01-01 00:00:00.000000095,-0.035716
1970-01-01 00:00:00.000000096,-0.000505
1970-01-01 00:00:00.000000097,0.02623
1970-01-01 00:00:00.000000098,0.0455029999999999
1970-01-01 00:00:00.000000099,0.057302
1970-01-01 00:00:00.000000100,0.05951
1970-01-01 00:00:00.000000101,0.0701789999999999
1970-01-01 00:00:00.000000102,0.118097
1970-01-01 00:00:00.000000103,0.160728
1970-01-01 00:00:00.000000104,0.196927
1970-01-01 00:00:00.000000105,0.219261
1970-01-01 00:00:00.000000106,0.2245199999999999
1970-01-01 00:00:00.000000107,0.231923
1970-01-01 00:00:00.000000108,0.272373
1970-01-01 00:00:00.000000109,0.32563
1970-01-01 00:00:00.000000110,0.3831239999999999
1970-01-01 00:00:00.000000111,0.429932
1970-01-01 00:00:00.000000112,0.460732
1970-01-01 00:00:00.000000113,0.4851979999999999
1970-01-01 00:00:00.000000114,0.486295
1970-01-01 00:00:00.000000115,0.489483
1970-01-01 00:00:00.000000116,0.518239
1970-01-01 00:00:00.000000117,0.551243
1970-01-01 00:00:00.000000118,0.561871
1970-01-01 00:00:00.000000119,0.565077
1970-01-01 00:00:00.000000120,0.556581
1970-01-01 00:00:00.000000121,0.534222
1970-01-01 00:00:00.000000122,0.504366
1970-01-01 00:00:00.000000123,0.4744569999999999
1970-01-01 00:00:00.000000124,0.457294
1970-01-01 00:00:00.000000125,0.441205
1970-01-01 00:00:00.000000126,0.412193
1970-01-01 00:00:00.000000127,0.401437
1970-01-01 00:00:00.000000128,0.380078
1970-01-01 00:00:00.000000129,0.349198
1970-01-01 00:00:00.000000130,0.325782
1970-01-01 00:00:00.000000131,0.2565679999999999
1970-01-01 00:00:00.000000132,0.196918
1970-01-01 00:00:00.000000133,0.130838
1970-01-01 00:00:00.000000134,0.089215
1970-01-01 00:00:00.000000135,0.050774
1970-01-01 00:00:00.000000136,0.010228
1970-01-01 00:00:00.000000137,-0.028199
1970-01-01 00:00:00.000000138,-0.057011
1970-01-01 00:00:00.000000139,-0.068718
1970-01-01 00:00:00.000000140,-0.029393
1970-01-01 00:00:00.000000141,-0.046671
1970-01-01 00:00:00.000000142,-0.102313
1970-01-01 00:00:00.000000143,-0.161163
1970-01-01 00:00:00.000000144,-0.141094
1970-01-01 00:00:00.000000145,-0.0900929999999999
1970-01-01 00:00:00.000000146,-0.062402
1970-01-01 00:00:00.000000147,-0.030222
1970-01-01 00:00:00.000000148,-0.004366
1970-01-01 00:00:00.000000149,0.032246
1970-01-01 00:00:00.000000150,0.0241289999999999
1970-01-01 00:00:00.000000151,0.014861
1970-01-01 00:00:00.000000152,0.001286
1970-01-01 00:00:00.000000153,-0.0261889999999999
1970-01-01 00:00:00.000000154,-0.060135
1970-01-01 00:00:00.000000155,-0.084537
1970-01-01 00:00:00.000000156,-0.081331
1970-01-01 00:00:00.000000157,-0.061136
1970-01-01 00:00:00.000000158,-0.03134
1970-01-01 00:00:00.000000159,0.0038079999999999
1970-01-01 00:00:00.000000160,0.041088
1970-01-01 00:00:00.000000161,0.081534
1970-01-01 00:00:00.000000162,0.104876
1970-01-01 00:00:00.000000163,0.101534
1970-01-01 00:00:00.000000164,0.0875529999999999
1970-01-01 00:00:00.000000165,0.067255
1970-01-01 00:00:00.000000166,0.072599
1970-01-01 00:00:00.000000167,0.100346
1970-01-01 00:00:00.000000168,0.116428
1970-01-01 00:00:00.000000169,0.112277
1970-01-01 00:00:00.000000170,0.113462
1970-01-01 00:00:00.000000171,0.116763
1970-01-01 00:00:00.000000172,0.108318
1970-01-01 00:00:00.000000173,0.090269
1970-01-01 00:00:00.000000174,0.074317
1970-01-01 00:00:00.000000175,0.0625889999999999
1970-01-01 00:00:00.000000176,0.051889
1970-01-01 00:00:00.000000177,0.0465
1970-01-01 00:00:00.000000178,0.044281
1970-01-01 00:00:00.000000179,0.049523
1970-01-01 00:00:00.000000180,0.0505399999999999
1970-01-01 00:00:00.000000181,0.0483839999999999
1970-01-01 00:00:00.000000182,0.033462
1970-01-01 00:00:00.000000183,0.020674
1970-01-01 00:00:00.000000184,0.012137
1970-01-01 00:00:00.000000185,0.001477
1970-01-01 00:00:00.000000186,-0.009192
1970-01-01 00:00:00.000000187,-0.012387
1970-01-01 00:00:00.000000188,-0.001712
1970-01-01 00:00:00.000000189,0.019608
1970-01-01 00:00:00.000000190,0.040958
1970-01-01 00:00:00.000000191,0.052769
1970-01-01 00:00:00.000000192,0.04545
1970-01-01 00:00:00.000000193,0.020058
1970-01-01 00:00:00.000000194,0.003149
1970-01-01 00:00:00.000000195,-0.008464
1970-01-01 00:00:00.000000196,-0.005208
1970-01-01 00:00:00.000000197,-0.008366
1970-01-01 00:00:00.000000198,-0.021163
1970-01-01 00:00:00.000000199,-0.052132
1970-01-01 00:00:00.000000200,-0.077856
1970-01-01 00:00:00.000000201,-0.08551
1970-01-01 00:00:00.000000202,-0.077198
1970-01-01 00:00:00.000000203,-0.0688759999999999
1970-01-01 00:00:00.000000204,-0.070123
1970-01-01 00:00:00.000000205,-0.069223
1970-01-01 00:00:00.000000206,-0.0618649999999999
1970-01-01 00:00:00.000000207,-0.0490699999999999
1970-01-01 00:00:00.000000208,-0.03301
1970-01-01 00:00:00.000000209,-0.020124
1970-01-01 00:00:00.000000210,-0.005084
1970-01-01 00:00:00.000000211,0.000379
1970-01-01 00:00:00.000000212,0.000478
1970-01-01 00:00:00.000000213,-0.003732
1970-01-01 00:00:00.000000214,-0.009062
1970-01-01 00:00:00.000000215,-0.005903
1970-01-01 00:00:00.000000216,0.006811
1970-01-01 00:00:00.000000217,0.01737
1970-01-01 00:00:00.000000218,0.0194139999999999
1970-01-01 00:00:00.000000219,0.024633
1970-01-01 00:00:00.000000220,0.020287
1970-01-01 00:00:00.000000221,0.003162
1970-01-01 00:00:00.000000222,-0.021362
1970-01-01 00:00:00.000000223,-0.033052
1970-01-01 00:00:00.000000224,-0.0479399999999999
1970-01-01 00:00:00.000000225,-0.057509
1970-01-01 00:00:00.000000226,-0.073484
1970-01-01 00:00:00.000000227,-0.085189
1970-01-01 00:00:00.000000228,-0.106485
1970-01-01 00:00:00.000000229,-0.141665
1970-01-01 00:00:00.000000230,-0.161067
1970-01-01 00:00:00.000000231,-0.141989
1970-01-01 00:00:00.000000232,-0.10907
1970-01-01 00:00:00.000000233,-0.091071
1970-01-01 00:00:00.000000234,-0.078345
1970-01-01 00:00:00.000000235,-0.061284
1970-01-01 00:00:00.000000236,-0.069802
1970-01-01 00:00:00.000000237,-0.085823
1970-01-01 00:00:00.000000238,-0.109857
1970-01-01 00:00:00.000000239,-0.10662
1970-01-01 00:00:00.000000240,-0.088385
1970-01-01 00:00:00.000000241,-0.086112
1970-01-01 00:00:00.000000242,-0.085999
1970-01-01 00:00:00.000000243,-0.088017
1970-01-01 00:00:00.000000244,-0.094325
1970-01-01 00:00:00.000000245,-0.08892
1970-01-01 00:00:00.000000246,-0.065416
1970-01-01 00:00:00.000000247,-0.049369
1970-01-01 00:00:00.000000248,-0.04611
1970-01-01 00:00:00.000000249,-0.051414
1970-01-01 00:00:00.000000250,-0.055687
1970-01-01 00:00:00.000000251,-0.055734
1970-01-01 00:00:00.000000252,-0.047234
1970-01-01 00:00:00.000000253,-0.0302269999999999
1970-01-01 00:00:00.000000254,-0.0100209999999999
1970-01-01 00:00:00.000000255,0.010206
1970-01-01 00:00:00.000000256,0.025135
1970-01-01 00:00:00.000000257,0.028348
1970-01-01 00:00:00.000000258,0.020893
1970-01-01 00:00:00.000000259,0.016614
1970-01-01 00:00:00.000000260,0.018753
1970-01-01 00:00:00.000000261,0.0326269999999999
1970-01-01 00:00:00.000000262,0.041063
1970-01-01 00:00:00.000000263,0.036831
1970-01-01 00:00:00.000000264,0.024083
1970-01-01 00:00:00.000000265,0.019832
1970-01-01 00:00:00.000000266,0.0155539999999999
1970-01-01 00:00:00.000000267,0.007017
1970-01-01 00:00:00.000000268,0.0016989999999999
1970-01-01 00:00:00.000000269,-0.004676
1970-01-01 00:00:00.000000270,-0.008882
1970-01-01 00:00:00.000000271,-0.001388
1970-01-01 00:00:00.000000272,0.007164
1970-01-01 00:00:00.000000273,0.005035
1970-01-01 00:00:00.000000274,-0.00669
1970-01-01 00:00:00.000000275,-0.014121
1970-01-01 00:00:00.000000276,-0.017342
1970-01-01 00:00:00.000000277,-0.0174
1970-01-01 00:00:00.000000278,-0.015321
1970-01-01 00:00:00.000000279,-0.011133
1970-01-01 00:00:00.000000280,-0.014406
1970-01-01 00:00:00.000000281,-0.0261589999999999
1970-01-01 00:00:00.000000282,-0.034662
1970-01-01 00:00:00.000000283,-0.044173
1970-01-01 00:00:00.000000284,-0.0568759999999999
1970-01-01 00:00:00.000000285,-0.074956
1970-01-01 00:00:00.000000286,-0.106889
1970-01-01 00:00:00.000000287,-0.150528
1970-01-01 00:00:00.000000288,-0.184546
1970-01-01 00:00:00.000000289,-0.2090449999999999
1970-01-01 00:00:00.000000290,-0.227207
1970-01-01 00:00:00.000000291,-0.247491
1970-01-01 00:00:00.000000292,-0.257125
1970-01-01 00:00:00.000000293,-0.267875
1970-01-01 00:00:00.000000294,-0.303165
1970-01-01 00:00:00.000000295,-0.3438239999999999
1970-01-01 00:00:00.000000296,-0.36111
1970-01-01 00:00:00.000000297,-0.337937
1970-01-01 00:00:00.000000298,-0.304093
1970-01-01 00:00:00.000000299,-0.274518
1970-01-01 00:00:00.000000300,-0.241696
1970-01-01 00:00:00.000000301,-0.217311
1970-01-01 00:00:00.000000302,-0.252397
1970-01-01 00:00:00.000000303,-0.275681
1970-01-01 00:00:00.000000304,-0.373645
1970-01-01 00:00:00.000000305,-0.513454
1970-01-01 00:00:00.000000306,-0.675628
1970-01-01 00:00:00.000000307,-0.8691180000000001
1970-01-01 00:00:00.000000308,-0.970349
1970-01-01 00:00:00.000000309,-1.000287
1970-01-01 00:00:00.000000310,-1.011375
1970-01-01 00:00:00.000000311,-1.017385
1970-01-01 00:00:00.000000312,-0.930722
1970-01-01 00:00:00.000000313,-0.704901
1970-01-01 00:00:00.000000314,-0.662316
1970-01-01 00:00:00.000000315,-0.585508
1970-01-01 00:00:00.000000316,-0.597325
1970-01-01 00:00:00.000000317,-0.7213470000000001
1970-01-01 00:00:00.000000318,-1.134874
1970-01-01 00:00:00.000000319,-1.142874
1970-01-01 00:00:00.000000320,-0.333192
1970-01-01 00:00:00.000000321,-1.163932
1970-01-01 00:00:00.000000322,-1.7295040000000002
1970-01-01 00:00:00.000000323,-1.508244
1970-01-01 00:00:00.000000324,-1.060206
1970-01-01 00:00:00.000000325,-0.744483
1970-01-01 00:00:00.000000326,-0.707201
1970-01-01 00:00:00.000000327,-0.858641
1970-01-01 00:00:00.000000328,-0.752232
1970-01-01 00:00:00.000000329,-0.706368
1970-01-01 00:00:00.000000330,-0.7692640000000001
1970-01-01 00:00:00.000000331,-0.746819
1970-01-01 00:00:00.000000332,-0.6943590000000001
1970-01-01 00:00:00.000000333,-0.588735
1970-01-01 00:00:00.000000334,-0.644166
1970-01-01 00:00:00.000000335,-0.747466
1970-01-01 00:00:00.000000336,-0.8316100000000001
1970-01-01 00:00:00.000000337,-0.867771
1970-01-01 00:00:00.000000338,-0.900762
1970-01-01 00:00:00.000000339,-0.963802
1970-01-01 00:00:00.000000340,-0.929762
1970-01-01 00:00:00.000000341,-0.882972
1970-01-01 00:00:00.000000342,-0.906253
1970-01-01 00:00:00.000000343,-0.930702
1970-01-01 00:00:00.000000344,-0.893117
1970-01-01 00:00:00.000000345,-0.92079
1970-01-01 00:00:00.000000346,-0.936601
1970-01-01 00:00:00.000000347,-0.8910629999999999
1970-01-01 00:00:00.000000348,-0.781824
1970-01-01 00:00:00.000000349,-0.64283
1970-01-01 00:00:00.000000350,-0.672824
1970-01-01 00:00:00.000000351,-0.685551
1970-01-01 00:00:00.000000352,-0.744031
1970-01-01 00:00:00.000000353,-0.894008
1970-01-01 00:00:00.000000354,-0.6749569999999999
1970-01-01 00:00:00.000000355,-0.4221939999999999
1970-01-01 00:00:00.000000356,-0.405384
1970-01-01 00:00:00.000000357,-0.565102
1970-01-01 00:00:00.000000358,-0.803574
1970-01-01 00:00:00.000000359,-0.780217
1970-01-01 00:00:00.000000360,-0.780033
1970-01-01 00:00:00.000000361,-0.877966
1970-01-01 00:00:00.000000362,-0.755679
1970-01-01 00:00:00.000000363,-0.644796
1970-01-01 00:00:00.000000364,-0.6400899999999999
1970-01-01 00:00:00.000000365,-0.571663
1970-01-01 00:00:00.000000366,-0.455421
1970-01-01 00:00:00.000000367,-0.331819
1970-01-01 00:00:00.000000368,-0.386163
1970-01-01 00:00:00.000000369,-0.407452
1970-01-01 00:00:00.000000370,-0.346784
1970-01-01 00:00:00.000000371,-0.193427
1970-01-01 00:00:00.000000372,0.032438
1970-01-01 00:00:00.000000373,0.168839
1970-01-01 00:00:00.000000374,0.217496
1970-01-01 00:00:00.000000375,0.05534
1970-01-01 00:00:00.000000376,-0.113864
1970-01-01 00:00:00.000000377,-0.1691099999999999
1970-01-01 00:00:00.000000378,-0.20646
1970-01-01 00:00:00.000000379,-0.176764
1970-01-01 00:00:00.000000380,-0.190696
1970-01-01 00:00:00.000000381,-0.352583
1970-01-01 00:00:00.000000382,-0.5603640000000001
1970-01-01 00:00:00.000000383,-0.591313
1970-01-01 00:00:00.000000384,-0.640397
1970-01-01 00:00:00.000000385,-0.7055279999999999
1970-01-01 00:00:00.000000386,-0.731072
1970-01-01 00:00:00.000000387,-0.7960520000000001
1970-01-01 00:00:00.000000388,-0.85874
1970-01-01 00:00:00.000000389,-0.767412
1970-01-01 00:00:00.000000390,-0.637628
1970-01-01 00:00:00.000000391,-0.4023219999999999
1970-01-01 00:00:00.000000392,-0.335971
1970-01-01 00:00:00.000000393,-0.6851729999999999
1970-01-01 00:00:00.000000394,-0.953771
1970-01-01 00:00:00.000000395,-1.070365
1970-01-01 00:00:00.000000396,-0.8803
1970-01-01 00:00:00.000000397,-0.730295
1970-01-01 00:00:00.000000398,-0.668479
1970-01-01 00:00:00.000000399,-0.660075
1970-01-01 00:00:00.000000400,-0.641992
1970-01-01 00:00:00.000000401,-0.5430020000000001
1970-01-01 00:00:00.000000402,-0.6186619999999999
1970-01-01 00:00:00.000000403,-0.746676
1970-01-01 00:00:00.000000404,-0.747107
1970-01-01 00:00:00.000000405,-0.734646
1970-01-01 00:00:00.000000406,-0.74007
1970-01-01 00:00:00.000000407,-0.7986949999999999
1970-01-01 00:00:00.000000408,-0.928821
1970-01-01 00:00:00.000000409,-0.794471
1970-01-01 00:00:00.000000410,-0.571533
1970-01-01 00:00:00.000000411,-0.738254
1970-01-01 00:00:00.000000412,-0.872484
1970-01-01 00:00:00.000000413,-0.716778
1970-01-01 00:00:00.000000414,-0.50702
1970-01-01 00:00:00.000000415,-0.2686489999999999
1970-01-01 00:00:00.000000416,-0.143325
1970-01-01 00:00:00.000000417,-0.215254
1970-01-01 00:00:00.000000418,-0.439467
1970-01-01 00:00:00.000000419,-0.580738
1970-01-01 00:00:00.000000420,-0.6274569999999999
1970-01-01 00:00:00.000000421,-0.735192
1970-01-01 00:00:00.000000422,-0.920351
1970-01-01 00:00:00.000000423,-1.084394
1970-01-01 00:00:00.000000424,-1.014129
1970-01-01 00:00:00.000000425,-0.854289
1970-01-01 00:00:00.000000426,-0.8254
1970-01-01 00:00:00.000000427,-0.781347
1970-01-01 00:00:00.000000428,-0.6617970000000001
1970-01-01 00:00:00.000000429,-0.4464229999999999
1970-01-01 00:00:00.000000430,-0.32169
1970-01-01 00:00:00.000000431,-0.202339
1970-01-01 00:00:00.000000432,-0.173422
1970-01-01 00:00:00.000000433,-0.182902
1970-01-01 00:00:00.000000434,-0.1870349999999999
1970-01-01 00:00:00.000000435,-0.337453
1970-01-01 00:00:00.000000436,-0.362206
1970-01-01 00:00:00.000000437,-0.166371
1970-01-01 00:00:00.000000438,0.082008
1970-01-01 00:00:00.000000439,0.174471
1970-01-01 00:00:00.000000440,0.261799
1970-01-01 00:00:00.000000441,0.267757
1970-01-01 00:00:00.000000442,0.3367489999999999
1970-01-01 00:00:00.000000443,0.311071
1970-01-01 00:00:00.000000444,0.265161
1970-01-01 00:00:00.000000445,0.17542
1970-01-01 00:00:00.000000446,0.063496
1970-01-01 00:00:00.000000447,-0.00441
1970-01-01 00:00:00.000000448,-0.091338
1970-01-01 00:00:00.000000449,-0.23401
1970-01-01 00:00:00.000000450,-0.171889
1970-01-01 00:00:00.000000451,0.220253
1970-01-01 00:00:00.000000452,0.552852
1970-01-01 00:00:00.000000453,0.341586
1970-01-01 00:00:00.000000454,-0.005472
1970-01-01 00:00:00.000000455,-0.304211
1970-01-01 00:00:00.000000456,-0.058832
1970-01-01 00:00:00.000000457,0.332578
1970-01-01 00:00:00.000000458,0.456967
1970-01-01 00:00:00.000000459,0.252782
1970-01-01 00:00:00.000000460,-0.100239
1970-01-01 00:00:00.000000461,-0.1924809999999999
1970-01-01 00:00:00.000000462,-0.128675
1970-01-01 00:00:00.000000463,-0.113868
1970-01-01 00:00:00.000000464,-0.0074129999999999
1970-01-01 00:00:00.000000465,-0.111467
1970-01-01 00:00:00.000000466,-0.106867
1970-01-01 00:00:00.000000467,-0.267328
1970-01-01 00:00:00.000000468,-0.342902
1970-01-01 00:00:00.000000469,-0.4518479999999999
1970-01-01 00:00:00.000000470,-0.512808
1970-01-01 00:00:00.000000471,-0.383959
1970-01-01 00:00:00.000000472,-0.107127
1970-01-01 00:00:00.000000473,-0.065633
1970-01-01 00:00:00.000000474,0.018305
1970-01-01 00:00:00.000000475,0.1574829999999999
1970-01-01 00:00:00.000000476,0.148419
1970-01-01 00:00:00.000000477,0.1469109999999999
1970-01-01 00:00:00.000000478,-0.055288
1970-01-01 00:00:00.000000479,-0.28396
1970-01-01 00:00:00.000000480,-0.352995
1970-01-01 00:00:00.000000481,-0.381611
1970-01-01 00:00:00.000000482,-0.552992
1970-01-01 00:00:00.000000483,-0.578542
1970-01-01 00:00:00.000000484,-0.5688880000000001
1970-01-01 00:00:00.000000485,-0.533782
1970-01-01 00:00:00.000000486,-0.412722
1970-01-01 00:00:00.000000487,-0.303462
1970-01-01 00:00:00.000000488,-0.227046
1970-01-01 00:00:00.000000489,-0.134429
1970-01-01 00:00:00.000000490,-0.0715799999999999
1970-01-01 00:00:00.000000491,-0.073766
1970-01-01 00:00:00.000000492,-0.077955
1970-01-01 00:00:00.000000493,-0.049027
1970-01-01 00:00:00.000000494,-0.010366
1970-01-01 00:00:00.000000495,-0.06329
1970-01-01 00:00:00.000000496,-0.140863
1970-01-01 00:00:00.000000497,-0.282306
1970-01-01 00:00:00.000000498,-0.443047
1970-01-01 00:00:00.000000499,-0.480311
1970-01-01 00:00:00.000000500,-0.4771399999999999
1970-01-01 00:00:00.000000501,-0.3815659999999999
1970-01-01 00:00:00.000000502,-0.199824
1970-01-01 00:00:00.000000503,-0.048727
1970-01-01 00:00:00.000000504,-0.027442
1970-01-01 00:00:00.000000505,-0.041087
1970-01-01 00:00:00.000000506,-0.112119
1970-01-01 00:00:00.000000507,-0.141738
1970-01-01 00:00:00.000000508,-0.169242
1970-01-01 00:00:00.000000509,-0.185227
1970-01-01 00:00:00.000000510,-0.1574819999999999
1970-01-01 00:00:00.000000511,-0.1138589999999999
1970-01-01 00:00:00.000000512,-0.116171
1970-01-01 00:00:00.000000513,-0.088484
1970-01-01 00:00:00.000000514,0.02873
1970-01-01 00:00:00.000000515,0.141671
1970-01-01 00:00:00.000000516,0.210907
1970-01-01 00:00:00.000000517,0.195969
1970-01-01 00:00:00.000000518,0.186362
1970-01-01 00:00:00.000000519,0.189468
1970-01-01 00:00:00.000000520,0.195824
1970-01-01 00:00:00.000000521,0.237317
1970-01-01 00:00:00.000000522,0.321399
1970-01-01 00:00:00.000000523,0.4097399999999999
1970-01-01 00:00:00.000000524,0.498162
1970-01-01 00:00:00.000000525,0.5556800000000001
1970-01-01 00:00:00.000000526,0.553574
1970-01-01 00:00:00.000000527,0.5355479999999999
1970-01-01 00:00:00.000000528,0.548449
1970-01-01 00:00:00.000000529,0.563463
1970-01-01 00:00:00.000000530,0.548612
1970-01-01 00:00:00.000000531,0.598695
1970-01-01 00:00:00.000000532,0.695657
1970-01-01 00:00:00.000000533,0.8008770000000001
1970-01-01 00:00:00.000000534,0.916664
1970-01-01 00:00:00.000000535,0.890808
1970-01-01 00:00:00.000000536,0.706403
1970-01-01 00:00:00.000000537,0.514904
1970-01-01 00:00:00.000000538,0.4957789999999999
1970-01-01 00:00:00.000000539,0.635155
1970-01-01 00:00:00.000000540,0.796891
1970-01-01 00:00:00.000000541,0.935236
1970-01-01 00:00:00.000000542,1.104568
1970-01-01 00:00:00.000000543,1.250667
1970-01-01 00:00:00.000000544,1.271303
1970-01-01 00:00:00.000000545,1.109128
1970-01-01 00:00:00.000000546,0.979502
1970-01-01 00:00:00.000000547,0.757252
1970-01-01 00:00:00.000000548,0.656704
1970-01-01 00:00:00.000000549,0.87705
1970-01-01 00:00:00.000000550,0.956876
1970-01-01 00:00:00.000000551,0.5406569999999999
1970-01-01 00:00:00.000000552,0.220111
1970-01-01 00:00:00.000000553,0.185742
1970-01-01 00:00:00.000000554,0.29668
1970-01-01 00:00:00.000000555,0.301079
1970-01-01 00:00:00.000000556,0.169869
1970-01-01 00:00:00.000000557,0.076851
1970-01-01 00:00:00.000000558,0.0031609999999999
1970-01-01 00:00:00.000000559,0.008664
1970-01-01 00:00:00.000000560,0.126135
1970-01-01 00:00:00.000000561,0.376295
1970-01-01 00:00:00.000000562,0.563634
1970-01-01 00:00:00.000000563,0.64025
1970-01-01 00:00:00.000000564,0.622257
1970-01-01 00:00:00.000000565,0.449725
1970-01-01 00:00:00.000000566,0.066821
1970-01-01 00:00:00.000000567,-0.249805
1970-01-01 00:00:00.000000568,-0.334958
1970-01-01 00:00:00.000000569,-0.269547
1970-01-01 00:00:00.000000570,-0.243743
1970-01-01 00:00:00.000000571,-0.252318
1970-01-01 00:00:00.000000572,-0.131958
1970-01-01 00:00:00.000000573,0.001388
1970-01-01 00:00:00.000000574,-0.082687
1970-01-01 00:00:00.000000575,-0.222031
1970-01-01 00:00:00.000000576,-0.353045
1970-01-01 00:00:00.000000577,-0.428824
1970-01-01 00:00:00.000000578,-0.485463
1970-01-01 00:00:00.000000579,-0.6848479999999999
1970-01-01 00:00:00.000000580,-0.825701
1970-01-01 00:00:00.000000581,-0.680928
1970-01-01 00:00:00.000000582,-0.4435729999999999
1970-01-01 00:00:00.000000583,-0.389334
1970-01-01 00:00:00.000000584,-0.550271
1970-01-01 00:00:00.000000585,-0.591703
1970-01-01 00:00:00.000000586,-0.54346
1970-01-01 00:00:00.000000587,-0.5742229999999999
1970-01-01 00:00:00.000000588,-0.518893
1970-01-01 00:00:00.000000589,-0.420018
1970-01-01 00:00:00.000000590,-0.512976
1970-01-01 00:00:00.000000591,-0.595218
1970-01-01 00:00:00.000000592,-0.564398
1970-01-01 00:00:00.000000593,-0.559113
1970-01-01 00:00:00.000000594,-0.539944
1970-01-01 00:00:00.000000595,-0.46647
1970-01-01 00:00:00.000000596,-0.385581
1970-01-01 00:00:00.000000597,-0.3377739999999999
1970-01-01 00:00:00.000000598,-0.13844
1970-01-01 00:00:00.000000599,0.021553
1970-01-01 00:00:00.000000600,0.00141
1970-01-01 00:00:00.000000601,-0.056123
1970-01-01 00:00:00.000000602,-0.0955029999999999
1970-01-01 00:00:00.000000603,-0.107079
1970-01-01 00:00:00.000000604,-0.096368
1970-01-01 00:00:00.000000605,-0.073998
1970-01-01 00:00:00.000000606,-0.086747
1970-01-01 00:00:00.000000607,-0.126126
1970-01-01 00:00:00.000000608,-0.140995
1970-01-01 00:00:00.000000609,-0.130303
1970-01-01 00:00:00.000000610,-0.122844
1970-01-01 00:00:00.000000611,-0.099381
1970-01-01 00:00:00.000000612,-0.055558
1970-01-01 00:00:00.000000613,-0.059624
1970-01-01 00:00:00.000000614,-0.0776159999999999
1970-01-01 00:00:00.000000615,-0.073335
1970-01-01 00:00:00.000000616,-0.078571
1970-01-01 00:00:00.000000617,-0.101841
1970-01-01 00:00:00.000000618,-0.1719119999999999
1970-01-01 00:00:00.000000619,-0.274088
1970-01-01 00:00:00.000000620,-0.320837
1970-01-01 00:00:00.000000621,-0.2249219999999999
1970-01-01 00:00:00.000000622,-0.055394
1970-01-01 00:00:00.000000623,0.1099349999999999
1970-01-01 00:00:00.000000624,0.15703
1970-01-01 00:00:00.000000625,-0.028321
1970-01-01 00:00:00.000000626,-0.319717
1970-01-01 00:00:00.000000627,-0.408894
1970-01-01 00:00:00.000000628,-0.32089
1970-01-01 00:00:00.000000629,-0.370936
1970-01-01 00:00:00.000000630,-0.444176
1970-01-01 00:00:00.000000631,-0.188638
1970-01-01 00:00:00.000000632,0.4193989999999999
1970-01-01 00:00:00.000000633,0.682928
1970-01-01 00:00:00.000000634,0.50135
1970-01-01 00:00:00.000000635,0.250276
1970-01-01 00:00:00.000000636,0.05821
1970-01-01 00:00:00.000000637,-0.182338
1970-01-01 00:00:00.000000638,-0.2450639999999999
1970-01-01 00:00:00.000000639,-0.164128
1970-01-01 00:00:00.000000640,-0.085383
1970-01-01 00:00:00.000000641,-0.068436
1970-01-01 00:00:00.000000642,-0.0078
1970-01-01 00:00:00.000000643,0.081572
1970-01-01 00:00:00.000000644,0.144291
1970-01-01 00:00:00.000000645,0.145285
1970-01-01 00:00:00.000000646,0.121847
1970-01-01 00:00:00.000000647,0.117599
1970-01-01 00:00:00.000000648,0.133622
1970-01-01 00:00:00.000000649,0.16135
1970-01-01 00:00:00.000000650,0.184764
1970-01-01 00:00:00.000000651,0.173023
1970-01-01 00:00:00.000000652,0.136825
1970-01-01 00:00:00.000000653,0.083645
1970-01-01 00:00:00.000000654,0.02943
1970-01-01 00:00:00.000000655,-0.008828
1970-01-01 00:00:00.000000656,-0.0332149999999999
1970-01-01 00:00:00.000000657,-0.066116
1970-01-01 00:00:00.000000658,-0.1224329999999999
1970-01-01 00:00:00.000000659,-0.1862319999999999
1970-01-01 00:00:00.000000660,-0.23515
1970-01-01 00:00:00.000000661,-0.2276239999999999
1970-01-01 00:00:00.000000662,-0.200984
1970-01-01 00:00:00.000000663,-0.163727
1970-01-01 00:00:00.000000664,-0.086066
1970-01-01 00:00:00.000000665,0.03836
1970-01-01 00:00:00.000000666,0.073346
1970-01-01 00:00:00.000000667,0.037048
1970-01-01 00:00:00.000000668,-0.003464
1970-01-01 00:00:00.000000669,-0.008799
1970-01-01 00:00:00.000000670,-0.017283
1970-01-01 00:00:00.000000671,-0.044897
1970-01-01 00:00:00.000000672,-0.0480149999999999
1970-01-01 00:00:00.000000673,-0.051179
1970-01-01 00:00:00.000000674,-0.050124
1970-01-01 00:00:00.000000675,-0.041613
1970-01-01 00:00:00.000000676,-0.020308
1970-01-01 00:00:00.000000677,-0.002202
1970-01-01 00:00:00.000000678,-0.022444
1970-01-01 00:00:00.000000679,-0.038446
1970-01-01 00:00:00.000000680,-0.039499
1970-01-01 00:00:00.000000681,-0.035212
1970-01-01 00:00:00.000000682,-0.033058
1970-01-01 00:00:00.000000683,-0.044772
1970-01-01 00:00:00.000000684,-0.053337
1970-01-01 00:00:00.000000685,-0.056616
1970-01-01 00:00:00.000000686,-0.047151
1970-01-01 00:00:00.000000687,0.0155539999999999
1970-01-01 00:00:00.000000688,0.058025
1970-01-01 00:00:00.000000689,0.083494
1970-01-01 00:00:00.000000690,0.086637
1970-01-01 00:00:00.000000691,0.078065
1970-01-01 00:00:00.000000692,0.048185
1970-01-01 00:00:00.000000693,0.059784
1970-01-01 00:00:00.000000694,0.126701
1970-01-01 00:00:00.000000695,0.2319139999999999
1970-01-01 00:00:00.000000696,0.348931
1970-01-01 00:00:00.000000697,0.40656
1970-01-01 00:00:00.000000698,0.208665
1970-01-01 00:00:00.000000699,-0.020073
1970-01-01 00:00:00.000000700,-0.1168049999999999
1970-01-01 00:00:00.000000701,-0.068851
1970-01-01 00:00:00.000000702,0.0429
1970-01-01 00:00:00.000000703,0.1152869999999999
1970-01-01 00:00:00.000000704,0.09405
1970-01-01 00:00:00.000000705,0.024013
1970-01-01 00:00:00.000000706,-0.016413
1970-01-01 00:00:00.000000707,-0.000385
1970-01-01 00:00:00.000000708,0.009217
1970-01-01 00:00:00.000000709,-0.029167
1970-01-01 00:00:00.000000710,-0.030081
1970-01-01 00:00:00.000000711,-0.020141
1970-01-01 00:00:00.000000712,-0.164668
1970-01-01 00:00:00.000000713,-0.310442
1970-01-01 00:00:00.000000714,-0.347636
1970-01-01 00:00:00.000000715,-0.2888949999999999
1970-01-01 00:00:00.000000716,-0.167203
1970-01-01 00:00:00.000000717,-0.122182
1970-01-01 00:00:00.000000718,-0.140072
1970-01-01 00:00:00.000000719,-0.262403
1970-01-01 00:00:00.000000720,-0.519871
1970-01-01 00:00:00.000000721,-0.644081
1970-01-01 00:00:00.000000722,-0.655838
1970-01-01 00:00:00.000000723,-0.6476850000000001
1970-01-01 00:00:00.000000724,-0.485342
1970-01-01 00:00:00.000000725,-0.057894
1970-01-01 00:00:00.000000726,0.744872
1970-01-01 00:00:00.000000727,1.453419
1970-01-01 00:00:00.000000728,1.068163
1970-01-01 00:00:00.000000729,0.4941569999999999
1970-01-01 00:00:00.000000730,0.319687
1970-01-01 00:00:00.000000731,0.178566
1970-01-01 00:00:00.000000732,-0.190694
1970-01-01 00:00:00.000000733,-0.425909
1970-01-01 00:00:00.000000734,-0.505838
1970-01-01 00:00:00.000000735,-0.49317
1970-01-01 00:00:00.000000736,-0.4356239999999999
1970-01-01 00:00:00.000000737,-0.253442
1970-01-01 00:00:00.000000738,0.029672
1970-01-01 00:00:00.000000739,0.155756
1970-01-01 00:00:00.000000740,0.206048
1970-01-01 00:00:00.000000741,0.284463
1970-01-01 00:00:00.000000742,0.4287189999999999
1970-01-01 00:00:00.000000743,0.22695
1970-01-01 00:00:00.000000744,-0.05611
1970-01-01 00:00:00.000000745,-0.019658
1970-01-01 00:00:00.000000746,0.045369
1970-01-01 00:00:00.000000747,0.015614
1970-01-01 00:00:00.000000748,-0.0343129999999999
1970-01-01 00:00:00.000000749,-0.06724
1970-01-01 00:00:00.000000750,-0.067229
1970-01-01 00:00:00.000000751,-0.08
1970-01-01 00:00:00.000000752,-0.101328
1970-01-01 00:00:00.000000753,-0.110968
1970-01-01 00:00:00.000000754,-0.081231
1970-01-01 00:00:00.000000755,-0.034472
1970-01-01 00:00:00.000000756,-0.0164759999999999
1970-01-01 00:00:00.000000757,-0.00268
1970-01-01 00:00:00.000000758,-0.020834
1970-01-01 00:00:00.000000759,-0.031546
1970-01-01 00:00:00.000000760,-0.043323
1970-01-01 00:00:00.000000761,-0.062523
1970-01-01 00:00:00.000000762,-0.0923399999999999
1970-01-01 00:00:00.000000763,-0.1221599999999999
1970-01-01 00:00:00.000000764,-0.118968
1970-01-01 00:00:00.000000765,-0.079519
1970-01-01 00:00:00.000000766,-0.036805
1970-01-01 00:00:00.000000767,-0.010102
1970-01-01 00:00:00.000000768,0.002751
1970-01-01 00:00:00.000000769,-0.0068049999999999
1970-01-01 00:00:00.000000770,-0.0046549999999999
1970-01-01 00:00:00.000000771,0.014553
1970-01-01 00:00:00.000000772,0.023112
1970-01-01 00:00:00.000000773,-0.023704
1970-01-01 00:00:00.000000774,-0.089628
1970-01-01 00:00:00.000000775,-0.129958
1970-01-01 00:00:00.000000776,-0.162885
1970-01-01 00:00:00.000000777,-0.199021
1970-01-01 00:00:00.000000778,-0.163851
1970-01-01 00:00:00.000000779,-0.094664
1970-01-01 00:00:00.000000780,-0.0926029999999999
1970-01-01 00:00:00.000000781,-0.094811
1970-01-01 00:00:00.000000782,-0.001222
1970-01-01 00:00:00.000000783,0.17213
1970-01-01 00:00:00.000000784,0.27844
1970-01-01 00:00:00.000000785,0.247468
1970-01-01 00:00:00.000000786,0.132465
1970-01-01 00:00:00.000000787,-0.002725
1970-01-01 00:00:00.000000788,-0.076174
1970-01-01 00:00:00.000000789,-0.094259
1970-01-01 00:00:00.000000790,-0.092037
1970-01-01 00:00:00.000000791,-0.056913
1970-01-01 00:00:00.000000792,-0.021793
1970-01-01 00:00:00.000000793,-0.006917
1970-01-01 00:00:00.000000794,-0.010158
1970-01-01 00:00:00.000000795,-0.034648
1970-01-01 00:00:00.000000796,-0.049548
1970-01-01 00:00:00.000000797,-0.034611
1970-01-01 00:00:00.000000798,-0.0292589999999999
1970-01-01 00:00:00.000000799,-0.017519
1970-01-01 00:00:00.000000800,0.008081
1970-01-01 00:00:00.000000801,0.0177289999999999
1970-01-01 00:00:00.000000802,0.0305589999999999
1970-01-01 00:00:00.000000803,0.04018
1970-01-01 00:00:00.000000804,0.021039
1970-01-01 00:00:00.000000805,-0.0076849999999999
1970-01-01 00:00:00.000000806,-0.041769
1970-01-01 00:00:00.000000807,-0.028982
1970-01-01 00:00:00.000000808,0.000817
1970-01-01 00:00:00.000000809,0.004019
1970-01-01 00:00:00.000000810,-0.032188
1970-01-01 00:00:00.000000811,-0.052446
1970-01-01 00:00:00.000000812,-0.056727
1970-01-01 00:00:00.000000813,-0.045036
1970-01-01 00:00:00.000000814,-0.0386829999999999
1970-01-01 00:00:00.000000815,-0.0471899999999999
1970-01-01 00:00:00.000000816,-0.06209
1970-01-01 00:00:00.000000817,-0.0567809999999999
1970-01-01 00:00:00.000000818,-0.035469
1970-01-01 00:00:00.000000819,-0.026943
1970-01-01 00:00:00.000000820,-0.016293
1970-01-01 00:00:00.000000821,-0.009913
1970-01-01 00:00:00.000000822,-0.00992
1970-01-01 00:00:00.000000823,-0.010986
1970-01-01 00:00:00.000000824,-0.011693
1970-01-01 00:00:00.000000825,-0.006354
1970-01-01 00:00:00.000000826,-0.010595
1970-01-01 00:00:00.000000827,-0.036131
1970-01-01 00:00:00.000000828,-0.064874
1970-01-01 00:00:00.000000829,-0.069143
1970-01-01 00:00:00.000000830,-0.071305
1970-01-01 00:00:00.000000831,-0.080968
1970-01-01 00:00:00.000000832,-0.07148
1970-01-01 00:00:00.000000833,-0.065167
1970-01-01 00:00:00.000000834,-0.055632
1970-01-01 00:00:00.000000835,-0.037563
1970-01-01 00:00:00.000000836,-0.03544
1970-01-01 00:00:00.000000837,-0.053502
1970-01-01 00:00:00.000000838,-0.069438
1970-01-01 00:00:00.000000839,-0.07576
1970-01-01 00:00:00.000000840,-0.08636
1970-01-01 00:00:00.000000841,-0.099092
1970-01-01 00:00:00.000000842,-0.108644
1970-01-01 00:00:00.000000843,-0.097975
1970-01-01 00:00:00.000000844,-0.0873289999999999
1970-01-01 00:00:00.000000845,-0.083063
1970-01-01 00:00:00.000000846,-0.080928
1970-01-01 00:00:00.000000847,-0.086249
1970-01-01 00:00:00.000000848,-0.10222
1970-01-01 00:00:00.000000849,-0.115006
1970-01-01 00:00:00.000000850,-0.091594
1970-01-01 00:00:00.000000851,-0.082015
1970-01-01 00:00:00.000000852,-0.092576
1970-01-01 00:00:00.000000853,-0.11068
1970-01-01 00:00:00.000000854,-0.11391
1970-01-01 00:00:00.000000855,-0.122463
1970-01-01 00:00:00.000000856,-0.145923
1970-01-01 00:00:00.000000857,-0.155496
1970-01-01 00:00:00.000000858,-0.154399
1970-01-01 00:00:00.000000859,-0.1384
1970-01-01 00:00:00.000000860,-0.09366
1970-01-01 00:00:00.000000861,-0.049993
1970-01-01 00:00:00.000000862,-0.040414
1970-01-01 00:00:00.000000863,-0.043612
1970-01-01 00:00:00.000000864,-0.032956
1970-01-01 00:00:00.000000865,-0.024423
1970-01-01 00:00:00.000000866,-0.0180229999999999
1970-01-01 00:00:00.000000867,-0.0180199999999999
1970-01-01 00:00:00.000000868,-0.012687
1970-01-01 00:00:00.000000869,0.01181
1970-01-01 00:00:00.000000870,0.0427149999999999
1970-01-01 00:00:00.000000871,0.0544309999999999
1970-01-01 00:00:00.000000872,0.045929
1970-01-01 00:00:00.000000873,0.041684
1970-01-01 00:00:00.000000874,0.057676
1970-01-01 00:00:00.000000875,0.076923
1970-01-01 00:00:00.000000876,0.084361
1970-01-01 00:00:00.000000877,0.0747309999999999
1970-01-01 00:00:00.000000878,0.0959909999999999
1970-01-01 00:00:00.000000879,0.143872
1970-01-01 00:00:00.000000880,0.175788
1970-01-01 00:00:00.000000881,0.166206
1970-01-01 00:00:00.000000882,0.121493
1970-01-01 00:00:00.000000883,0.073538
1970-01-01 00:00:00.000000884,0.0745909999999999
1970-01-01 00:00:00.000000885,0.126797
1970-01-01 00:00:00.000000886,0.156616
1970-01-01 00:00:00.000000887,0.127877
1970-01-01 00:00:00.000000888,0.1087369999999999
1970-01-01 00:00:00.000000889,0.134324
1970-01-01 00:00:00.000000890,0.1854849999999999
1970-01-01 00:00:00.000000891,0.208926
1970-01-01 00:00:00.000000892,0.1993339999999999
1970-01-01 00:00:00.000000893,0.202563
1970-01-01 00:00:00.000000894,0.225989
1970-01-01 00:00:00.000000895,0.237671
1970-01-01 00:00:00.000000896,0.255747
1970-01-01 00:00:00.000000897,0.265293
1970-01-01 00:00:00.000000898,0.2396829999999999
1970-01-01 00:00:00.000000899,0.223694
1970-01-01 00:00:00.000000900,0.215202
1970-01-01 00:00:00.000000901,0.20885
1970-01-01 00:00:00.000000902,0.213126
1970-01-01 00:00:00.000000903,0.1972269999999999
1970-01-01 00:00:00.000000904,0.171679
1970-01-01 00:00:00.000000905,0.18244
1970-01-01 00:00:00.000000906,0.140949
1970-01-01 00:00:00.000000907,0.0855799999999999
1970-01-01 00:00:00.000000908,0.073938
1970-01-01 00:00:00.000000909,0.092024
1970-01-01 00:00:00.000000910,0.094147
1970-01-01 00:00:00.000000911,0.084536
1970-01-01 00:00:00.000000912,0.0749389999999999
1970-01-01 00:00:00.000000913,0.068578
1970-01-01 00:00:00.000000914,0.055816
1970-01-01 00:00:00.000000915,0.040931
1970-01-01 00:00:00.000000916,0.018584
1970-01-01 00:00:00.000000917,0.009028
1970-01-01 00:00:00.000000918,0.003682
1970-01-01 00:00:00.000000919,0.00689
1970-01-01 00:00:00.000000920,0.003643
1970-01-01 00:00:00.000000921,-0.004941
1970-01-01 00:00:00.000000922,-0.024191
1970-01-01 00:00:00.000000923,-0.042327
1970-01-01 00:00:00.000000924,-0.0508259999999999
1970-01-01 00:00:00.000000925,-0.044418
1970-01-01 00:00:00.000000926,-0.0464399999999999
1970-01-01 00:00:00.000000927,-0.027242
1970-01-01 00:00:00.000000928,-0.023033
1970-01-01 00:00:00.000000929,-0.02421
1970-01-01 00:00:00.000000930,0.001273
1970-01-01 00:00:00.000000931,0.034296
1970-01-01 00:00:00.000000932,0.025833
1970-01-01 00:00:00.000000933,0.025875
1970-01-01 00:00:00.000000934,0.041862
1970-01-01 00:00:00.000000935,0.028029
1970-01-01 00:00:00.000000936,-0.002812
1970-01-01 00:00:00.000000937,-0.020883
1970-01-01 00:00:00.000000938,-0.0261889999999999
1970-01-01 00:00:00.000000939,-0.018753
1970-01-01 00:00:00.000000940,-0.009177
1970-01-01 00:00:00.000000941,-0.004911
1970-01-01 00:00:00.000000942,0.002568
1970-01-01 00:00:00.000000943,0.0068489999999999
1970-01-01 00:00:00.000000944,0.001526
1970-01-01 00:00:00.000000945,-0.023002
1970-01-01 00:00:00.000000946,-0.067816
1970-01-01 00:00:00.000000947,-0.090215
1970-01-01 00:00:00.000000948,-0.116835
1970-01-01 00:00:00.000000949,-0.139188
1970-01-01 00:00:00.000000950,-0.145567
1970-01-01 00:00:00.000000951,-0.165791
1970-01-01 00:00:00.000000952,-0.183889
1970-01-01 00:00:00.000000953,-0.208389
1970-01-01 00:00:00.000000954,-0.222234
1970-01-01 00:00:00.000000955,-0.21584
1970-01-01 00:00:00.000000956,-0.2243969999999999
1970-01-01 00:00:00.000000957,-0.226577
1970-01-01 00:00:00.000000958,-0.181903
1970-01-01 00:00:00.000000959,-0.111699
1970-01-01 00:00:00.000000960,-0.048954
1970-01-01 00:00:00.000000961,-0.049995
1970-01-01 00:00:00.000000962,-0.095745
1970-01-01 00:00:00.000000963,-0.135134
1970-01-01 00:00:00.000000964,-0.092632
1970-01-01 00:00:00.000000965,-0.047937
1970-01-01 00:00:00.000000966,-0.0308779999999999
1970-01-01 00:00:00.000000967,-0.006306
1970-01-01 00:00:00.000000968,0.006551
1970-01-01 00:00:00.000000969,-0.001866
1970-01-01 00:00:00.000000970,-0.0262629999999999
1970-01-01 00:00:00.000000971,-0.069832
1970-01-01 00:00:00.000000972,-0.077211
1970-01-01 00:00:00.000000973,-0.038829
1970-01-01 00:00:00.000000974,-0.007913
1970-01-01 00:00:00.000000975,0.00256
1970-01-01 00:00:00.000000976,0.014183
1970-01-01 00:00:00.000000977,0.021542
1970-01-01 00:00:00.000000978,0.073616
1970-01-01 00:00:00.000000979,0.137416
1970-01-01 00:00:00.000000980,0.221582
1970-01-01 00:00:00.000000981,0.2472219999999999
1970-01-01 00:00:00.000000982,0.147272
1970-01-01 00:00:00.000000983,0.008045
1970-01-01 00:00:00.000000984,-0.060965
1970-01-01 00:00:00.000000985,-0.06305
1970-01-01 00:00:00.000000986,-0.029056
1970-01-01 00:00:00.000000987,0.0284019999999999
1970-01-01 00:00:00.000000988,0.079441
1970-01-01 00:00:00.000000989,0.0707769999999999
1970-01-01 00:00:00.000000990,0.047194
1970-01-01 00:00:00.000000991,0.013983
1970-01-01 00:00:00.000000992,-0.02221
1970-01-01 00:00:00.000000993,0.047044
1970-01-01 00:00:00.000000994,0.162038
1970-01-01 00:00:00.000000995,0.266298
1970-01-01 00:00:00.000000996,0.288932
1970-01-01 00:00:00.000000997,0.194272
1970-01-01 00:00:00.000000998,0.1028119999999999
1970-01-01 00:00:00.000000999,0.087994
1970-01-01 00:00:00.000001000,0.12211
1970-01-01 00:00:00.000001001,0.139089
1970-01-01 00:00:00.000001002,0.133641
1970-01-01 00:00:00.000001003,0.110077
1970-01-01 00:00:00.000001004,0.131193
1970-01-01 00:00:00.000001005,0.172573
1970-01-01 00:00:00.000001006,0.180953
1970-01-01 00:00:00.000001007,0.17019
1970-01-01 00:00:00.000001008,0.165907
1970-01-01 00:00:00.000001009,0.1723849999999999
1970-01-01 00:00:00.000001010,0.18955
1970-01-01 00:00:00.000001011,0.172629
1970-01-01 00:00:00.000001012,0.132301
1970-01-01 00:00:00.000001013,0.094465
1970-01-01 00:00:00.000001014,0.1114069999999999
1970-01-01 00:00:00.000001015,0.138973
1970-01-01 00:00:00.000001016,0.1708329999999999
1970-01-01 00:00:00.000001017,0.200578
1970-01-01 00:00:00.000001018,0.200577
1970-01-01 00:00:00.000001019,0.1942819999999999
1970-01-01 00:00:00.000001020,0.187167
1970-01-01 00:00:00.000001021,0.176836
1970-01-01 00:00:00.000001022,0.129215
1970-01-01 00:00:00.000001023,0.038922
1970-01-01 00:00:00.000001024,-0.094033
1970-01-01 00:00:00.000001025,-0.206834
1970-01-01 00:00:00.000001026,-0.260069
1970-01-01 00:00:00.000001027,-0.3561809999999999
1970-01-01 00:00:00.000001028,-0.449229
1970-01-01 00:00:00.000001029,-0.427245
1970-01-01 00:00:00.000001030,-0.1698039999999999
1970-01-01 00:00:00.000001031,0.196206
1970-01-01 00:00:00.000001032,0.405482
1970-01-01 00:00:00.000001033,0.3805719999999999
1970-01-01 00:00:00.000001034,0.318803
1970-01-01 00:00:00.000001035,0.411087
1970-01-01 00:00:00.000001036,0.259177
1970-01-01 00:00:00.000001037,0.094467
1970-01-01 00:00:00.000001038,-0.009568
1970-01-01 00:00:00.000001039,-0.050814
1970-01-01 00:00:00.000001040,-0.087772
1970-01-01 00:00:00.000001041,-0.2313909999999999
1970-01-01 00:00:00.000001042,-0.297365
1970-01-01 00:00:00.000001043,-0.29423
1970-01-01 00:00:00.000001044,-0.248554
1970-01-01 00:00:00.000001045,-0.214584
1970-01-01 00:00:00.000001046,-0.090058
1970-01-01 00:00:00.000001047,0.177286
1970-01-01 00:00:00.000001048,0.500099
1970-01-01 00:00:00.000001049,0.635368
1970-01-01 00:00:00.000001050,0.41999
1970-01-01 00:00:00.000001051,0.164193
1970-01-01 00:00:00.000001052,-0.012601
1970-01-01 00:00:00.000001053,-0.186271
1970-01-01 00:00:00.000001054,-0.392898
1970-01-01 00:00:00.000001055,-0.56113
1970-01-01 00:00:00.000001056,-0.570714
1970-01-01 00:00:00.000001057,-0.351354
1970-01-01 00:00:00.000001058,0.017934
1970-01-01 00:00:00.000001059,0.056757
1970-01-01 00:00:00.000001060,-0.015954
1970-01-01 00:00:00.000001061,0.040601
1970-01-01 00:00:00.000001062,0.0387589999999999
1970-01-01 00:00:00.000001063,-0.043098
1970-01-01 00:00:00.000001064,-0.049314
1970-01-01 00:00:00.000001065,-0.070394
1970-01-01 00:00:00.000001066,-0.149007
1970-01-01 00:00:00.000001067,-0.192592
1970-01-01 00:00:00.000001068,-0.217123
1970-01-01 00:00:00.000001069,-0.200217
1970-01-01 00:00:00.000001070,-0.108819
1970-01-01 00:00:00.000001071,-0.0238199999999999
1970-01-01 00:00:00.000001072,-0.0154639999999999
1970-01-01 00:00:00.000001073,-0.024124
1970-01-01 00:00:00.000001074,-0.030621
1970-01-01 00:00:00.000001075,-0.030725
1970-01-01 00:00:00.000001076,-0.024352
1970-01-01 00:00:00.000001077,-0.011508
1970-01-01 00:00:00.000001078,-0.000916
1970-01-01 00:00:00.000001079,-0.002866
1970-01-01 00:00:00.000001080,-0.014435
1970-01-01 00:00:00.000001081,0.0133879999999999
1970-01-01 00:00:00.000001082,0.044416
1970-01-01 00:00:00.000001083,0.020044
1970-01-01 00:00:00.000001084,-0.050336
1970-01-01 00:00:00.000001085,-0.105767
1970-01-01 00:00:00.000001086,-0.114423
1970-01-01 00:00:00.000001087,-0.06876
1970-01-01 00:00:00.000001088,-0.010308
1970-01-01 00:00:00.000001089,-0.0189569999999999
1970-01-01 00:00:00.000001090,-0.0701789999999999
1970-01-01 00:00:00.000001091,-0.1213349999999999
1970-01-01 00:00:00.000001092,-0.126612
1970-01-01 00:00:00.000001093,-0.1089079999999999
1970-01-01 00:00:00.000001094,-0.09917
1970-01-01 00:00:00.000001095,-0.106483
1970-01-01 00:00:00.000001096,-0.1277299999999999
1970-01-01 00:00:00.000001097,-0.16396
1970-01-01 00:00:00.000001098,-0.193825
1970-01-01 00:00:00.000001099,-0.172578
1970-01-01 00:00:00.000001100,-0.126863
1970-01-01 00:00:00.000001101,-0.102442
1970-01-01 00:00:00.000001102,-0.089776
1970-01-01 00:00:00.000001103,-0.09302
1970-01-01 00:00:00.000001104,-0.097251
1970-01-01 00:00:00.000001105,-0.1013889999999999
1970-01-01 00:00:00.000001106,-0.102362
1970-01-01 00:00:00.000001107,-0.1108349999999999
1970-01-01 00:00:00.000001108,-0.090582
1970-01-01 00:00:00.000001109,-0.0798779999999999
1970-01-01 00:00:00.000001110,-0.089408
1970-01-01 00:00:00.000001111,-0.107483
1970-01-01 00:00:00.000001112,-0.092521
1970-01-01 00:00:00.000001113,-0.0616669999999999
1970-01-01 00:00:00.000001114,-0.025467
1970-01-01 00:00:00.000001115,-0.012702
1970-01-01 00:00:00.000001116,-0.031894
1970-01-01 00:00:00.000001117,-0.0510689999999999
1970-01-01 00:00:00.000001118,-0.038308
1970-01-01 00:00:00.000001119,-0.006369
1970-01-01 00:00:00.000001120,0.010693
1970-01-01 00:00:00.000001121,0.006453
1970-01-01 00:00:00.000001122,-0.012704
1970-01-01 00:00:00.000001123,-0.041449
1970-01-01 00:00:00.000001124,-0.062773
1970-01-01 00:00:00.000001125,-0.06386
1970-01-01 00:00:00.000001126,-0.036188
1970-01-01 00:00:00.000001127,-0.01384
1970-01-01 00:00:00.000001128,-0.007462
1970-01-01 00:00:00.000001129,0.007447
1970-01-01 00:00:00.000001130,0.01917
1970-01-01 00:00:00.000001131,0.0393779999999999
1970-01-01 00:00:00.000001132,0.065968
1970-01-01 00:00:00.000001133,0.084082
1970-01-01 00:00:00.000001134,0.0563899999999999
1970-01-01 00:00:00.000001135,0.035128
1970-01-01 00:00:00.000001136,0.0191819999999999
1970-01-01 00:00:00.000001137,0.006486
1970-01-01 00:00:00.000001138,0.016118
1970-01-01 00:00:00.000001139,0.04274
1970-01-01 00:00:00.000001140,0.108787
1970-01-01 00:00:00.000001141,0.209986
1970-01-01 00:00:00.000001142,0.332566
1970-01-01 00:00:00.000001143,0.253984
1970-01-01 00:00:00.000001144,0.02199
1970-01-01 00:00:00.000001145,-0.106829
1970-01-01 00:00:00.000001146,-0.1239779999999999
1970-01-01 00:00:00.000001147,-0.121893
1970-01-01 00:00:00.000001148,-0.131501
1970-01-01 00:00:00.000001149,-0.1369119999999999
1970-01-01 00:00:00.000001150,-0.180576
1970-01-01 00:00:00.000001151,-0.140189
1970-01-01 00:00:00.000001152,-0.055189
1970-01-01 00:00:00.000001153,0.077782
1970-01-01 00:00:00.000001154,0.146905
1970-01-01 00:00:00.000001155,0.086168
1970-01-01 00:00:00.000001156,0.015837
1970-01-01 00:00:00.000001157,0.029661
1970-01-01 00:00:00.000001158,0.062671
1970-01-01 00:00:00.000001159,0.10638
1970-01-01 00:00:00.000001160,0.134114
1970-01-01 00:00:00.000001161,0.1554019999999999
1970-01-01 00:00:00.000001162,0.1597299999999999
1970-01-01 00:00:00.000001163,0.093804
1970-01-01 00:00:00.000001164,0.062996
1970-01-01 00:00:00.000001165,0.059913
1970-01-01 00:00:00.000001166,-0.0315089999999999
1970-01-01 00:00:00.000001167,-0.104941
1970-01-01 00:00:00.000001168,-0.104972
1970-01-01 00:00:00.000001169,-0.094333
1970-01-01 00:00:00.000001170,-0.1242619999999999
1970-01-01 00:00:00.000001171,-0.128584
1970-01-01 00:00:00.000001172,-0.128738
1970-01-01 00:00:00.000001173,-0.038402
1970-01-01 00:00:00.000001174,-0.044819
1970-01-01 00:00:00.000001175,-0.0289889999999999
1970-01-01 00:00:00.000001176,0.099738
1970-01-01 00:00:00.000001177,0.064765
1970-01-01 00:00:00.000001178,0.022365
1970-01-01 00:00:00.000001179,0.041481
1970-01-01 00:00:00.000001180,0.09575
1970-01-01 00:00:00.000001181,0.137338
1970-01-01 00:00:00.000001182,0.002192
1970-01-01 00:00:00.000001183,0.032982
1970-01-01 00:00:00.000001184,0.147813
1970-01-01 00:00:00.000001185,0.234015
1970-01-01 00:00:00.000001186,0.22669
1970-01-01 00:00:00.000001187,0.1724089999999999
1970-01-01 00:00:00.000001188,0.262344
1970-01-01 00:00:00.000001189,0.284601
1970-01-01 00:00:00.000001190,0.2197579999999999
1970-01-01 00:00:00.000001191,0.168627
1970-01-01 00:00:00.000001192,0.167526
1970-01-01 00:00:00.000001193,0.2803469999999999
1970-01-01 00:00:00.000001194,0.29959
1970-01-01 00:00:00.000001195,0.225098
1970-01-01 00:00:00.000001196,0.19564
1970-01-01 00:00:00.000001197,0.182844
1970-01-01 00:00:00.000001198,0.154064
1970-01-01 00:00:00.000001199,0.123148
1970-01-01 00:00:00.000001200,0.070927
1970-01-01 00:00:00.000001201,-0.0004669999999999
1970-01-01 00:00:00.000001202,-0.070738
1970-01-01 00:00:00.000001203,-0.165518
1970-01-01 00:00:00.000001204,-0.26037
1970-01-01 00:00:00.000001205,-0.290277
1970-01-01 00:00:00.000001206,-0.269002
1970-01-01 00:00:00.000001207,-0.2604619999999999
1970-01-01 00:00:00.000001208,-0.251996
1970-01-01 00:00:00.000001209,-0.24674
1970-01-01 00:00:00.000001210,-0.19659
1970-01-01 00:00:00.000001211,-0.18036
1970-01-01 00:00:00.000001212,-0.258925
1970-01-01 00:00:00.000001213,-0.258914
1970-01-01 00:00:00.000001214,-0.23761
1970-01-01 00:00:00.000001215,-0.224828
1970-01-01 00:00:00.000001216,-0.190755
1970-01-01 00:00:00.000001217,-0.160943
1970-01-01 00:00:00.000001218,-0.10349
1970-01-01 00:00:00.000001219,-0.055644
1970-01-01 00:00:00.000001220,-0.033281
1970-01-01 00:00:00.000001221,0.0221099999999999
1970-01-01 00:00:00.000001222,0.055223
1970-01-01 00:00:00.000001223,0.079825
1970-01-01 00:00:00.000001224,0.105416
1970-01-01 00:00:00.000001225,0.141642
1970-01-01 00:00:00.000001226,0.191682
1970-01-01 00:00:00.000001227,0.174654
1970-01-01 00:00:00.000001228,0.165074
1970-01-01 00:00:00.000001229,0.202276
1970-01-01 00:00:00.000001230,0.208605
1970-01-01 00:00:00.000001231,0.213781
1970-01-01 00:00:00.000001232,0.2339679999999999
1970-01-01 00:00:00.000001233,0.229712
1970-01-01 00:00:00.000001234,0.243534
1970-01-01 00:00:00.000001235,0.266692
1970-01-01 00:00:00.000001236,0.273132
1970-01-01 00:00:00.000001237,0.248709
1970-01-01 00:00:00.000001238,0.21469
1970-01-01 00:00:00.000001239,0.18803
1970-01-01 00:00:00.000001240,0.176335
1970-01-01 00:00:00.000001241,0.1540099999999999
1970-01-01 00:00:00.000001242,0.154047
1970-01-01 00:00:00.000001243,0.188081
1970-01-01 00:00:00.000001244,0.177406
1970-01-01 00:00:00.000001245,0.163568
1970-01-01 00:00:00.000001246,0.176337
1970-01-01 00:00:00.000001247,0.169888
1970-01-01 00:00:00.000001248,0.157117
1970-01-01 00:00:00.000001249,0.131601
1970-01-01 00:00:00.000001250,0.116723
1970-01-01 00:00:00.000001251,0.100745
1970-01-01 00:00:00.000001252,0.085879
1970-01-01 00:00:00.000001253,0.096578
1970-01-01 00:00:00.000001254,0.089134
1970-01-01 00:00:00.000001255,0.068862
1970-01-01 00:00:00.000001256,0.067714
1970-01-01 00:00:00.000001257,0.075129
1970-01-01 00:00:00.000001258,0.0559429999999999
1970-01-01 00:00:00.000001259,0.046333
1970-01-01 00:00:00.000001260,0.057983
1970-01-01 00:00:00.000001261,0.035564
1970-01-01 00:00:00.000001262,0.002546
1970-01-01 00:00:00.000001263,-0.018768
1970-01-01 00:00:00.000001264,-0.045429
1970-01-01 00:00:00.000001265,-0.062497
1970-01-01 00:00:00.000001266,-0.061426
1970-01-01 00:00:00.000001267,-0.073094
1970-01-01 00:00:00.000001268,-0.080501
1970-01-01 00:00:00.000001269,-0.1028119999999999
1970-01-01 00:00:00.000001270,-0.15177
1970-01-01 00:00:00.000001271,-0.189076
1970-01-01 00:00:00.000001272,-0.206161
1970-01-01 00:00:00.000001273,-0.226421
1970-01-01 00:00:00.000001274,-0.2402679999999999
1970-01-01 00:00:00.000001275,-0.248795
1970-01-01 00:00:00.000001276,-0.2402889999999999
1970-01-01 00:00:00.000001277,-0.2211699999999999
1970-01-01 00:00:00.000001278,-0.1754619999999999
1970-01-01 00:00:00.000001279,-0.125478
1970-01-01 00:00:00.000001280,-0.068072
1970-01-01 00:00:00.000001281,0.018022
1970-01-01 00:00:00.000001282,0.105165
1970-01-01 00:00:00.000001283,0.195972
1970-01-01 00:00:00.000001284,0.278937
1970-01-01 00:00:00.000001285,0.333269
1970-01-01 00:00:00.000001286,0.314193
1970-01-01 00:00:00.000001287,0.233346
1970-01-01 00:00:00.000001288,0.1216059999999999
1970-01-01 00:00:00.000001289,0.035406
1970-01-01 00:00:00.000001290,-0.0273519999999999
1970-01-01 00:00:00.000001291,-0.070829
1970-01-01 00:00:00.000001292,-0.129158
1970-01-01 00:00:00.000001293,-0.258872
1970-01-01 00:00:00.000001294,-0.375729
1970-01-01 00:00:00.000001295,-0.337043
1970-01-01 00:00:00.000001296,-0.2674559999999999
1970-01-01 00:00:00.000001297,-0.253312
1970-01-01 00:00:00.000001298,-0.2818219999999999
1970-01-01 00:00:00.000001299,-0.321208
1970-01-01 00:00:00.000001300,-0.260797
1970-01-01 00:00:00.000001301,-0.015322
1970-01-01 00:00:00.000001302,0.227903
1970-01-01 00:00:00.000001303,0.256009
1970-01-01 00:00:00.000001304,0.267323
1970-01-01 00:00:00.000001305,0.299188
1970-01-01 00:00:00.000001306,0.254581
1970-01-01 00:00:00.000001307,0.154673
1970-01-01 00:00:00.000001308,0.046258
1970-01-01 00:00:00.000001309,-0.014258
1970-01-01 00:00:00.000001310,-0.0321959999999999
1970-01-01 00:00:00.000001311,-0.041724
1970-01-01 00:00:00.000001312,-0.071544
1970-01-01 00:00:00.000001313,-0.1109869999999999
1970-01-01 00:00:00.000001314,-0.1227819999999999
1970-01-01 00:00:00.000001315,-0.092088
1970-01-01 00:00:00.000001316,-0.076254
1970-01-01 00:00:00.000001317,-0.093599
1970-01-01 00:00:00.000001318,-0.112829
1970-01-01 00:00:00.000001319,-0.1053289999999999
1970-01-01 00:00:00.000001320,-0.104163
1970-01-01 00:00:00.000001321,-0.1232829999999999
1970-01-01 00:00:00.000001322,-0.118977
1970-01-01 00:00:00.000001323,-0.1241859999999999
1970-01-01 00:00:00.000001324,-0.136854
1970-01-01 00:00:00.000001325,-0.135712
1970-01-01 00:00:00.000001326,-0.136689
1970-01-01 00:00:00.000001327,-0.1409119999999999
1970-01-01 00:00:00.000001328,-0.133388
1970-01-01 00:00:00.000001329,-0.119372
1970-01-01 00:00:00.000001330,-0.106375
1970-01-01 00:00:00.000001331,-0.094559
1970-01-01 00:00:00.000001332,-0.15094
1970-01-01 00:00:00.000001333,-0.309635
1970-01-01 00:00:00.000001334,-0.435105
1970-01-01 00:00:00.000001335,-0.311614
1970-01-01 00:00:00.000001336,-0.213777
1970-01-01 00:00:00.000001337,-0.180992
1970-01-01 00:00:00.000001338,-0.157774
1970-01-01 00:00:00.000001339,-0.036642
1970-01-01 00:00:00.000001340,0.038804
1970-01-01 00:00:00.000001341,-0.042183
1970-01-01 00:00:00.000001342,-0.1251779999999999
1970-01-01 00:00:00.000001343,-0.132462
1970-01-01 00:00:00.000001344,-0.129044
1970-01-01 00:00:00.000001345,-0.109745
1970-01-01 00:00:00.000001346,-0.084111
1970-01-01 00:00:00.000001347,-0.063834
1970-01-01 00:00:00.000001348,-0.063842
1970-01-01 00:00:00.000001349,-0.066037
1970-01-01 00:00:00.000001350,-0.037407
1970-01-01 00:00:00.000001351,-0.030116
1970-01-01 00:00:00.000001352,-0.032366
1970-01-01 00:00:00.000001353,-0.008024
1970-01-01 00:00:00.000001354,0.013147
1970-01-01 00:00:00.000001355,0.016325
1970-01-01 00:00:00.000001356,0.030199
1970-01-01 00:00:00.000001357,0.007889
1970-01-01 00:00:00.000001358,-0.153
1970-01-01 00:00:00.000001359,-0.29035
1970-01-01 00:00:00.000001360,-0.160466
1970-01-01 00:00:00.000001361,-0.2296949999999999
1970-01-01 00:00:00.000001362,-0.2912389999999999
1970-01-01 00:00:00.000001363,-0.2497309999999999
1970-01-01 00:00:00.000001364,-0.246646
1970-01-01 00:00:00.000001365,-0.1786299999999999
1970-01-01 00:00:00.000001366,-0.188014
1970-01-01 00:00:00.000001367,-0.204889
1970-01-01 00:00:00.000001368,-0.282478
1970-01-01 00:00:00.000001369,-0.363235
1970-01-01 00:00:00.000001370,-0.36413
1970-01-01 00:00:00.000001371,-0.2383239999999999
1970-01-01 00:00:00.000001372,-0.002828
1970-01-01 00:00:00.000001373,0.210501
1970-01-01 00:00:00.000001374,0.389852
1970-01-01 00:00:00.000001375,0.4531689999999999
1970-01-01 00:00:00.000001376,0.268937
1970-01-01 00:00:00.000001377,0.057925
1970-01-01 00:00:00.000001378,-0.110009
1970-01-01 00:00:00.000001379,-0.218505
1970-01-01 00:00:00.000001380,-0.28305
1970-01-01 00:00:00.000001381,-0.399003
1970-01-01 00:00:00.000001382,-0.233769
1970-01-01 00:00:00.000001383,0.048027
1970-01-01 00:00:00.000001384,-0.01782
1970-01-01 00:00:00.000001385,-0.106763
1970-01-01 00:00:00.000001386,-0.009587
1970-01-01 00:00:00.000001387,0.12569
1970-01-01 00:00:00.000001388,0.051197
1970-01-01 00:00:00.000001389,-0.068868
1970-01-01 00:00:00.000001390,-0.087959
1970-01-01 00:00:00.000001391,-0.101757
1970-01-01 00:00:00.000001392,-0.065468
1970-01-01 00:00:00.000001393,-0.015366
1970-01-01 00:00:00.000001394,0.04001
1970-01-01 00:00:00.000001395,0.063415
1970-01-01 00:00:00.000001396,0.070784
1970-01-01 00:00:00.000001397,-0.032591
1970-01-01 00:00:00.000001398,-0.030517
1970-01-01 00:00:00.000001399,-0.026423
1970-01-01 00:00:00.000001400,-0.073309
1970-01-01 00:00:00.000001401,-0.0893
1970-01-01 00:00:00.000001402,-0.101061
1970-01-01 00:00:00.000001403,-0.145742
1970-01-01 00:00:00.000001404,-0.15748
1970-01-01 00:00:00.000001405,-0.164939
1970-01-01 00:00:00.000001406,-0.152102
1970-01-01 00:00:00.000001407,-0.154151
1970-01-01 00:00:00.000001408,-0.161499
1970-01-01 00:00:00.000001409,-0.213588
1970-01-01 00:00:00.000001410,-0.246677
1970-01-01 00:00:00.000001411,-0.3287489999999999
1970-01-01 00:00:00.000001412,-0.380059
1970-01-01 00:00:00.000001413,-0.385374
1970-01-01 00:00:00.000001414,-0.33755
1970-01-01 00:00:00.000001415,-0.301381
1970-01-01 00:00:00.000001416,-0.300394
1970-01-01 00:00:00.000001417,-0.262187
1970-01-01 00:00:00.000001418,-0.219711
1970-01-01 00:00:00.000001419,-0.183565
1970-01-01 00:00:00.000001420,-0.2016599999999999
1970-01-01 00:00:00.000001421,-0.238851
1970-01-01 00:00:00.000001422,-0.2110119999999999
1970-01-01 00:00:00.000001423,-0.2088739999999999
1970-01-01 00:00:00.000001424,-0.201349
1970-01-01 00:00:00.000001425,-0.183167
1970-01-01 00:00:00.000001426,-0.174492
1970-01-01 00:00:00.000001427,-0.128448
1970-01-01 00:00:00.000001428,-0.1411599999999999
1970-01-01 00:00:00.000001429,-0.280656
1970-01-01 00:00:00.000001430,-0.272232
1970-01-01 00:00:00.000001431,-0.144401
1970-01-01 00:00:00.000001432,-0.093274
1970-01-01 00:00:00.000001433,-0.1242369999999999
1970-01-01 00:00:00.000001434,-0.221264
1970-01-01 00:00:00.000001435,-0.254436
1970-01-01 00:00:00.000001436,-0.251272
1970-01-01 00:00:00.000001437,-0.214165
1970-01-01 00:00:00.000001438,-0.072629
1970-01-01 00:00:00.000001439,0.072167
1970-01-01 00:00:00.000001440,0.127585
1970-01-01 00:00:00.000001441,0.154202
1970-01-01 00:00:00.000001442,0.1935349999999999
1970-01-01 00:00:00.000001443,0.2700889999999999
1970-01-01 00:00:00.000001444,0.394561
1970-01-01 00:00:00.000001445,0.505231
1970-01-01 00:00:00.000001446,0.538168
1970-01-01 00:00:00.000001447,0.525332
1970-01-01 00:00:00.000001448,0.424152
1970-01-01 00:00:00.000001449,0.340012
1970-01-01 00:00:00.000001450,0.337881
1970-01-01 00:00:00.000001451,0.356094
1970-01-01 00:00:00.000001452,0.337057
1970-01-01 00:00:00.000001453,0.308345
1970-01-01 00:00:00.000001454,0.24245
1970-01-01 00:00:00.000001455,0.2202199999999999
1970-01-01 00:00:00.000001456,0.223394
1970-01-01 00:00:00.000001457,0.171329
1970-01-01 00:00:00.000001458,0.189554
1970-01-01 00:00:00.000001459,0.243884
1970-01-01 00:00:00.000001460,0.271649
1970-01-01 00:00:00.000001461,0.2035799999999999
1970-01-01 00:00:00.000001462,0.114145
1970-01-01 00:00:00.000001463,0.050003
1970-01-01 00:00:00.000001464,0.028505
1970-01-01 00:00:00.000001465,0.0582059999999999
1970-01-01 00:00:00.000001466,0.119575
1970-01-01 00:00:00.000001467,0.2420179999999999
1970-01-01 00:00:00.000001468,0.3260349999999999
1970-01-01 00:00:00.000001469,0.368633
1970-01-01 00:00:00.000001470,0.33574
1970-01-01 00:00:00.000001471,0.3220159999999999
1970-01-01 00:00:00.000001472,0.333823
1970-01-01 00:00:00.000001473,0.369166
1970-01-01 00:00:00.000001474,0.408694
1970-01-01 00:00:00.000001475,0.391687
1970-01-01 00:00:00.000001476,0.4355279999999999
1970-01-01 00:00:00.000001477,0.4599689999999999
1970-01-01 00:00:00.000001478,0.448158
1970-01-01 00:00:00.000001479,0.419441
1970-01-01 00:00:00.000001480,0.366061
1970-01-01 00:00:00.000001481,0.320243
1970-01-01 00:00:00.000001482,0.295783
1970-01-01 00:00:00.000001483,0.27767
1970-01-01 00:00:00.000001484,0.247914
1970-01-01 00:00:00.000001485,0.226567
1970-01-01 00:00:00.000001486,0.151888
1970-01-01 00:00:00.000001487,0.100772
1970-01-01 00:00:00.000001488,0.066774
1970-01-01 00:00:00.000001489,0.157389
1970-01-01 00:00:00.000001490,0.236232
1970-01-01 00:00:00.000001491,0.223419
1970-01-01 00:00:00.000001492,0.210621
1970-01-01 00:00:00.000001493,0.246889
1970-01-01 00:00:00.000001494,0.338543
1970-01-01 00:00:00.000001495,0.3343239999999999
1970-01-01 00:00:00.000001496,0.2491789999999999
1970-01-01 00:00:00.000001497,0.2342679999999999
1970-01-01 00:00:00.000001498,0.232103
1970-01-01 00:00:00.000001499,0.2226139999999999
1970-01-01 00:00:00.000001500,0.202406
1970-01-01 00:00:00.000001501,0.18327
1970-01-01 00:00:00.000001502,0.174803
1970-01-01 00:00:00.000001503,0.191826
1970-01-01 00:00:00.000001504,0.18116
1970-01-01 00:00:00.000001505,0.1598109999999999
1970-01-01 00:00:00.000001506,0.1502109999999999
1970-01-01 00:00:00.000001507,0.157614
1970-01-01 00:00:00.000001508,0.151225
1970-01-01 00:00:00.000001509,0.138428
1970-01-01 00:00:00.000001510,0.122415
1970-01-01 00:00:00.000001511,0.1383619999999999
1970-01-01 00:00:00.000001512,0.141489
1970-01-01 00:00:00.000001513,0.127545
1970-01-01 00:00:00.000001514,0.1104589999999999
1970-01-01 00:00:00.000001515,0.114755
1970-01-01 00:00:00.000001516,0.083936
1970-01-01 00:00:00.000001517,0.067958
1970-01-01 00:00:00.000001518,0.06588
1970-01-01 00:00:00.000001519,0.089298
1970-01-01 00:00:00.000001520,0.082868
1970-01-01 00:00:00.000001521,0.066879
1970-01-01 00:00:00.000001522,0.0317
1970-01-01 00:00:00.000001523,-0.003493
1970-01-01 00:00:00.000001524,-0.024825
1970-01-01 00:00:00.000001525,-0.0301779999999999
1970-01-01 00:00:00.000001526,-0.032312
1970-01-01 00:00:00.000001527,-0.038716
1970-01-01 00:00:00.000001528,-0.060045
1970-01-01 00:00:00.000001529,-0.073931
1970-01-01 00:00:00.000001530,-0.069658
1970-01-01 00:00:00.000001531,-0.067551
1970-01-01 00:00:00.000001532,-0.06226
1970-01-01 00:00:00.000001533,-0.053733
1970-01-01 00:00:00.000001534,-0.035617
1970-01-01 00:00:00.000001535,-0.035625
1970-01-01 00:00:00.000001536,-0.050585
1970-01-01 00:00:00.000001537,-0.054983
1970-01-01 00:00:00.000001538,-0.045413
1970-01-01 00:00:00.000001539,-0.053948
1970-01-01 00:00:00.000001540,-0.077371
1970-01-01 00:00:00.000001541,-0.099759
1970-01-01 00:00:00.000001542,-0.1210609999999999
1970-01-01 00:00:00.000001543,-0.132711
1970-01-01 00:00:00.000001544,-0.134801
1970-01-01 00:00:00.000001545,-0.146444
1970-01-01 00:00:00.000001546,-0.160224
1970-01-01 00:00:00.000001547,-0.16551
1970-01-01 00:00:00.000001548,-0.175026
1970-01-01 00:00:00.000001549,-0.179241
1970-01-01 00:00:00.000001550,-0.168606
1970-01-01 00:00:00.000001551,-0.153766
1970-01-01 00:00:00.000001552,-0.120895
1970-01-01 00:00:00.000001553,-0.068815
1970-01-01 00:00:00.000001554,-0.028399
1970-01-01 00:00:00.000001555,0.005674
1970-01-01 00:00:00.000001556,0.016338
1970-01-01 00:00:00.000001557,0.032375
1970-01-01 00:00:00.000001558,0.0431089999999999
1970-01-01 00:00:00.000001559,0.044268
1970-01-01 00:00:00.000001560,0.050731
1970-01-01 00:00:00.000001561,0.0412509999999999
1970-01-01 00:00:00.000001562,0.042373
1970-01-01 00:00:00.000001563,0.046619
1970-01-01 00:00:00.000001564,0.067941
1970-01-01 00:00:00.000001565,0.061567
1970-01-01 00:00:00.000001566,0.043456
1970-01-01 00:00:00.000001567,0.013661
1970-01-01 00:00:00.000001568,-0.002306
1970-01-01 00:00:00.000001569,-0.020387
1970-01-01 00:00:00.000001570,-0.023558
1970-01-01 00:00:00.000001571,-0.024645
1970-01-01 00:00:00.000001572,-0.00546
1970-01-01 00:00:00.000001573,0.009466
1970-01-01 00:00:00.000001574,0.0148479999999999
1970-01-01 00:00:00.000001575,0.008482
1970-01-01 00:00:00.000001576,0.009545
1970-01-01 00:00:00.000001577,0.009534
1970-01-01 00:00:00.000001578,0.013746
1970-01-01 00:00:00.000001579,0.0339089999999999
1970-01-01 00:00:00.000001580,0.049835
1970-01-01 00:00:00.000001581,0.066821
1970-01-01 00:00:00.000001582,0.089133
1970-01-01 00:00:00.000001583,0.1050779999999999
1970-01-01 00:00:00.000001584,0.1211069999999999
1970-01-01 00:00:00.000001585,0.128651
1970-01-01 00:00:00.000001586,0.1265349999999999
1970-01-01 00:00:00.000001587,0.116779
1970-01-01 00:00:00.000001588,0.119948
1970-01-01 00:00:00.000001589,0.133803
1970-01-01 00:00:00.000001590,0.134848
1970-01-01 00:00:00.000001591,0.136943
1970-01-01 00:00:00.000001592,0.119875
1970-01-01 00:00:00.000001593,0.095387
1970-01-01 00:00:00.000001594,0.0542299999999999
1970-01-01 00:00:00.000001595,0.0137449999999999
1970-01-01 00:00:00.000001596,-0.018234
1970-01-01 00:00:00.000001597,-0.0427839999999999
1970-01-01 00:00:00.000001598,-0.051329
1970-01-01 00:00:00.000001599,-0.057695
1970-01-01 00:00:00.000001600,-0.067204
1970-01-01 00:00:00.000001601,-0.0831549999999999
1970-01-01 00:00:00.000001602,-0.101256
1970-01-01 00:00:00.000001603,-0.101306
1970-01-01 00:00:00.000001604,-0.096005
1970-01-01 00:00:00.000001605,-0.094955
1970-01-01 00:00:00.000001606,-0.096053
1970-01-01 00:00:00.000001607,-0.105648
1970-01-01 00:00:00.000001608,-0.0971419999999999
1970-01-01 00:00:00.000001609,-0.10459
1970-01-01 00:00:00.000001610,-0.09083
1970-01-01 00:00:00.000001611,-0.086565
1970-01-01 00:00:00.000001612,-0.088708
1970-01-01 00:00:00.000001613,-0.090871
1970-01-01 00:00:00.000001614,-0.100486
1970-01-01 00:00:00.000001615,-0.096242
1970-01-01 00:00:00.000001616,-0.079225
1970-01-01 00:00:00.000001617,-0.078186
1970-01-01 00:00:00.000001618,-0.065292
1970-01-01 00:00:00.000001619,-0.071684
1970-01-01 00:00:00.000001620,-0.0844299999999999
1970-01-01 00:00:00.000001621,-0.091853
1970-01-01 00:00:00.000001622,-0.1077859999999999
1970-01-01 00:00:00.000001623,-0.1460769999999999
1970-01-01 00:00:00.000001624,-0.181217
1970-01-01 00:00:00.000001625,-0.182253
1970-01-01 00:00:00.000001626,-0.1648109999999999
1970-01-01 00:00:00.000001627,-0.148833
1970-01-01 00:00:00.000001628,-0.151026
1970-01-01 00:00:00.000001629,-0.171351
1970-01-01 00:00:00.000001630,-0.173548
1970-01-01 00:00:00.000001631,-0.152239
1970-01-01 00:00:00.000001632,-0.114965
1970-01-01 00:00:00.000001633,-0.048924
1970-01-01 00:00:00.000001634,-0.0339
1970-01-01 00:00:00.000001635,0.008941
1970-01-01 00:00:00.000001636,0.052695
1970-01-01 00:00:00.000001637,0.0985809999999999
1970-01-01 00:00:00.000001638,0.122092
1970-01-01 00:00:00.000001639,0.124277
1970-01-01 00:00:00.000001640,0.120078
1970-01-01 00:00:00.000001641,0.115864
1970-01-01 00:00:00.000001642,0.106753
1970-01-01 00:00:00.000001643,0.096055
1970-01-01 00:00:00.000001644,0.086409
1970-01-01 00:00:00.000001645,0.0949049999999999
1970-01-01 00:00:00.000001646,0.106615
1970-01-01 00:00:00.000001647,0.111944
1970-01-01 00:00:00.000001648,0.1161529999999999
1970-01-01 00:00:00.000001649,0.084196
1970-01-01 00:00:00.000001650,0.067094
1970-01-01 00:00:00.000001651,0.052174
1970-01-01 00:00:00.000001652,0.048962
1970-01-01 00:00:00.000001653,0.028699
1970-01-01 00:00:00.000001654,-0.021419
1970-01-01 00:00:00.000001655,-0.0747159999999999
1970-01-01 00:00:00.000001656,-0.129145
1970-01-01 00:00:00.000001657,-0.1569549999999999
1970-01-01 00:00:00.000001658,-0.138895
1970-01-01 00:00:00.000001659,-0.109038
1970-01-01 00:00:00.000001660,-0.108947
1970-01-01 00:00:00.000001661,-0.144038
1970-01-01 00:00:00.000001662,-0.1834599999999999
1970-01-01 00:00:00.000001663,-0.200568
1970-01-01 00:00:00.000001664,-0.196379
1970-01-01 00:00:00.000001665,-0.182536
1970-01-01 00:00:00.000001666,-0.1675589999999999
1970-01-01 00:00:00.000001667,-0.195303
1970-01-01 00:00:00.000001668,-0.254065
1970-01-01 00:00:00.000001669,-0.284057
1970-01-01 00:00:00.000001670,-0.226579
1970-01-01 00:00:00.000001671,-0.145585
1970-01-01 00:00:00.000001672,-0.111509
1970-01-01 00:00:00.000001673,-0.116854
1970-01-01 00:00:00.000001674,-0.07325
1970-01-01 00:00:00.000001675,-0.066906
1970-01-01 00:00:00.000001676,-0.070057
1970-01-01 00:00:00.000001677,-0.100803
1970-01-01 00:00:00.000001678,-0.137989
1970-01-01 00:00:00.000001679,-0.137955
1970-01-01 00:00:00.000001680,-0.130465
1970-01-01 00:00:00.000001681,-0.1122799999999999
1970-01-01 00:00:00.000001682,-0.115325
1970-01-01 00:00:00.000001683,-0.102461
1970-01-01 00:00:00.000001684,-0.073733
1970-01-01 00:00:00.000001685,-0.050318
1970-01-01 00:00:00.000001686,-0.019421
1970-01-01 00:00:00.000001687,0.031723
1970-01-01 00:00:00.000001688,0.087107
1970-01-01 00:00:00.000001689,0.110515
1970-01-01 00:00:00.000001690,0.100912
1970-01-01 00:00:00.000001691,0.078391
1970-01-01 00:00:00.000001692,0.075187
1970-01-01 00:00:00.000001693,0.121992
1970-01-01 00:00:00.000001694,0.182666
1970-01-01 00:00:00.000001695,0.243353
1970-01-01 00:00:00.000001696,0.277385
1970-01-01 00:00:00.000001697,0.311451
1970-01-01 00:00:00.000001698,0.338138
1970-01-01 00:00:00.000001699,0.374379
1970-01-01 00:00:00.000001700,0.370165
1970-01-01 00:00:00.000001701,0.332962
1970-01-01 00:00:00.000001702,0.3458179999999999
1970-01-01 00:00:00.000001703,0.342732
1970-01-01 00:00:00.000001704,0.326788
1970-01-01 00:00:00.000001705,0.3331739999999999
1970-01-01 00:00:00.000001706,0.3129679999999999
1970-01-01 00:00:00.000001707,0.250167
1970-01-01 00:00:00.000001708,0.244748
1970-01-01 00:00:00.000001709,0.258612
1970-01-01 00:00:00.000001710,0.3235119999999999
1970-01-01 00:00:00.000001711,0.322413
1970-01-01 00:00:00.000001712,0.307451
1970-01-01 00:00:00.000001713,0.2317409999999999
1970-01-01 00:00:00.000001714,0.22748
1970-01-01 00:00:00.000001715,0.291404
1970-01-01 00:00:00.000001716,0.2904
1970-01-01 00:00:00.000001717,0.264899
1970-01-01 00:00:00.000001718,0.255338
1970-01-01 00:00:00.000001719,0.165882
1970-01-01 00:00:00.000001720,0.117969
1970-01-01 00:00:00.000001721,0.0881
1970-01-01 00:00:00.000001722,0.085926
1970-01-01 00:00:00.000001723,0.086934
1970-01-01 00:00:00.000001724,0.065567
1970-01-01 00:00:00.000001725,-0.047266
1970-01-01 00:00:00.000001726,-0.007913
1970-01-01 00:00:00.000001727,-0.048364
1970-01-01 00:00:00.000001728,-0.108989
1970-01-01 00:00:00.000001729,-0.152568
1970-01-01 00:00:00.000001730,-0.182394
1970-01-01 00:00:00.000001731,-0.2368
1970-01-01 00:00:00.000001732,-0.278403
1970-01-01 00:00:00.000001733,-0.315864
1970-01-01 00:00:00.000001734,-0.308559
1970-01-01 00:00:00.000001735,-0.272346
1970-01-01 00:00:00.000001736,-0.2233389999999999
1970-01-01 00:00:00.000001737,-0.217982
1970-01-01 00:00:00.000001738,-0.229652
1970-01-01 00:00:00.000001739,-0.24548
1970-01-01 00:00:00.000001740,-0.248506
1970-01-01 00:00:00.000001741,-0.210111
1970-01-01 00:00:00.000001742,-0.121689
1970-01-01 00:00:00.000001743,-0.044989
1970-01-01 00:00:00.000001744,0.017812
1970-01-01 00:00:00.000001745,0.049753
1970-01-01 00:00:00.000001746,0.066773
1970-01-01 00:00:00.000001747,0.060347
1970-01-01 00:00:00.000001748,0.024143
1970-01-01 00:00:00.000001749,0.000752
1970-01-01 00:00:00.000001750,-0.0354
1970-01-01 00:00:00.000001751,-0.053478
1970-01-01 00:00:00.000001752,-0.056664
1970-01-01 00:00:00.000001753,-0.05248
1970-01-01 00:00:00.000001754,-0.0462
1970-01-01 00:00:00.000001755,-0.0494519999999999
1970-01-01 00:00:00.000001756,-0.051626
1970-01-01 00:00:00.000001757,-0.0718559999999999
1970-01-01 00:00:00.000001758,-0.084589
1970-01-01 00:00:00.000001759,-0.081423
1970-01-01 00:00:00.000001760,-0.070781
1970-01-01 00:00:00.000001761,-0.06121
1970-01-01 00:00:00.000001762,-0.0537789999999999
1970-01-01 00:00:00.000001763,-0.052749
1970-01-01 00:00:00.000001764,-0.060209
1970-01-01 00:00:00.000001765,-0.06663
1970-01-01 00:00:00.000001766,-0.084731
1970-01-01 00:00:00.000001767,-0.0911059999999999
1970-01-01 00:00:00.000001768,-0.1028099999999999
1970-01-01 00:00:00.000001769,-0.110288
1970-01-01 00:00:00.000001770,-0.124174
1970-01-01 00:00:00.000001771,-0.1465769999999999
1970-01-01 00:00:00.000001772,-0.173265
1970-01-01 00:00:00.000001773,-0.204123
1970-01-01 00:00:00.000001774,-0.215768
1970-01-01 00:00:00.000001775,-0.232753
1970-01-01 00:00:00.000001776,-0.2486679999999999
1970-01-01 00:00:00.000001777,-0.2357699999999999
1970-01-01 00:00:00.000001778,-0.194119
1970-01-01 00:00:00.000001779,-0.157793
1970-01-01 00:00:00.000001780,-0.1396349999999999
1970-01-01 00:00:00.000001781,-0.117283
1970-01-01 00:00:00.000001782,-0.097086
1970-01-01 00:00:00.000001783,-0.088659
1970-01-01 00:00:00.000001784,-0.08659
1970-01-01 00:00:00.000001785,-0.0833909999999999
1970-01-01 00:00:00.000001786,-0.065189
1970-01-01 00:00:00.000001787,-0.0619299999999999
1970-01-01 00:00:00.000001788,-0.086444
1970-01-01 00:00:00.000001789,-0.114107
1970-01-01 00:00:00.000001790,-0.109792
1970-01-01 00:00:00.000001791,-0.054374
1970-01-01 00:00:00.000001792,-0.062859
1970-01-01 00:00:00.000001793,-0.071397
1970-01-01 00:00:00.000001794,-0.0863169999999999
1970-01-01 00:00:00.000001795,-0.079889
1970-01-01 00:00:00.000001796,-0.066087
1970-01-01 00:00:00.000001797,-0.085335
1970-01-01 00:00:00.000001798,-0.112024
1970-01-01 00:00:00.000001799,-0.107832
1970-01-01 00:00:00.000001800,-0.075962
1970-01-01 00:00:00.000001801,-0.0887309999999999
1970-01-01 00:00:00.000001802,-0.1058
1970-01-01 00:00:00.000001803,-0.102628
1970-01-01 00:00:00.000001804,-0.059045
1970-01-01 00:00:00.000001805,-0.0559179999999999
1970-01-01 00:00:00.000001806,-0.057003
1970-01-01 00:00:00.000001807,-0.025063
1970-01-01 00:00:00.000001808,-0.0644309999999999
1970-01-01 00:00:00.000001809,-0.08996
1970-01-01 00:00:00.000001810,-0.1165619999999999
1970-01-01 00:00:00.000001811,-0.121906
1970-01-01 00:00:00.000001812,-0.106959
1970-01-01 00:00:00.000001813,-0.077051
1970-01-01 00:00:00.000001814,-0.048111
1970-01-01 00:00:00.000001815,-0.070225
1970-01-01 00:00:00.000001816,-0.107345
1970-01-01 00:00:00.000001817,-0.146677
1970-01-01 00:00:00.000001818,-0.236183
1970-01-01 00:00:00.000001819,-0.321434
1970-01-01 00:00:00.000001820,-0.30659
1970-01-01 00:00:00.000001821,-0.288643
1970-01-01 00:00:00.000001822,-0.203783
1970-01-01 00:00:00.000001823,-0.114665
1970-01-01 00:00:00.000001824,-0.074472
1970-01-01 00:00:00.000001825,-0.053396
1970-01-01 00:00:00.000001826,0.078522
1970-01-01 00:00:00.000001827,0.274486
1970-01-01 00:00:00.000001828,0.391711
1970-01-01 00:00:00.000001829,0.392811
1970-01-01 00:00:00.000001830,0.341607
1970-01-01 00:00:00.000001831,0.342563
1970-01-01 00:00:00.000001832,0.355419
1970-01-01 00:00:00.000001833,0.339649
1970-01-01 00:00:00.000001834,0.29514
1970-01-01 00:00:00.000001835,0.207947
1970-01-01 00:00:00.000001836,0.127093
1970-01-01 00:00:00.000001837,0.070755
1970-01-01 00:00:00.000001838,0.084714
1970-01-01 00:00:00.000001839,0.085874
1970-01-01 00:00:00.000001840,0.0817389999999999
1970-01-01 00:00:00.000001841,0.072202
1970-01-01 00:00:00.000001842,0.0679299999999999
1970-01-01 00:00:00.000001843,-0.00987
1970-01-01 00:00:00.000001844,-0.073862
1970-01-01 00:00:00.000001845,-0.1133119999999999
1970-01-01 00:00:00.000001846,-0.1729089999999999
1970-01-01 00:00:00.000001847,-0.109009
1970-01-01 00:00:00.000001848,-0.1293119999999999
1970-01-01 00:00:00.000001849,-0.244286
1970-01-01 00:00:00.000001850,-0.30383
1970-01-01 00:00:00.000001851,-0.451883
1970-01-01 00:00:00.000001852,-0.4445699999999999
1970-01-01 00:00:00.000001853,-0.545867
1970-01-01 00:00:00.000001854,-0.653411
1970-01-01 00:00:00.000001855,-0.545859
1970-01-01 00:00:00.000001856,-0.3277989999999999
1970-01-01 00:00:00.000001857,-0.393731
1970-01-01 00:00:00.000001858,-0.415909
1970-01-01 00:00:00.000001859,-0.3265099999999999
1970-01-01 00:00:00.000001860,-0.367055
1970-01-01 00:00:00.000001861,-0.388391
1970-01-01 00:00:00.000001862,-0.370399
1970-01-01 00:00:00.000001863,-0.335288
1970-01-01 00:00:00.000001864,-0.299147
1970-01-01 00:00:00.000001865,-0.270432
1970-01-01 00:00:00.000001866,-0.220446
1970-01-01 00:00:00.000001867,-0.142785
1970-01-01 00:00:00.000001868,-0.073669
1970-01-01 00:00:00.000001869,0.0211
1970-01-01 00:00:00.000001870,0.146817
1970-01-01 00:00:00.000001871,0.26506
1970-01-01 00:00:00.000001872,0.3471579999999999
1970-01-01 00:00:00.000001873,0.443173
1970-01-01 00:00:00.000001874,0.5382319999999999
1970-01-01 00:00:00.000001875,0.62263
1970-01-01 00:00:00.000001876,0.725096
1970-01-01 00:00:00.000001877,0.766811
1970-01-01 00:00:00.000001878,0.724349
1970-01-01 00:00:00.000001879,0.678706
1970-01-01 00:00:00.000001880,0.696707
1970-01-01 00:00:00.000001881,0.620969
1970-01-01 00:00:00.000001882,0.285381
1970-01-01 00:00:00.000001883,0.283888
1970-01-01 00:00:00.000001884,-0.194953
1970-01-01 00:00:00.000001885,0.167467
1970-01-01 00:00:00.000001886,0.100893
1970-01-01 00:00:00.000001887,0.212855
1970-01-01 00:00:00.000001888,0.1907049999999999
1970-01-01 00:00:00.000001889,0.154711
1970-01-01 00:00:00.000001890,0.09908
1970-01-01 00:00:00.000001891,0.089426
1970-01-01 00:00:00.000001892,0.087369
1970-01-01 00:00:00.000001893,0.0343529999999999
1970-01-01 00:00:00.000001894,-0.029337
1970-01-01 00:00:00.000001895,-0.036724
1970-01-01 00:00:00.000001896,-0.117644
1970-01-01 00:00:00.000001897,-0.127341
1970-01-01 00:00:00.000001898,-0.113515
1970-01-01 00:00:00.000001899,-0.074126
1970-01-01 00:00:00.000001900,-0.091215
1970-01-01 00:00:00.000001901,-0.095546
1970-01-01 00:00:00.000001902,-0.105172
1970-01-01 00:00:00.000001903,-0.141368
1970-01-01 00:00:00.000001904,-0.156299
1970-01-01 00:00:00.000001905,-0.1456
1970-01-01 00:00:00.000001906,-0.173239
1970-01-01 00:00:00.000001907,-0.182743
1970-01-01 00:00:00.000001908,-0.1806019999999999
1970-01-01 00:00:00.000001909,-0.15503
1970-01-01 00:00:00.000001910,-0.124143
1970-01-01 00:00:00.000001911,-0.091103
1970-01-01 00:00:00.000001912,0.144738
1970-01-01 00:00:00.000001913,0.198285
1970-01-01 00:00:00.000001914,0.1365559999999999
1970-01-01 00:00:00.000001915,0.133378
1970-01-01 00:00:00.000001916,0.153543
1970-01-01 00:00:00.000001917,0.223677
1970-01-01 00:00:00.000001918,0.18424
1970-01-01 00:00:00.000001919,0.191659
1970-01-01 00:00:00.000001920,0.203302
1970-01-01 00:00:00.000001921,0.211732
1970-01-01 00:00:00.000001922,0.143476
1970-01-01 00:00:00.000001923,0.110322
1970-01-01 00:00:00.000001924,0.076235
1970-01-01 00:00:00.000001925,0.08163
1970-01-01 00:00:00.000001926,0.051823
1970-01-01 00:00:00.000001927,0.0369279999999999
1970-01-01 00:00:00.000001928,-0.014214
1970-01-01 00:00:00.000001929,-0.0407709999999999
1970-01-01 00:00:00.000001930,-0.032186
1970-01-01 00:00:00.000001931,-0.028977
1970-01-01 00:00:00.000001932,0.010318
1970-01-01 00:00:00.000001933,0.031553
1970-01-01 00:00:00.000001934,0.089187
1970-01-01 00:00:00.000001935,0.070034
1970-01-01 00:00:00.000001936,0.113719
1970-01-01 00:00:00.000001937,0.151049
1970-01-01 00:00:00.000001938,0.173498
1970-01-01 00:00:00.000001939,0.326957
1970-01-01 00:00:00.000001940,0.377992
1970-01-01 00:00:00.000001941,0.388555
1970-01-01 00:00:00.000001942,0.305385
1970-01-01 00:00:00.000001943,0.376344
1970-01-01 00:00:00.000001944,0.191873
1970-01-01 00:00:00.000001945,0.167292
1970-01-01 00:00:00.000001946,0.113875
1970-01-01 00:00:00.000001947,0.12332
1970-01-01 00:00:00.000001948,-0.029741
1970-01-01 00:00:00.000001949,0.133015
1970-01-01 00:00:00.000001950,0.06784
1970-01-01 00:00:00.000001951,0.033904
1970-01-01 00:00:00.000001952,0.107346
1970-01-01 00:00:00.000001953,0.108571
1970-01-01 00:00:00.000001954,-0.029501
1970-01-01 00:00:00.000001955,-0.159273
1970-01-01 00:00:00.000001956,-0.339285
1970-01-01 00:00:00.000001957,-0.463109
1970-01-01 00:00:00.000001958,-0.04952
1970-01-01 00:00:00.000001959,-0.0725669999999999
1970-01-01 00:00:00.000001960,0.023168
1970-01-01 00:00:00.000001961,0.0102189999999999
1970-01-01 00:00:00.000001962,-0.065245
1970-01-01 00:00:00.000001963,-0.061821
1970-01-01 00:00:00.000001964,-0.043779
1970-01-01 00:00:00.000001965,-0.04816
1970-01-01 00:00:00.000001966,-0.1280349999999999
1970-01-01 00:00:00.000001967,-0.07375
1970-01-01 00:00:00.000001968,-0.1270069999999999
1970-01-01 00:00:00.000001969,-0.182419
1970-01-01 00:00:00.000001970,-0.221903
1970-01-01 00:00:00.000001971,-0.16229
1970-01-01 00:00:00.000001972,-0.13025
1970-01-01 00:00:00.000001973,-0.1577849999999999
1970-01-01 00:00:00.000001974,-0.148242
1970-01-01 00:00:00.000001975,-0.189917
1970-01-01 00:00:00.000001976,-0.178239
1970-01-01 00:00:00.000001977,-0.247442
1970-01-01 00:00:00.000001978,-0.28696
1970-01-01 00:00:00.000001979,-0.2539099999999999
1970-01-01 00:00:00.000001980,-0.250722
1970-01-01 00:00:00.000001981,-0.221061
1970-01-01 00:00:00.000001982,-0.249777
1970-01-01 00:00:00.000001983,-0.30828
1970-01-01 00:00:00.000001984,-0.306138
1970-01-01 00:00:00.000001985,-0.264646
1970-01-01 00:00:00.000001986,-0.2082889999999999
1970-01-01 00:00:00.000001987,-0.154094
1970-01-01 00:00:00.000001988,-0.133916
1970-01-01 00:00:00.000001989,-0.162639
1970-01-01 00:00:00.000001990,-0.138231
1970-01-01 00:00:00.000001991,-0.202142
1970-01-01 00:00:00.000001992,-0.195765
1970-01-01 00:00:00.000001993,-0.147819
1970-01-01 00:00:00.000001994,-0.070983
1970-01-01 00:00:00.000001995,0.001893
1970-01-01 00:00:00.000001996,0.181428
1970-01-01 00:00:00.000001997,-0.079422
1970-01-01 00:00:00.000001998,0.107814
1970-01-01 00:00:00.000001999,0.09104
1970-01-01 00:00:00.000002000,0.1593369999999999
1970-01-01 00:00:00.000002001,0.157183
1970-01-01 00:00:00.000002002,0.107206
1970-01-01 00:00:00.000002003,0.087104
1970-01-01 00:00:00.000002004,0.096672
1970-01-01 00:00:00.000002005,0.027335
1970-01-01 00:00:00.000002006,-0.042985
1970-01-01 00:00:00.000002007,-0.031346
1970-01-01 00:00:00.000002008,-0.027205
1970-01-01 00:00:00.000002009,0.074937
1970-01-01 00:00:00.000002010,0.04838
1970-01-01 00:00:00.000002011,-0.015471
1970-01-01 00:00:00.000002012,0.01215
1970-01-01 00:00:00.000002013,0.0133
1970-01-01 00:00:00.000002014,-0.072809
1970-01-01 00:00:00.000002015,-0.1036079999999999
1970-01-01 00:00:00.000002016,-0.1109839999999999
1970-01-01 00:00:00.000002017,-0.0588809999999999
1970-01-01 00:00:00.000002018,-0.0088659999999999
1970-01-01 00:00:00.000002019,-0.061087
1970-01-01 00:00:00.000002020,-0.1441069999999999
1970-01-01 00:00:00.000002021,-0.171708
1970-01-01 00:00:00.000002022,-0.065299
1970-01-01 00:00:00.000002023,-0.013198
1970-01-01 00:00:00.000002024,-0.048289
1970-01-01 00:00:00.000002025,-0.095138
1970-01-01 00:00:00.000002026,-0.134517
1970-01-01 00:00:00.000002027,-0.105677
1970-01-01 00:00:00.000002028,-0.0439209999999999
1970-01-01 00:00:00.000002029,-0.000259
1970-01-01 00:00:00.000002030,-0.001308
1970-01-01 00:00:00.000002031,0.0008849999999999
1970-01-01 00:00:00.000002032,0.021159
1970-01-01 00:00:00.000002033,-0.01184
1970-01-01 00:00:00.000002034,-0.0065629999999999
1970-01-01 00:00:00.000002035,-0.048186
1970-01-01 00:00:00.000002036,-0.140847
1970-01-01 00:00:00.000002037,-0.057731
1970-01-01 00:00:00.000002038,-0.016104
1970-01-01 00:00:00.000002039,-0.005484
1970-01-01 00:00:00.000002040,-0.129098
1970-01-01 00:00:00.000002041,-0.098434
1970-01-01 00:00:00.000002042,-0.031518
1970-01-01 00:00:00.000002043,0.013155
1970-01-01 00:00:00.000002044,0.013161
1970-01-01 00:00:00.000002045,0.022788
1970-01-01 00:00:00.000002046,-0.000606
1970-01-01 00:00:00.000002047,0.0153979999999999
1970-01-01 00:00:00.000002048,0.033518
1970-01-01 00:00:00.000002049,-0.005788
1970-01-01 00:00:00.000002050,0.038906
1970-01-01 00:00:00.000002051,0.025091
1970-01-01 00:00:00.000002052,0.0038369999999999
1970-01-01 00:00:00.000002053,0.034643
1970-01-01 00:00:00.000002054,0.060104
1970-01-01 00:00:00.000002055,0.062284
1970-01-01 00:00:00.000002056,0.049554
1970-01-01 00:00:00.000002057,0.0336029999999999
1970-01-01 00:00:00.000002058,-0.000521
1970-01-01 00:00:00.000002059,0.020631
1970-01-01 00:00:00.000002060,0.020533
1970-01-01 00:00:00.000002061,0.022702
1970-01-01 00:00:00.000002062,0.0589409999999999
1970-01-01 00:00:00.000002063,0.1526539999999999
1970-01-01 00:00:00.000002064,0.181421
1970-01-01 00:00:00.000002065,0.154851
1970-01-01 00:00:00.000002066,0.187819
1970-01-01 00:00:00.000002067,0.220886
1970-01-01 00:00:00.000002068,0.2315159999999999
1970-01-01 00:00:00.000002069,0.254033
1970-01-01 00:00:00.000002070,0.298703
1970-01-01 00:00:00.000002071,0.357282
1970-01-01 00:00:00.000002072,0.398924
1970-01-01 00:00:00.000002073,0.449075
1970-01-01 00:00:00.000002074,0.491655
1970-01-01 00:00:00.000002075,0.505564
1970-01-01 00:00:00.000002076,0.49613
1970-01-01 00:00:00.000002077,0.506424
1970-01-01 00:00:00.000002078,0.513927
1970-01-01 00:00:00.000002079,0.498002
1970-01-01 00:00:00.000002080,0.501163
1970-01-01 00:00:00.000002081,0.508578
1970-01-01 00:00:00.000002082,0.505426
1970-01-01 00:00:00.000002083,0.541562
1970-01-01 00:00:00.000002084,0.501042
1970-01-01 00:00:00.000002085,0.456302
1970-01-01 00:00:00.000002086,0.440279
1970-01-01 00:00:00.000002087,0.422162
1970-01-01 00:00:00.000002088,0.382736
1970-01-01 00:00:00.000002089,0.335896
1970-01-01 00:00:00.000002090,0.349825
1970-01-01 00:00:00.000002091,0.345627
1970-01-01 00:00:00.000002092,0.3009219999999999
1970-01-01 00:00:00.000002093,0.241292
1970-01-01 00:00:00.000002094,0.252931
1970-01-01 00:00:00.000002095,0.203816
1970-01-01 00:00:00.000002096,0.155882
1970-01-01 00:00:00.000002097,0.152566
1970-01-01 00:00:00.000002098,0.118375
1970-01-01 00:00:00.000002099,0.085971
1970-01-01 00:00:00.000002100,0.0167569999999999
1970-01-01 00:00:00.000002101,-0.021532
1970-01-01 00:00:00.000002102,-0.053491
1970-01-01 00:00:00.000002103,-0.034395
1970-01-01 00:00:00.000002104,-0.01633
1970-01-01 00:00:00.000002105,-0.050212
1970-01-01 00:00:00.000002106,-0.1096549999999999
1970-01-01 00:00:00.000002107,-0.162847
1970-01-01 00:00:00.000002108,-0.2449239999999999
1970-01-01 00:00:00.000002109,-0.326971
1970-01-01 00:00:00.000002110,-0.403651
1970-01-01 00:00:00.000002111,-0.377185
1970-01-01 00:00:00.000002112,-0.279463
1970-01-01 00:00:00.000002113,-0.260346
1970-01-01 00:00:00.000002114,-0.325362
1970-01-01 00:00:00.000002115,-0.3477929999999999
1970-01-01 00:00:00.000002116,-0.3604239999999999
1970-01-01 00:00:00.000002117,-0.405003
1970-01-01 00:00:00.000002118,-0.3432179999999999
1970-01-01 00:00:00.000002119,-0.25489
1970-01-01 00:00:00.000002120,-0.364564
1970-01-01 00:00:00.000002121,-0.4241689999999999
1970-01-01 00:00:00.000002122,-0.335739
1970-01-01 00:00:00.000002123,-0.230192
1970-01-01 00:00:00.000002124,-0.202353
1970-01-01 00:00:00.000002125,-0.1661109999999999
1970-01-01 00:00:00.000002126,-0.146922
1970-01-01 00:00:00.000002127,-0.092566
1970-01-01 00:00:00.000002128,-0.005194
1970-01-01 00:00:00.000002129,0.045995
1970-01-01 00:00:00.000002130,-0.0189419999999999
1970-01-01 00:00:00.000002131,-0.136145
1970-01-01 00:00:00.000002132,-0.1799089999999999
1970-01-01 00:00:00.000002133,-0.210716
1970-01-01 00:00:00.000002134,-0.2384369999999999
1970-01-01 00:00:00.000002135,-0.2172219999999999
1970-01-01 00:00:00.000002136,-0.224755
1970-01-01 00:00:00.000002137,-0.236494
1970-01-01 00:00:00.000002138,-0.266215
1970-01-01 00:00:00.000002139,-0.291812
1970-01-01 00:00:00.000002140,-0.33775
1970-01-01 00:00:00.000002141,-0.406983
1970-01-01 00:00:00.000002142,-0.409033
1970-01-01 00:00:00.000002143,-0.314155
1970-01-01 00:00:00.000002144,-0.225803
1970-01-01 00:00:00.000002145,-0.283435
1970-01-01 00:00:00.000002146,-0.363623
1970-01-01 00:00:00.000002147,-0.331896
1970-01-01 00:00:00.000002148,-0.263861
1970-01-01 00:00:00.000002149,-0.258694
1970-01-01 00:00:00.000002150,-0.226987
1970-01-01 00:00:00.000002151,-0.247325
1970-01-01 00:00:00.000002152,-0.301605
1970-01-01 00:00:00.000002153,-0.265298
1970-01-01 00:00:00.000002154,-0.264128
1970-01-01 00:00:00.000002155,-0.260891
1970-01-01 00:00:00.000002156,-0.222628
1970-01-01 00:00:00.000002157,-0.192993
1970-01-01 00:00:00.000002158,-0.152842
1970-01-01 00:00:00.000002159,-0.165959
1970-01-01 00:00:00.000002160,-0.104429
1970-01-01 00:00:00.000002161,-0.053386
1970-01-01 00:00:00.000002162,-0.036124
1970-01-01 00:00:00.000002163,-0.043219
1970-01-01 00:00:00.000002164,0.04648
1970-01-01 00:00:00.000002165,0.128485
1970-01-01 00:00:00.000002166,0.170022
1970-01-01 00:00:00.000002167,0.2178719999999999
1970-01-01 00:00:00.000002168,0.362616
1970-01-01 00:00:00.000002169,0.453362
1970-01-01 00:00:00.000002170,0.462082
1970-01-01 00:00:00.000002171,0.500684
1970-01-01 00:00:00.000002172,0.577422
1970-01-01 00:00:00.000002173,0.661667
1970-01-01 00:00:00.000002174,0.692731
1970-01-01 00:00:00.000002175,0.655624
1970-01-01 00:00:00.000002176,0.665343
1970-01-01 00:00:00.000002177,0.712138
1970-01-01 00:00:00.000002178,0.7610239999999999
1970-01-01 00:00:00.000002179,0.659898
1970-01-01 00:00:00.000002180,0.507654
1970-01-01 00:00:00.000002181,0.408471
1970-01-01 00:00:00.000002182,0.357244
1970-01-01 00:00:00.000002183,0.3346909999999999
1970-01-01 00:00:00.000002184,0.205755
1970-01-01 00:00:00.000002185,0.172502
1970-01-01 00:00:00.000002186,0.113646
1970-01-01 00:00:00.000002187,0.070744
1970-01-01 00:00:00.000002188,-0.005017
1970-01-01 00:00:00.000002189,0.030991
1970-01-01 00:00:00.000002190,-0.04902
1970-01-01 00:00:00.000002191,-0.099106
1970-01-01 00:00:00.000002192,-0.233922
1970-01-01 00:00:00.000002193,-0.34509
1970-01-01 00:00:00.000002194,-0.477714
1970-01-01 00:00:00.000002195,-0.605122
1970-01-01 00:00:00.000002196,-0.651504
1970-01-01 00:00:00.000002197,-0.84078
1970-01-01 00:00:00.000002198,-1.081537
1970-01-01 00:00:00.000002199,-1.2029219999999998
1970-01-01 00:00:00.000002200,-1.109208
1970-01-01 00:00:00.000002201,-0.965404
1970-01-01 00:00:00.000002202,-0.8715280000000001
1970-01-01 00:00:00.000002203,-0.819343
1970-01-01 00:00:00.000002204,-0.771749
1970-01-01 00:00:00.000002205,-0.5395
1970-01-01 00:00:00.000002206,-0.337457
1970-01-01 00:00:00.000002207,-0.128763
1970-01-01 00:00:00.000002208,-0.2455369999999999
1970-01-01 00:00:00.000002209,-0.244146
1970-01-01 00:00:00.000002210,-0.260337
1970-01-01 00:00:00.000002211,-0.309438
1970-01-01 00:00:00.000002212,-0.2029119999999999
1970-01-01 00:00:00.000002213,-0.045269
1970-01-01 00:00:00.000002214,0.110168
1970-01-01 00:00:00.000002215,0.168683
1970-01-01 00:00:00.000002216,0.144153
1970-01-01 00:00:00.000002217,0.23592
1970-01-01 00:00:00.000002218,0.22643
1970-01-01 00:00:00.000002219,0.075534
1970-01-01 00:00:00.000002220,-0.017844
1970-01-01 00:00:00.000002221,-0.116714
1970-01-01 00:00:00.000002222,-0.111441
1970-01-01 00:00:00.000002223,0.0129349999999999
1970-01-01 00:00:00.000002224,0.143707
1970-01-01 00:00:00.000002225,0.027145
1970-01-01 00:00:00.000002226,0.056062
1970-01-01 00:00:00.000002227,0.065811
1970-01-01 00:00:00.000002228,0.054089
1970-01-01 00:00:00.000002229,0.075326
1970-01-01 00:00:00.000002230,0.057146
1970-01-01 00:00:00.000002231,-0.061244
1970-01-01 00:00:00.000002232,-0.079427
1970-01-01 00:00:00.000002233,-0.058306
1970-01-01 00:00:00.000002234,0.088894
1970-01-01 00:00:00.000002235,0.123015
1970-01-01 00:00:00.000002236,0.133603
1970-01-01 00:00:00.000002237,0.174742
1970-01-01 00:00:00.000002238,0.359357
1970-01-01 00:00:00.000002239,0.459132
1970-01-01 00:00:00.000002240,0.382096
1970-01-01 00:00:00.000002241,0.202079
1970-01-01 00:00:00.000002242,-0.016054
1970-01-01 00:00:00.000002243,-0.192552
1970-01-01 00:00:00.000002244,-0.30112
1970-01-01 00:00:00.000002245,-0.206451
1970-01-01 00:00:00.000002246,-0.045875
1970-01-01 00:00:00.000002247,-0.024697
1970-01-01 00:00:00.000002248,-0.0179919999999999
1970-01-01 00:00:00.000002249,-0.130608
1970-01-01 00:00:00.000002250,-0.23817
1970-01-01 00:00:00.000002251,-0.20631
1970-01-01 00:00:00.000002252,-0.076484
1970-01-01 00:00:00.000002253,-0.076486
1970-01-01 00:00:00.000002254,-0.059435
1970-01-01 00:00:00.000002255,0.0119379999999999
1970-01-01 00:00:00.000002256,0.153608
1970-01-01 00:00:00.000002257,0.339769
1970-01-01 00:00:00.000002258,0.469037
1970-01-01 00:00:00.000002259,0.372427
1970-01-01 00:00:00.000002260,0.155504
1970-01-01 00:00:00.000002261,-0.061486
1970-01-01 00:00:00.000002262,-0.185978
1970-01-01 00:00:00.000002263,-0.282898
1970-01-01 00:00:00.000002264,-0.22138
1970-01-01 00:00:00.000002265,-0.118228
1970-01-01 00:00:00.000002266,-0.105545
1970-01-01 00:00:00.000002267,-0.181242
1970-01-01 00:00:00.000002268,-0.19294
1970-01-01 00:00:00.000002269,-0.225045
1970-01-01 00:00:00.000002270,-0.293351
1970-01-01 00:00:00.000002271,-0.261339
1970-01-01 00:00:00.000002272,-0.191956
1970-01-01 00:00:00.000002273,-0.194057
1970-01-01 00:00:00.000002274,-0.2559349999999999
1970-01-01 00:00:00.000002275,-0.333788
1970-01-01 00:00:00.000002276,-0.449854
1970-01-01 00:00:00.000002277,-0.6221810000000001
1970-01-01 00:00:00.000002278,-0.699695
1970-01-01 00:00:00.000002279,-0.601641
1970-01-01 00:00:00.000002280,-0.5048
1970-01-01 00:00:00.000002281,-0.4325569999999999
1970-01-01 00:00:00.000002282,-0.369926
1970-01-01 00:00:00.000002283,-0.361568
1970-01-01 00:00:00.000002284,-0.382861
1970-01-01 00:00:00.000002285,-0.410555
1970-01-01 00:00:00.000002286,-0.369191
1970-01-01 00:00:00.000002287,-0.3108059999999999
1970-01-01 00:00:00.000002288,-0.270344
1970-01-01 00:00:00.000002289,-0.2563
1970-01-01 00:00:00.000002290,-0.353089
1970-01-01 00:00:00.000002291,-0.543563
1970-01-01 00:00:00.000002292,-0.6742859999999999
1970-01-01 00:00:00.000002293,-0.700804
1970-01-01 00:00:00.000002294,-0.6251899999999999
1970-01-01 00:00:00.000002295,-0.5452229999999999
1970-01-01 00:00:00.000002296,-0.481239
1970-01-01 00:00:00.000002297,-0.419481
1970-01-01 00:00:00.000002298,-0.417387
1970-01-01 00:00:00.000002299,-0.432312
1970-01-01 00:00:00.000002300,-0.419504
1970-01-01 00:00:00.000002301,-0.450501
1970-01-01 00:00:00.000002302,-0.450638
1970-01-01 00:00:00.000002303,-0.431717
1970-01-01 00:00:00.000002304,-0.3593469999999999
1970-01-01 00:00:00.000002305,-0.20603
1970-01-01 00:00:00.000002306,0.027228
1970-01-01 00:00:00.000002307,0.21352
1970-01-01 00:00:00.000002308,0.340314
1970-01-01 00:00:00.000002309,0.426654
1970-01-01 00:00:00.000002310,0.467039
1970-01-01 00:00:00.000002311,0.529829
1970-01-01 00:00:00.000002312,0.65765
1970-01-01 00:00:00.000002313,0.7299439999999999
1970-01-01 00:00:00.000002314,0.703372
1970-01-01 00:00:00.000002315,0.690869
1970-01-01 00:00:00.000002316,0.6579729999999999
1970-01-01 00:00:00.000002317,0.640937
1970-01-01 00:00:00.000002318,0.769827
1970-01-01 00:00:00.000002319,0.876309
1970-01-01 00:00:00.000002320,0.862489
1970-01-01 00:00:00.000002321,0.736861
1970-01-01 00:00:00.000002322,0.623895
1970-01-01 00:00:00.000002323,0.684398
1970-01-01 00:00:00.000002324,0.807653
1970-01-01 00:00:00.000002325,0.917258
1970-01-01 00:00:00.000002326,0.8793040000000001
1970-01-01 00:00:00.000002327,0.713871
1970-01-01 00:00:00.000002328,0.302351
1970-01-01 00:00:00.000002329,-0.088527
1970-01-01 00:00:00.000002330,0.000171
1970-01-01 00:00:00.000002331,0.487063
1970-01-01 00:00:00.000002332,0.529742
1970-01-01 00:00:00.000002333,0.434497
1970-01-01 00:00:00.000002334,0.356117
1970-01-01 00:00:00.000002335,0.2998119999999999
1970-01-01 00:00:00.000002336,0.1857079999999999
1970-01-01 00:00:00.000002337,0.047999
1970-01-01 00:00:00.000002338,-0.034312
1970-01-01 00:00:00.000002339,0.009319
1970-01-01 00:00:00.000002340,0.112719
1970-01-01 00:00:00.000002341,0.199026
1970-01-01 00:00:00.000002342,0.143614
1970-01-01 00:00:00.000002343,-0.109928
1970-01-01 00:00:00.000002344,-0.306019
1970-01-01 00:00:00.000002345,-0.288151
1970-01-01 00:00:00.000002346,-0.073272
1970-01-01 00:00:00.000002347,0.079952
1970-01-01 00:00:00.000002348,0.121473
1970-01-01 00:00:00.000002349,0.057599
1970-01-01 00:00:00.000002350,-0.059586
1970-01-01 00:00:00.000002351,-0.129922
1970-01-01 00:00:00.000002352,-0.157663
1970-01-01 00:00:00.000002353,-0.15992
1970-01-01 00:00:00.000002354,-0.151411
1970-01-01 00:00:00.000002355,-0.154601
1970-01-01 00:00:00.000002356,-0.168486
1970-01-01 00:00:00.000002357,-0.1802359999999999
1970-01-01 00:00:00.000002358,-0.18136
1970-01-01 00:00:00.000002359,-0.165385
1970-01-01 00:00:00.000002360,-0.1408599999999999
1970-01-01 00:00:00.000002361,-0.12692
1970-01-01 00:00:00.000002362,-0.149204
1970-01-01 00:00:00.000002363,-0.178915
1970-01-01 00:00:00.000002364,-0.216086
1970-01-01 00:00:00.000002365,-0.247988
1970-01-01 00:00:00.000002366,-0.26071
1970-01-01 00:00:00.000002367,-0.251063
1970-01-01 00:00:00.000002368,-0.1945839999999999
1970-01-01 00:00:00.000002369,-0.08068
1970-01-01 00:00:00.000002370,0.032156
1970-01-01 00:00:00.000002371,0.1130299999999999
1970-01-01 00:00:00.000002372,0.158808
1970-01-01 00:00:00.000002373,0.200349
1970-01-01 00:00:00.000002374,0.174803
1970-01-01 00:00:00.000002375,0.146107
1970-01-01 00:00:00.000002376,0.121638
1970-01-01 00:00:00.000002377,0.08862
1970-01-01 00:00:00.000002378,0.088584
1970-01-01 00:00:00.000002379,0.119397
1970-01-01 00:00:00.000002380,0.128973
1970-01-01 00:00:00.000002381,0.084348
1970-01-01 00:00:00.000002382,0.039712
1970-01-01 00:00:00.000002383,0.028074
1970-01-01 00:00:00.000002384,0.043028
1970-01-01 00:00:00.000002385,0.095262
1970-01-01 00:00:00.000002386,0.139956
1970-01-01 00:00:00.000002387,0.1718309999999999
1970-01-01 00:00:00.000002388,0.175006
1970-01-01 00:00:00.000002389,0.161181
1970-01-01 00:00:00.000002390,0.137763
1970-01-01 00:00:00.000002391,0.107955
1970-01-01 00:00:00.000002392,0.088799
1970-01-01 00:00:00.000002393,0.117563
1970-01-01 00:00:00.000002394,0.150586
1970-01-01 00:00:00.000002395,0.150588
1970-01-01 00:00:00.000002396,0.1421059999999999
1970-01-01 00:00:00.000002397,0.135709
1970-01-01 00:00:00.000002398,0.12715
1970-01-01 00:00:00.000002399,0.130277
1970-01-01 00:00:00.000002400,0.137682
1970-01-01 00:00:00.000002401,0.155782
1970-01-01 00:00:00.000002402,0.174993
1970-01-01 00:00:00.000002403,0.181441
1970-01-01 00:00:00.000002404,0.184571
1970-01-01 00:00:00.000002405,0.137744
1970-01-01 00:00:00.000002406,0.109021
1970-01-01 00:00:00.000002407,0.077082
1970-01-01 00:00:00.000002408,0.011154
1970-01-01 00:00:00.000002409,-0.048529
1970-01-01 00:00:00.000002410,-0.045252
1970-01-01 00:00:00.000002411,-0.038776
1970-01-01 00:00:00.000002412,0.0144699999999999
1970-01-01 00:00:00.000002413,0.052631
1970-01-01 00:00:00.000002414,0.00455
1970-01-01 00:00:00.000002415,-0.090224
1970-01-01 00:00:00.000002416,-0.04969
1970-01-01 00:00:00.000002417,0.150442
1970-01-01 00:00:00.000002418,0.148315
1970-01-01 00:00:00.000002419,0.071662
1970-01-01 00:00:00.000002420,0.030067
1970-01-01 00:00:00.000002421,-0.035993
1970-01-01 00:00:00.000002422,-0.098834
1970-01-01 00:00:00.000002423,-0.05417
1970-01-01 00:00:00.000002424,0.093773
1970-01-01 00:00:00.000002425,0.246049
1970-01-01 00:00:00.000002426,0.306763
1970-01-01 00:00:00.000002427,0.319494
1970-01-01 00:00:00.000002428,0.294957
1970-01-01 00:00:00.000002429,0.279264
1970-01-01 00:00:00.000002430,0.2822489999999999
1970-01-01 00:00:00.000002431,-0.021558
1970-01-01 00:00:00.000002432,-0.45569
1970-01-01 00:00:00.000002433,-0.7726390000000001
1970-01-01 00:00:00.000002434,-1.057577
1970-01-01 00:00:00.000002435,-1.3511030000000002
1970-01-01 00:00:00.000002436,-1.7374189999999998
1970-01-01 00:00:00.000002437,-2.181212
1970-01-01 00:00:00.000002438,-0.019786
1970-01-01 00:00:00.000002439,2.8236630000000003
1970-01-01 00:00:00.000002440,2.415159
1970-01-01 00:00:00.000002441,0.558796
1970-01-01 00:00:00.000002442,0.917
1970-01-01 00:00:00.000002443,0.458898
1970-01-01 00:00:00.000002444,-0.1320609999999999
1970-01-01 00:00:00.000002445,-0.4287609999999999
1970-01-01 00:00:00.000002446,-0.835824
1970-01-01 00:00:00.000002447,-1.178592
1970-01-01 00:00:00.000002448,-1.07014
1970-01-01 00:00:00.000002449,-0.499615
1970-01-01 00:00:00.000002450,0.131194
1970-01-01 00:00:00.000002451,0.292732
1970-01-01 00:00:00.000002452,0.361003
1970-01-01 00:00:00.000002453,0.237423
1970-01-01 00:00:00.000002454,0.164171
1970-01-01 00:00:00.000002455,0.104639
1970-01-01 00:00:00.000002456,0.001267
1970-01-01 00:00:00.000002457,-0.073154
1970-01-01 00:00:00.000002458,-0.081551
1970-01-01 00:00:00.000002459,-0.027162
1970-01-01 00:00:00.000002460,0.027122
1970-01-01 00:00:00.000002461,0.06853
1970-01-01 00:00:00.000002462,0.109944
1970-01-01 00:00:00.000002463,0.107743
1970-01-01 00:00:00.000002464,0.078983
1970-01-01 00:00:00.000002465,0.0673049999999999
1970-01-01 00:00:00.000002466,0.079051
1970-01-01 00:00:00.000002467,0.1131349999999999
1970-01-01 00:00:00.000002468,0.1248789999999999
1970-01-01 00:00:00.000002469,0.095081
1970-01-01 00:00:00.000002470,0.0557029999999999
1970-01-01 00:00:00.000002471,0.043991
1970-01-01 00:00:00.000002472,0.057811
1970-01-01 00:00:00.000002473,0.071617
1970-01-01 00:00:00.000002474,0.081184
1970-01-01 00:00:00.000002475,0.082221
1970-01-01 00:00:00.000002476,0.074759
1970-01-01 00:00:00.000002477,0.054526
1970-01-01 00:00:00.000002478,0.045985
1970-01-01 00:00:00.000002479,0.05662
1970-01-01 00:00:00.000002480,0.071511
1970-01-01 00:00:00.000002481,0.078969
1970-01-01 00:00:00.000002482,0.073641
1970-01-01 00:00:00.000002483,0.055553
1970-01-01 00:00:00.000002484,0.033199
1970-01-01 00:00:00.000002485,-0.000909
1970-01-01 00:00:00.000002486,-0.028602
1970-01-01 00:00:00.000002487,-0.045668
1970-01-01 00:00:00.000002488,-0.045702
1970-01-01 00:00:00.000002489,-0.0478829999999999
1970-01-01 00:00:00.000002490,-0.0617399999999999
1970-01-01 00:00:00.000002491,-0.090494
1970-01-01 00:00:00.000002492,-0.108598
1970-01-01 00:00:00.000002493,-0.10438
1970-01-01 00:00:00.000002494,-0.079937
1970-01-01 00:00:00.000002495,-0.06081
1970-01-01 00:00:00.000002496,-0.071476
1970-01-01 00:00:00.000002497,-0.098119
1970-01-01 00:00:00.000002498,-0.109815
1970-01-01 00:00:00.000002499,-0.116166
1970-01-01 00:00:00.000002500,-0.119315
1970-01-01 00:00:00.000002501,-0.12888
1970-01-01 00:00:00.000002502,-0.133119
1970-01-01 00:00:00.000002503,-0.129029
1970-01-01 00:00:00.000002504,-0.122613
1970-01-01 00:00:00.000002505,-0.118338
1970-01-01 00:00:00.000002506,-0.114044
1970-01-01 00:00:00.000002507,-0.119334
1970-01-01 00:00:00.000002508,-0.153372
1970-01-01 00:00:00.000002509,-0.167194
1970-01-01 00:00:00.000002510,-0.125774
1970-01-01 00:00:00.000002511,-0.069328
1970-01-01 00:00:00.000002512,-0.044824
1970-01-01 00:00:00.000002513,-0.066118
1970-01-01 00:00:00.000002514,-0.114004
1970-01-01 00:00:00.000002515,-0.156576
1970-01-01 00:00:00.000002516,-0.135259
1970-01-01 00:00:00.000002517,-0.068201
1970-01-01 00:00:00.000002518,-0.02885
1970-01-01 00:00:00.000002519,-0.032257
1970-01-01 00:00:00.000002520,-0.042919
1970-01-01 00:00:00.000002521,-0.052521
1970-01-01 00:00:00.000002522,-0.045105
1970-01-01 00:00:00.000002523,-0.025998
1970-01-01 00:00:00.000002524,0.006981
1970-01-01 00:00:00.000002525,0.045262
1970-01-01 00:00:00.000002526,0.072913
1970-01-01 00:00:00.000002527,0.085485
1970-01-01 00:00:00.000002528,0.083329
1970-01-01 00:00:00.000002529,0.066271
1970-01-01 00:00:00.000002530,0.070526
1970-01-01 00:00:00.000002531,0.087519
1970-01-01 00:00:00.000002532,0.122638
1970-01-01 00:00:00.000002533,0.15031
1970-01-01 00:00:00.000002534,0.124759
1970-01-01 00:00:00.000002535,0.071573
1970-01-01 00:00:00.000002536,0.022635
1970-01-01 00:00:00.000002537,0.002459
1970-01-01 00:00:00.000002538,-0.0028179999999999
1970-01-01 00:00:00.000002539,-0.012392
1970-01-01 00:00:00.000002540,-0.015596
1970-01-01 00:00:00.000002541,-0.015588
1970-01-01 00:00:00.000002542,-0.019835
1970-01-01 00:00:00.000002543,-0.021943
1970-01-01 00:00:00.000002544,-0.014437
1970-01-01 00:00:00.000002545,-0.028249
1970-01-01 00:00:00.000002546,-0.0803909999999999
1970-01-01 00:00:00.000002547,-0.102699
1970-01-01 00:00:00.000002548,-0.1037569999999999
1970-01-01 00:00:00.000002549,-0.097429
1970-01-01 00:00:00.000002550,-0.023029
1970-01-01 00:00:00.000002551,0.16112
1970-01-01 00:00:00.000002552,0.266572
1970-01-01 00:00:00.000002553,0.200679
1970-01-01 00:00:00.000002554,0.051666
1970-01-01 00:00:00.000002555,-0.044146
1970-01-01 00:00:00.000002556,-0.049476
1970-01-01 00:00:00.000002557,-0.051618
1970-01-01 00:00:00.000002558,-0.084565
1970-01-01 00:00:00.000002559,-0.072837
1970-01-01 00:00:00.000002560,0.01122
1970-01-01 00:00:00.000002561,0.119773
1970-01-01 00:00:00.000002562,0.157026
1970-01-01 00:00:00.000002563,0.126221
1970-01-01 00:00:00.000002564,0.084755
1970-01-01 00:00:00.000002565,-0.007863
1970-01-01 00:00:00.000002566,-0.12493
1970-01-01 00:00:00.000002567,-0.195165
1970-01-01 00:00:00.000002568,-0.213238
1970-01-01 00:00:00.000002569,-0.187646
1970-01-01 00:00:00.000002570,-0.063077
1970-01-01 00:00:00.000002571,0.107322
1970-01-01 00:00:00.000002572,0.1244069999999999
1970-01-01 00:00:00.000002573,0.006246
1970-01-01 00:00:00.000002574,-0.104364
1970-01-01 00:00:00.000002575,-0.109508
1970-01-01 00:00:00.000002576,-0.1317559999999999
1970-01-01 00:00:00.000002577,-0.203071
1970-01-01 00:00:00.000002578,-0.253168
1970-01-01 00:00:00.000002579,-0.2682199999999999
1970-01-01 00:00:00.000002580,-0.227978
1970-01-01 00:00:00.000002581,-0.1195619999999999
1970-01-01 00:00:00.000002582,0.034637
1970-01-01 00:00:00.000002583,0.1835359999999999
1970-01-01 00:00:00.000002584,0.266421
1970-01-01 00:00:00.000002585,0.295076
1970-01-01 00:00:00.000002586,0.275908
1970-01-01 00:00:00.000002587,0.213155
1970-01-01 00:00:00.000002588,0.13444
1970-01-01 00:00:00.000002589,0.052555
1970-01-01 00:00:00.000002590,-0.0048509999999999
1970-01-01 00:00:00.000002591,-0.039962
1970-01-01 00:00:00.000002592,-0.032519
1970-01-01 00:00:00.000002593,-0.008056
1970-01-01 00:00:00.000002594,0.03341
1970-01-01 00:00:00.000002595,0.074879
1970-01-01 00:00:00.000002596,0.098258
1970-01-01 00:00:00.000002597,0.1099369999999999
1970-01-01 00:00:00.000002598,0.120577
1970-01-01 00:00:00.000002599,0.1237549999999999
1970-01-01 00:00:00.000002600,0.116371
1970-01-01 00:00:00.000002601,0.1143329999999999
1970-01-01 00:00:00.000002602,0.113372
1970-01-01 00:00:00.000002603,0.103861
1970-01-01 00:00:00.000002604,0.1145839999999999
1970-01-01 00:00:00.000002605,0.125272
1970-01-01 00:00:00.000002606,0.128432
1970-01-01 00:00:00.000002607,0.14543
1970-01-01 00:00:00.000002608,0.20033
1970-01-01 00:00:00.000002609,0.306868
1970-01-01 00:00:00.000002610,0.430512
1970-01-01 00:00:00.000002611,0.510452
1970-01-01 00:00:00.000002612,0.463024
1970-01-01 00:00:00.000002613,0.375123
1970-01-01 00:00:00.000002614,0.291105
1970-01-01 00:00:00.000002615,0.235279
1970-01-01 00:00:00.000002616,0.059834
1970-01-01 00:00:00.000002617,-0.144825
1970-01-01 00:00:00.000002618,-0.132242
1970-01-01 00:00:00.000002619,0.001527
1970-01-01 00:00:00.000002620,0.025462
1970-01-01 00:00:00.000002621,-0.01766
1970-01-01 00:00:00.000002622,-0.006152
1970-01-01 00:00:00.000002623,-0.0455529999999999
1970-01-01 00:00:00.000002624,-0.038034
1970-01-01 00:00:00.000002625,-0.038021
1970-01-01 00:00:00.000002626,-0.0614929999999999
1970-01-01 00:00:00.000002627,-0.0881919999999999
1970-01-01 00:00:00.000002628,-0.1191319999999999
1970-01-01 00:00:00.000002629,-0.141505
1970-01-01 00:00:00.000002630,-0.157478
1970-01-01 00:00:00.000002631,-0.163864
1970-01-01 00:00:00.000002632,-0.1724119999999999
1970-01-01 00:00:00.000002633,-0.184158
1970-01-01 00:00:00.000002634,-0.193822
1970-01-01 00:00:00.000002635,-0.290946
1970-01-01 00:00:00.000002636,-0.325201
1970-01-01 00:00:00.000002637,-0.2217849999999999
1970-01-01 00:00:00.000002638,-0.196116
1970-01-01 00:00:00.000002639,-0.333598
1970-01-01 00:00:00.000002640,-0.47953
1970-01-01 00:00:00.000002641,-0.660709
1970-01-01 00:00:00.000002642,-0.769494
1970-01-01 00:00:00.000002643,-0.4196609999999999
1970-01-01 00:00:00.000002644,-0.24156
1970-01-01 00:00:00.000002645,-0.322386
1970-01-01 00:00:00.000002646,-0.502483
1970-01-01 00:00:00.000002647,-0.5441
1970-01-01 00:00:00.000002648,-0.48578
1970-01-01 00:00:00.000002649,-0.3050719999999999
1970-01-01 00:00:00.000002650,-0.022032
1970-01-01 00:00:00.000002651,0.129145
1970-01-01 00:00:00.000002652,0.115383
1970-01-01 00:00:00.000002653,0.015475
1970-01-01 00:00:00.000002654,-0.11528
1970-01-01 00:00:00.000002655,-0.284421
1970-01-01 00:00:00.000002656,-0.355486
1970-01-01 00:00:00.000002657,-0.281697
1970-01-01 00:00:00.000002658,-0.230211
1970-01-01 00:00:00.000002659,-0.267385
1970-01-01 00:00:00.000002660,-0.363006
1970-01-01 00:00:00.000002661,-0.458521
1970-01-01 00:00:00.000002662,-0.430634
1970-01-01 00:00:00.000002663,-0.349746
1970-01-01 00:00:00.000002664,-0.3498
1970-01-01 00:00:00.000002665,-0.332972
1970-01-01 00:00:00.000002666,-0.318278
1970-01-01 00:00:00.000002667,-0.286657
1970-01-01 00:00:00.000002668,-0.2081889999999999
1970-01-01 00:00:00.000002669,-0.082639
1970-01-01 00:00:00.000002670,0.030205
1970-01-01 00:00:00.000002671,0.1112799999999999
1970-01-01 00:00:00.000002672,0.216935
1970-01-01 00:00:00.000002673,0.367361
1970-01-01 00:00:00.000002674,0.511404
1970-01-01 00:00:00.000002675,0.375063
1970-01-01 00:00:00.000002676,0.049197
1970-01-01 00:00:00.000002677,-0.1789099999999999
1970-01-01 00:00:00.000002678,-0.249546
1970-01-01 00:00:00.000002679,-0.338261
1970-01-01 00:00:00.000002680,-0.4971649999999999
1970-01-01 00:00:00.000002681,-0.607011
1970-01-01 00:00:00.000002682,-0.4814529999999999
1970-01-01 00:00:00.000002683,0.062588
1970-01-01 00:00:00.000002684,0.4864159999999999
1970-01-01 00:00:00.000002685,0.4470149999999999
1970-01-01 00:00:00.000002686,-0.011752
1970-01-01 00:00:00.000002687,-0.380012
1970-01-01 00:00:00.000002688,-0.449114
1970-01-01 00:00:00.000002689,-0.387253
1970-01-01 00:00:00.000002690,-0.307293
1970-01-01 00:00:00.000002691,-0.187973
1970-01-01 00:00:00.000002692,-0.093206
1970-01-01 00:00:00.000002693,-0.031522
1970-01-01 00:00:00.000002694,-0.016708
1970-01-01 00:00:00.000002695,-0.0359769999999999
1970-01-01 00:00:00.000002696,-0.039251
1970-01-01 00:00:00.000002697,-0.038213
1970-01-01 00:00:00.000002698,-0.063738
1970-01-01 00:00:00.000002699,-0.050884
1970-01-01 00:00:00.000002700,-0.006036
1970-01-01 00:00:00.000002701,0.019642
1970-01-01 00:00:00.000002702,0.0442279999999999
1970-01-01 00:00:00.000002703,0.078389
1970-01-01 00:00:00.000002704,0.110403
1970-01-01 00:00:00.000002705,0.13602
1970-01-01 00:00:00.000002706,0.163758
1970-01-01 00:00:00.000002707,0.175481
1970-01-01 00:00:00.000002708,0.166945
1970-01-01 00:00:00.000002709,0.144541
1970-01-01 00:00:00.000002710,0.119914
1970-01-01 00:00:00.000002711,0.104919
1970-01-01 00:00:00.000002712,0.094204
1970-01-01 00:00:00.000002713,0.091997
1970-01-01 00:00:00.000002714,0.071689
1970-01-01 00:00:00.000002715,0.058877
1970-01-01 00:00:00.000002716,0.056726
1970-01-01 00:00:00.000002717,0.081207
1970-01-01 00:00:00.000002718,0.078008
1970-01-01 00:00:00.000002719,0.030062
1970-01-01 00:00:00.000002720,0.008717
1970-01-01 00:00:00.000002721,0.016106
1970-01-01 00:00:00.000002722,0.046931
1970-01-01 00:00:00.000002723,0.056476
1970-01-01 00:00:00.000002724,0.043663
1970-01-01 00:00:00.000002725,0.035118
1970-01-01 00:00:00.000002726,0.02766
1970-01-01 00:00:00.000002727,0.030833
1970-01-01 00:00:00.000002728,0.032967
1970-01-01 00:00:00.000002729,0.0265639999999999
1970-01-01 00:00:00.000002730,0.0244069999999999
1970-01-01 00:00:00.000002731,0.028631
1970-01-01 00:00:00.000002732,0.03928
1970-01-01 00:00:00.000002733,0.05635
1970-01-01 00:00:00.000002734,0.076598
1970-01-01 00:00:00.000002735,0.094698
1970-01-01 00:00:00.000002736,0.09362
1970-01-01 00:00:00.000002737,0.0873029999999999
1970-01-01 00:00:00.000002738,0.102308
1970-01-01 00:00:00.000002739,0.1195079999999999
1970-01-01 00:00:00.000002740,0.111167
1970-01-01 00:00:00.000002741,0.083647
1970-01-01 00:00:00.000002742,0.0444279999999999
1970-01-01 00:00:00.000002743,0.013711
1970-01-01 00:00:00.000002744,-0.011696
1970-01-01 00:00:00.000002745,-0.033846
1970-01-01 00:00:00.000002746,-0.064527
1970-01-01 00:00:00.000002747,-0.111266
1970-01-01 00:00:00.000002748,-0.192237
1970-01-01 00:00:00.000002749,-0.266998
1970-01-01 00:00:00.000002750,-0.249153
1970-01-01 00:00:00.000002751,-0.124915
1970-01-01 00:00:00.000002752,0.03234
1970-01-01 00:00:00.000002753,0.229108
1970-01-01 00:00:00.000002754,0.392959
1970-01-01 00:00:00.000002755,0.344955
1970-01-01 00:00:00.000002756,0.178804
1970-01-01 00:00:00.000002757,0.036098
1970-01-01 00:00:00.000002758,-0.032063
1970-01-01 00:00:00.000002759,-0.07569
1970-01-01 00:00:00.000002760,-0.102241
1970-01-01 00:00:00.000002761,-0.068119
1970-01-01 00:00:00.000002762,-0.046834
1970-01-01 00:00:00.000002763,-0.028798
1970-01-01 00:00:00.000002764,0.030822
1970-01-01 00:00:00.000002765,0.058582
1970-01-01 00:00:00.000002766,0.050205
1970-01-01 00:00:00.000002767,0.028002
1970-01-01 00:00:00.000002768,0.016431
1970-01-01 00:00:00.000002769,0.025102
1970-01-01 00:00:00.000002770,0.035927
1970-01-01 00:00:00.000002771,0.013694
1970-01-01 00:00:00.000002772,-0.026717
1970-01-01 00:00:00.000002773,-0.0618909999999999
1970-01-01 00:00:00.000002774,-0.079015
1970-01-01 00:00:00.000002775,-0.080228
1970-01-01 00:00:00.000002776,-0.035673
1970-01-01 00:00:00.000002777,0.065325
1970-01-01 00:00:00.000002778,0.172741
1970-01-01 00:00:00.000002779,0.218475
1970-01-01 00:00:00.000002780,0.201459
1970-01-01 00:00:00.000002781,0.176995
1970-01-01 00:00:00.000002782,0.137699
1970-01-01 00:00:00.000002783,0.078165
1970-01-01 00:00:00.000002784,0.037791
1970-01-01 00:00:00.000002785,0.03145
1970-01-01 00:00:00.000002786,0.022908
1970-01-01 00:00:00.000002787,0.024932
1970-01-01 00:00:00.000002788,0.100388
1970-01-01 00:00:00.000002789,0.133181
1970-01-01 00:00:00.000002790,0.114906
1970-01-01 00:00:00.000002791,0.1552859999999999
1970-01-01 00:00:00.000002792,0.185104
1970-01-01 00:00:00.000002793,0.184124
1970-01-01 00:00:00.000002794,0.17787
1970-01-01 00:00:00.000002795,0.1236829999999999
1970-01-01 00:00:00.000002796,0.031186
1970-01-01 00:00:00.000002797,-0.045388
1970-01-01 00:00:00.000002798,-0.069815
1970-01-01 00:00:00.000002799,-0.077246
1970-01-01 00:00:00.000002800,-0.084723
1970-01-01 00:00:00.000002801,-0.075196
1970-01-01 00:00:00.000002802,-0.0379899999999999
1970-01-01 00:00:00.000002803,0.000339
1970-01-01 00:00:00.000002804,0.0046
1970-01-01 00:00:00.000002805,-0.036904
1970-01-01 00:00:00.000002806,-0.067744
1970-01-01 00:00:00.000002807,-0.07625
1970-01-01 00:00:00.000002808,-0.083709
1970-01-01 00:00:00.000002809,-0.107148
1970-01-01 00:00:00.000002810,-0.1072
1970-01-01 00:00:00.000002811,-0.0785179999999999
1970-01-01 00:00:00.000002812,-0.065888
1970-01-01 00:00:00.000002813,-0.048902
1970-01-01 00:00:00.000002814,-0.039337
1970-01-01 00:00:00.000002815,-0.04469
1970-01-01 00:00:00.000002816,-0.05002
1970-01-01 00:00:00.000002817,-0.04042
1970-01-01 00:00:00.000002818,-0.040399
1970-01-01 00:00:00.000002819,-0.05209
1970-01-01 00:00:00.000002820,-0.044597
1970-01-01 00:00:00.000002821,-0.0307019999999999
1970-01-01 00:00:00.000002822,-0.027469
1970-01-01 00:00:00.000002823,-0.033817
1970-01-01 00:00:00.000002824,-0.035917
1970-01-01 00:00:00.000002825,-0.02208
1970-01-01 00:00:00.000002826,0.001351
1970-01-01 00:00:00.000002827,0.010945
1970-01-01 00:00:00.000002828,0.014916
1970-01-01 00:00:00.000002829,0.019197
1970-01-01 00:00:00.000002830,0.025592
1970-01-01 00:00:00.000002831,0.031958
1970-01-01 00:00:00.000002832,0.035146
1970-01-01 00:00:00.000002833,0.041526
1970-01-01 00:00:00.000002834,0.053251
1970-01-01 00:00:00.000002835,0.064973
1970-01-01 00:00:00.000002836,0.0548679999999999
1970-01-01 00:00:00.000002837,0.0601919999999999
1970-01-01 00:00:00.000002838,0.0751049999999999
1970-01-01 00:00:00.000002839,0.086833
1970-01-01 00:00:00.000002840,0.080467
1970-01-01 00:00:00.000002841,0.077296
1970-01-01 00:00:00.000002842,0.0805
1970-01-01 00:00:00.000002843,0.082234
1970-01-01 00:00:00.000002844,0.0854019999999999
1970-01-01 00:00:00.000002845,0.092835
1970-01-01 00:00:00.000002846,0.1045369999999999
1970-01-01 00:00:00.000002847,0.1290359999999999
1970-01-01 00:00:00.000002848,0.141802
1970-01-01 00:00:00.000002849,0.134368
1970-01-01 00:00:00.000002850,0.123739
1970-01-01 00:00:00.000002851,0.108108
1970-01-01 00:00:00.000002852,0.098527
1970-01-01 00:00:00.000002853,0.098541
1970-01-01 00:00:00.000002854,0.107057
1970-01-01 00:00:00.000002855,0.117709
1970-01-01 00:00:00.000002856,0.120878
1970-01-01 00:00:00.000002857,0.120854
1970-01-01 00:00:00.000002858,0.122972
1970-01-01 00:00:00.000002859,0.130411
1970-01-01 00:00:00.000002860,0.141545
1970-01-01 00:00:00.000002861,0.141514
1970-01-01 00:00:00.000002862,0.148952
1970-01-01 00:00:00.000002863,0.165994
1970-01-01 00:00:00.000002864,0.168119
1970-01-01 00:00:00.000002865,0.152152
1970-01-01 00:00:00.000002866,0.154299
1970-01-01 00:00:00.000002867,0.150118
1970-01-01 00:00:00.000002868,0.144821
1970-01-01 00:00:00.000002869,0.1107269999999999
1970-01-01 00:00:00.000002870,0.084134
1970-01-01 00:00:00.000002871,0.061788
1970-01-01 00:00:00.000002872,0.044719
1970-01-01 00:00:00.000002873,0.037247
1970-01-01 00:00:00.000002874,0.030787
1970-01-01 00:00:00.000002875,0.047813
1970-01-01 00:00:00.000002876,0.054194
1970-01-01 00:00:00.000002877,0.052078
1970-01-01 00:00:00.000002878,0.027614
1970-01-01 00:00:00.000002879,0.012727
1970-01-01 00:00:00.000002880,-0.012827
1970-01-01 00:00:00.000002881,-0.031976
1970-01-01 00:00:00.000002882,-0.050057
1970-01-01 00:00:00.000002883,-0.0724269999999999
1970-01-01 00:00:00.000002884,-0.086276
1970-01-01 00:00:00.000002885,-0.091622
1970-01-01 00:00:00.000002886,-0.086306
1970-01-01 00:00:00.000002887,-0.085286
1970-01-01 00:00:00.000002888,-0.076792
1970-01-01 00:00:00.000002889,-0.074658
1970-01-01 00:00:00.000002890,-0.077832
1970-01-01 00:00:00.000002891,-0.087404
1970-01-01 00:00:00.000002892,-0.095911
1970-01-01 00:00:00.000002893,-0.0980299999999999
1970-01-01 00:00:00.000002894,-0.092708
1970-01-01 00:00:00.000002895,-0.094823
1970-01-01 00:00:00.000002896,-0.108653
1970-01-01 00:00:00.000002897,-0.124635
1970-01-01 00:00:00.000002898,-0.1182859999999999
1970-01-01 00:00:00.000002899,-0.100219
1970-01-01 00:00:00.000002900,-0.082148
1970-01-01 00:00:00.000002901,-0.0715259999999999
1970-01-01 00:00:00.000002902,-0.0619299999999999
1970-01-01 00:00:00.000002903,-0.064073
1970-01-01 00:00:00.000002904,-0.0545
1970-01-01 00:00:00.000002905,-0.043827
1970-01-01 00:00:00.000002906,-0.048079
1970-01-01 00:00:00.000002907,-0.0586929999999999
1970-01-01 00:00:00.000002908,-0.0618679999999999
1970-01-01 00:00:00.000002909,-0.054363
1970-01-01 00:00:00.000002910,-0.053273
1970-01-01 00:00:00.000002911,-0.064966
1970-01-01 00:00:00.000002912,-0.071347
1970-01-01 00:00:00.000002913,-0.060707
1970-01-01 00:00:00.000002914,-0.0607179999999999
1970-01-01 00:00:00.000002915,-0.0767299999999999
1970-01-01 00:00:00.000002916,-0.0746059999999999
1970-01-01 00:00:00.000002917,-0.0607809999999999
1970-01-01 00:00:00.000002918,-0.056524
1970-01-01 00:00:00.000002919,-0.071437
1970-01-01 00:00:00.000002920,-0.090616
1970-01-01 00:00:00.000002921,-0.073594
1970-01-01 00:00:00.000002922,-0.068243
1970-01-01 00:00:00.000002923,-0.05651
1970-01-01 00:00:00.000002924,-0.066062
1970-01-01 00:00:00.000002925,-0.069256
1970-01-01 00:00:00.000002926,-0.080965
1970-01-01 00:00:00.000002927,-0.0596429999999999
1970-01-01 00:00:00.000002928,-0.043651
1970-01-01 00:00:00.000002929,-0.050002
1970-01-01 00:00:00.000002930,-0.053185
1970-01-01 00:00:00.000002931,-0.023348
1970-01-01 00:00:00.000002932,-0.010603
1970-01-01 00:00:00.000002933,-0.021733
1970-01-01 00:00:00.000002934,-0.010064
1970-01-01 00:00:00.000002935,0.005868
1970-01-01 00:00:00.000002936,0.0154539999999999
1970-01-01 00:00:00.000002937,0.0292839999999999
1970-01-01 00:00:00.000002938,0.03777
1970-01-01 00:00:00.000002939,0.046261
1970-01-01 00:00:00.000002940,0.044112
1970-01-01 00:00:00.000002941,0.06007
1970-01-01 00:00:00.000002942,0.076007
1970-01-01 00:00:00.000002943,0.081319
1970-01-01 00:00:00.000002944,0.088766
1970-01-01 00:00:00.000002945,0.100511
1970-01-01 00:00:00.000002946,0.110132
1970-01-01 00:00:00.000002947,0.104832
1970-01-01 00:00:00.000002948,0.102729
1970-01-01 00:00:00.000002949,0.103822
1970-01-01 00:00:00.000002950,0.102799
1970-01-01 00:00:00.000002951,0.094319
1970-01-01 00:00:00.000002952,0.060261
1970-01-01 00:00:00.000002953,0.029401
1970-01-01 00:00:00.000002954,0.025097
1970-01-01 00:00:00.000002955,0.037844
1970-01-01 00:00:00.000002956,0.0442
1970-01-01 00:00:00.000002957,0.030364
1970-01-01 00:00:00.000002958,-0.005836
1970-01-01 00:00:00.000002959,-0.022881
1970-01-01 00:00:00.000002960,-0.013304
1970-01-01 00:00:00.000002961,-0.010117
1970-01-01 00:00:00.000002962,-0.020753
1970-01-01 00:00:00.000002963,-0.038843
1970-01-01 00:00:00.000002964,-0.0558769999999999
1970-01-01 00:00:00.000002965,-0.056953
1970-01-01 00:00:00.000002966,-0.047904
1970-01-01 00:00:00.000002967,-0.040435
1970-01-01 00:00:00.000002968,-0.044693
1970-01-01 00:00:00.000002969,-0.05107
1970-01-01 00:00:00.000002970,-0.051044
1970-01-01 00:00:00.000002971,-0.0297209999999999
1970-01-01 00:00:00.000002972,-0.024415
1970-01-01 00:00:00.000002973,-0.037207
1970-01-01 00:00:00.000002974,-0.020171
1970-01-01 00:00:00.000002975,-0.004384
1970-01-01 00:00:00.000002976,0.004118
1970-01-01 00:00:00.000002977,0.0115599999999999
1970-01-01 00:00:00.000002978,0.019009
1970-01-01 00:00:00.000002979,0.014746
1970-01-01 00:00:00.000002980,0.025377
1970-01-01 00:00:00.000002981,0.02429
1970-01-01 00:00:00.000002982,0.017902
1970-01-01 00:00:00.000002983,0.01857
1970-01-01 00:00:00.000002984,0.010064
1970-01-01 00:00:00.000002985,0.000488
1970-01-01 00:00:00.000002986,-0.0059
1970-01-01 00:00:00.000002987,-0.0026969999999999
1970-01-01 00:00:00.000002988,-0.011205
1970-01-01 00:00:00.000002989,-0.025034
1970-01-01 00:00:00.000002990,-0.017263
1970-01-01 00:00:00.000002991,-0.009806
1970-01-01 00:00:00.000002992,-0.014072
1970-01-01 00:00:00.000002993,-0.01514
1970-01-01 00:00:00.000002994,-0.00665
1970-01-01 00:00:00.000002995,-0.001338
1970-01-01 00:00:00.000002996,0.003981
1970-01-01 00:00:00.000002997,0.012511
1970-01-01 00:00:00.000002998,0.008002
1970-01-01 00:00:00.000002999,0.00376
1970-01-01 00:00:00.000003000,-0.0005099999999999
1970-01-01 00:00:00.000003001,0.001605
1970-01-01 00:00:00.000003002,-0.001599
1970-01-01 00:00:00.000003003,-0.001586
1970-01-01 00:00:00.000003004,-0.004769
1970-01-01 00:00:00.000003005,-0.0005099999999999
1970-01-01 00:00:00.000003006,-0.006895
1970-01-01 00:00:00.000003007,-0.00989
1970-01-01 00:00:00.000003008,-0.012072
1970-01-01 00:00:00.000003009,-0.002539
1970-01-01 00:00:00.000003010,0.012318
1970-01-01 00:00:00.000003011,0.008093
1970-01-01 00:00:00.000003012,-0.0142199999999999
1970-01-01 00:00:00.000003013,-0.004575
1970-01-01 00:00:00.000003014,-0.02043
1970-01-01 00:00:00.000003015,-0.0257829999999999
1970-01-01 00:00:00.000003016,0.001906
1970-01-01 00:00:00.000003017,0.023235
1970-01-01 00:00:00.000003018,0.037131
1970-01-01 00:00:00.000003019,0.03183
1970-01-01 00:00:00.000003020,0.015878
1970-01-01 00:00:00.000003021,0.012733
1970-01-01 00:00:00.000003022,0.009645
1970-01-01 00:00:00.000003023,-0.007427
1970-01-01 00:00:00.000003024,-0.057501
1970-01-01 00:00:00.000003025,-0.117172
1970-01-01 00:00:00.000003026,-0.125717
1970-01-01 00:00:00.000003027,-0.102256
1970-01-01 00:00:00.000003028,-0.099019
1970-01-01 00:00:00.000003029,-0.0787419999999999
1970-01-01 00:00:00.000003030,-0.0787409999999999
1970-01-01 00:00:00.000003031,-0.091486
1970-01-01 00:00:00.000003032,-0.050151
1970-01-01 00:00:00.000003033,0.032935
1970-01-01 00:00:00.000003034,0.02976
1970-01-01 00:00:00.000003035,0.074418
1970-01-01 00:00:00.000003036,0.1330339999999999
1970-01-01 00:00:00.000003037,0.129891
1970-01-01 00:00:00.000003038,0.113875
1970-01-01 00:00:00.000003039,0.142497
1970-01-01 00:00:00.000003040,0.176552
1970-01-01 00:00:00.000003041,0.148983
1970-01-01 00:00:00.000003042,0.136303
1970-01-01 00:00:00.000003043,0.206576
1970-01-01 00:00:00.000003044,0.251305
1970-01-01 00:00:00.000003045,0.246018
1970-01-01 00:00:00.000003046,0.253602
1970-01-01 00:00:00.000003047,0.272763
1970-01-01 00:00:00.000003048,0.275969
1970-01-01 00:00:00.000003049,0.2365739999999999
1970-01-01 00:00:00.000003050,0.198221
1970-01-01 00:00:00.000003051,0.157717
1970-01-01 00:00:00.000003052,0.139553
1970-01-01 00:00:00.000003053,0.1555109999999999
1970-01-01 00:00:00.000003054,0.1704
1970-01-01 00:00:00.000003055,0.143734
1970-01-01 00:00:00.000003056,0.075566
1970-01-01 00:00:00.000003057,0.072389
1970-01-01 00:00:00.000003058,0.064965
1970-01-01 00:00:00.000003059,0.032023
1970-01-01 00:00:00.000003060,0.016119
1970-01-01 00:00:00.000003061,-0.008294
1970-01-01 00:00:00.000003062,-0.03806
1970-01-01 00:00:00.000003063,-0.035917
1970-01-01 00:00:00.000003064,-0.016756
1970-01-01 00:00:00.000003065,0.015123
1970-01-01 00:00:00.000003066,0.054452
1970-01-01 00:00:00.000003067,0.07997
1970-01-01 00:00:00.000003068,0.086729
1970-01-01 00:00:00.000003069,0.08886
1970-01-01 00:00:00.000003070,0.079319
1970-01-01 00:00:00.000003071,0.047399
1970-01-01 00:00:00.000003072,0.025125
1970-01-01 00:00:00.000003073,0.018775
1970-01-01 00:00:00.000003074,0.032638
1970-01-01 00:00:00.000003075,0.040083
1970-01-01 00:00:00.000003076,0.0517419999999999
1970-01-01 00:00:00.000003077,0.055965
1970-01-01 00:00:00.000003078,0.056991
1970-01-01 00:00:00.000003079,0.050544
1970-01-01 00:00:00.000003080,0.054782
1970-01-01 00:00:00.000003081,0.067591
1970-01-01 00:00:00.000003082,0.058051
1970-01-01 00:00:00.000003083,0.034675
1970-01-01 00:00:00.000003084,0.041066
1970-01-01 00:00:00.000003085,0.030432
1970-01-01 00:00:00.000003086,0.022994
1970-01-01 00:00:00.000003087,0.030422
1970-01-01 00:00:00.000003088,0.045293
1970-01-01 00:00:00.000003089,0.065482
1970-01-01 00:00:00.000003090,0.060125
1970-01-01 00:00:00.000003091,0.04625
1970-01-01 00:00:00.000003092,0.064356
1970-01-01 00:00:00.000003093,0.084607
1970-01-01 00:00:00.000003094,0.0899809999999999
1970-01-01 00:00:00.000003095,0.080435
1970-01-01 00:00:00.000003096,0.054903
1970-01-01 00:00:00.000003097,0.032538
1970-01-01 00:00:00.000003098,0.022914
1970-01-01 00:00:00.000003099,0.020776
1970-01-01 00:00:00.000003100,0.026091
1970-01-01 00:00:00.000003101,0.044174
1970-01-01 00:00:00.000003102,0.059085
1970-01-01 00:00:00.000003103,0.0644049999999999
1970-01-01 00:00:00.000003104,0.067593
1970-01-01 00:00:00.000003105,0.062255
1970-01-01 00:00:00.000003106,0.051621
1970-01-01 00:00:00.000003107,0.032449
1970-01-01 00:00:00.000003108,0.02179
1970-01-01 00:00:00.000003109,0.015402
1970-01-01 00:00:00.000003110,0.016468
1970-01-01 00:00:00.000003111,0.002634
1970-01-01 00:00:00.000003112,0.009015
1970-01-01 00:00:00.000003113,0.018587
1970-01-01 00:00:00.000003114,0.0154139999999999
1970-01-01 00:00:00.000003115,-0.002656
1970-01-01 00:00:00.000003116,-0.005825
1970-01-01 00:00:00.000003117,-0.002649
1970-01-01 00:00:00.000003118,0.000473
1970-01-01 00:00:00.000003119,0.007899
1970-01-01 00:00:00.000003120,0.010023
1970-01-01 00:00:00.000003121,0.003633
1970-01-01 00:00:00.000003122,-0.0016899999999999
1970-01-01 00:00:00.000003123,-0.010244
1970-01-01 00:00:00.000003124,-0.0070599999999999
1970-01-01 00:00:00.000003125,-0.012374
1970-01-01 00:00:00.000003126,-0.023022
1970-01-01 00:00:00.000003127,-0.029405
1970-01-01 00:00:00.000003128,-0.031535
1970-01-01 00:00:00.000003129,-0.033666
1970-01-01 00:00:00.000003130,-0.031538
1970-01-01 00:00:00.000003131,-0.035758
1970-01-01 00:00:00.000003132,-0.034678
1970-01-01 00:00:00.000003133,-0.026148
1970-01-01 00:00:00.000003134,-0.0154939999999999
1970-01-01 00:00:00.000003135,-0.01868
1970-01-01 00:00:00.000003136,-0.020812
1970-01-01 00:00:00.000003137,-0.0144389999999999
1970-01-01 00:00:00.000003138,-0.000616
1970-01-01 00:00:00.000003139,0.006809
1970-01-01 00:00:00.000003140,-0.000633
1970-01-01 00:00:00.000003141,-0.002741
1970-01-01 00:00:00.000003142,-0.004873
1970-01-01 00:00:00.000003143,-0.009152
1970-01-01 00:00:00.000003144,-0.004917
1970-01-01 00:00:00.000003145,-0.002792
1970-01-01 00:00:00.000003146,-0.007065
1970-01-01 00:00:00.000003147,-0.004926
1970-01-01 00:00:00.000003148,-0.000646
1970-01-01 00:00:00.000003149,-0.002748
1970-01-01 00:00:00.000003150,-0.001669
1970-01-01 00:00:00.000003151,-0.005908
1970-01-01 00:00:00.000003152,-0.006099
1970-01-01 00:00:00.000003153,-0.0018449999999999
1970-01-01 00:00:00.000003154,0.000275
1970-01-01 00:00:00.000003155,-0.003985
1970-01-01 00:00:00.000003156,-0.001871
1970-01-01 00:00:00.000003157,0.002389
1970-01-01 00:00:00.000003158,0.007729
1970-01-01 00:00:00.000003159,0.005618
1970-01-01 00:00:00.000003160,0.00784
1970-01-01 00:00:00.000003161,0.005728
1970-01-01 00:00:00.000003162,-0.002791
1970-01-01 00:00:00.000003163,0.001451
1970-01-01 00:00:00.000003164,0.00565
1970-01-01 00:00:00.000003165,0.017296
1970-01-01 00:00:00.000003166,0.018347
1970-01-01 00:00:00.000003167,0.01162
1970-01-01 00:00:00.000003168,0.0116189999999999
1970-01-01 00:00:00.000003169,0.031854
1970-01-01 00:00:00.000003170,0.021243
1970-01-01 00:00:00.000003171,0.00957
1970-01-01 00:00:00.000003172,0.002137
1970-01-01 00:00:00.000003173,0.010651
1970-01-01 00:00:00.000003174,0.001058
1970-01-01 00:00:00.000003175,-0.019347
1970-01-01 00:00:00.000003176,-0.01725
1970-01-01 00:00:00.000003177,-0.007682
1970-01-01 00:00:00.000003178,-0.000212
1970-01-01 00:00:00.000003179,0.008301
1970-01-01 00:00:00.000003180,0.018952
1970-01-01 00:00:00.000003181,0.026375
1970-01-01 00:00:00.000003182,0.028477
1970-01-01 00:00:00.000003183,0.013525
1970-01-01 00:00:00.000003184,-0.000398
1970-01-01 00:00:00.000003185,0.009195
1970-01-01 00:00:00.000003186,0.003889
1970-01-01 00:00:00.000003187,-0.002486
1970-01-01 00:00:00.000003188,-0.006703
1970-01-01 00:00:00.000003189,-0.019444
1970-01-01 00:00:00.000003190,-0.033289
1970-01-01 00:00:00.000003191,-0.033315
1970-01-01 00:00:00.000003192,-0.0407649999999999
1970-01-01 00:00:00.000003193,-0.051401
1970-01-01 00:00:00.000003194,-0.074809
1970-01-01 00:00:00.000003195,-0.084395
1970-01-01 00:00:00.000003196,-0.082287
1970-01-01 00:00:00.000003197,-0.071672
1970-01-01 00:00:00.000003198,-0.065307
1970-01-01 00:00:00.000003199,-0.061042
1970-01-01 00:00:00.000003200,-0.046217
1970-01-01 00:00:00.000003201,-0.027017
1970-01-01 00:00:00.000003202,-0.016314
1970-01-01 00:00:00.000003203,-0.024796
1970-01-01 00:00:00.000003204,-0.0418329999999999
1970-01-01 00:00:00.000003205,-0.039722
1970-01-01 00:00:00.000003206,-0.021622
1970-01-01 00:00:00.000003207,-0.025876
1970-01-01 00:00:00.000003208,-0.0185719999999999
1970-01-01 00:00:00.000003209,0.001638
1970-01-01 00:00:00.000003210,0.017567
1970-01-01 00:00:00.000003211,0.026068
1970-01-01 00:00:00.000003212,0.037774
1970-01-01 00:00:00.000003213,0.050535
1970-01-01 00:00:00.000003214,0.054774
1970-01-01 00:00:00.000003215,0.048192
1970-01-01 00:00:00.000003216,0.062018
1970-01-01 00:00:00.000003217,0.064179
1970-01-01 00:00:00.000003218,0.051422
1970-01-01 00:00:00.000003219,0.028037
1970-01-01 00:00:00.000003220,0.022753
1970-01-01 00:00:00.000003221,0.007893
1970-01-01 00:00:00.000003222,-0.004878
1970-01-01 00:00:00.000003223,-0.010253
1970-01-01 00:00:00.000003224,-0.015587
1970-01-01 00:00:00.000003225,-0.012417
1970-01-01 00:00:00.000003226,0.000362
1970-01-01 00:00:00.000003227,0.002477
1970-01-01 00:00:00.000003228,-0.000726
1970-01-01 00:00:00.000003229,-0.006067
1970-01-01 00:00:00.000003230,-0.008175
1970-01-01 00:00:00.000003231,-0.015607
1970-01-01 00:00:00.000003232,-0.01177
1970-01-01 00:00:00.000003233,-0.0224259999999999
1970-01-01 00:00:00.000003234,-0.027754
1970-01-01 00:00:00.000003235,-0.027757
1970-01-01 00:00:00.000003236,-0.030947
1970-01-01 00:00:00.000003237,-0.022431
1970-01-01 00:00:00.000003238,-0.02562
1970-01-01 00:00:00.000003239,-0.024571
1970-01-01 00:00:00.000003240,-0.009956
1970-01-01 00:00:00.000003241,-0.020617
1970-01-01 00:00:00.000003242,-0.034433
1970-01-01 00:00:00.000003243,-0.036563
1970-01-01 00:00:00.000003244,-0.038697
1970-01-01 00:00:00.000003245,-0.042985
1970-01-01 00:00:00.000003246,-0.052582
1970-01-01 00:00:00.000003247,-0.054402
1970-01-01 00:00:00.000003248,-0.048024
1970-01-01 00:00:00.000003249,-0.069341
1970-01-01 00:00:00.000003250,-0.077877
1970-01-01 00:00:00.000003251,-0.071493
1970-01-01 00:00:00.000003252,-0.061902
1970-01-01 00:00:00.000003253,-0.044843
1970-01-01 00:00:00.000003254,-0.039427
1970-01-01 00:00:00.000003255,-0.04152
1970-01-01 00:00:00.000003256,-0.032004
1970-01-01 00:00:00.000003257,-0.051151
1970-01-01 00:00:00.000003258,-0.075637
1970-01-01 00:00:00.000003259,-0.035222
1970-01-01 00:00:00.000003260,-0.0129349999999999
1970-01-01 00:00:00.000003261,-0.022565
1970-01-01 00:00:00.000003262,-0.020458
1970-01-01 00:00:00.000003263,-0.021572
1970-01-01 00:00:00.000003264,-0.002393
1970-01-01 00:00:00.000003265,0.013615
1970-01-01 00:00:00.000003266,-0.004469
1970-01-01 00:00:00.000003267,-0.0140539999999999
1970-01-01 00:00:00.000003268,-0.030014
1970-01-01 00:00:00.000003269,-0.025748
1970-01-01 00:00:00.000003270,-0.027862
1970-01-01 00:00:00.000003271,-0.047892
1970-01-01 00:00:00.000003272,-0.077723
1970-01-01 00:00:00.000003273,-0.091607
1970-01-01 00:00:00.000003274,-0.087392
1970-01-01 00:00:00.000003275,-0.07151
1970-01-01 00:00:00.000003276,-0.063047
1970-01-01 00:00:00.000003277,-0.068367
1970-01-01 00:00:00.000003278,-0.073652
1970-01-01 00:00:00.000003279,-0.082665
1970-01-01 00:00:00.000003280,-0.076226
1970-01-01 00:00:00.000003281,-0.067671
1970-01-01 00:00:00.000003282,-0.093196
1970-01-01 00:00:00.000003283,-0.134723
1970-01-01 00:00:00.000003284,-0.145386
1970-01-01 00:00:00.000003285,-0.119879
1970-01-01 00:00:00.000003286,-0.086901
1970-01-01 00:00:00.000003287,-0.080687
1970-01-01 00:00:00.000003288,-0.1030609999999999
1970-01-01 00:00:00.000003289,-0.129673
1970-01-01 00:00:00.000003290,-0.131805
1970-01-01 00:00:00.000003291,-0.143529
1970-01-01 00:00:00.000003292,-0.147766
1970-01-01 00:00:00.000003293,-0.148832
1970-01-01 00:00:00.000003294,-0.151994
1970-01-01 00:00:00.000003295,-0.14983
1970-01-01 00:00:00.000003296,-0.130643
1970-01-01 00:00:00.000003297,-0.110403
1970-01-01 00:00:00.000003298,-0.098678
1970-01-01 00:00:00.000003299,-0.08801
1970-01-01 00:00:00.000003300,-0.070952
1970-01-01 00:00:00.000003301,-0.041131
1970-01-01 00:00:00.000003302,-0.013449
1970-01-01 00:00:00.000003303,-0.002799
1970-01-01 00:00:00.000003304,0.0036079999999999
1970-01-01 00:00:00.000003305,0.02601
1970-01-01 00:00:00.000003306,0.054786
1970-01-01 00:00:00.000003307,0.062245
1970-01-01 00:00:00.000003308,0.062228
1970-01-01 00:00:00.000003309,0.078164
1970-01-01 00:00:00.000003310,0.102646
1970-01-01 00:00:00.000003311,0.1250099999999999
1970-01-01 00:00:00.000003312,0.130341
1970-01-01 00:00:00.000003313,0.125032
1970-01-01 00:00:00.000003314,0.133568
1970-01-01 00:00:00.000003315,0.13569
1970-01-01 00:00:00.000003316,0.133552
1970-01-01 00:00:00.000003317,0.135687
1970-01-01 00:00:00.000003318,0.1431359999999999
1970-01-01 00:00:00.000003319,0.146326
1970-01-01 00:00:00.000003320,0.141016
1970-01-01 00:00:00.000003321,0.144215
1970-01-01 00:00:00.000003322,0.149733
1970-01-01 00:00:00.000003323,0.1497089999999999
1970-01-01 00:00:00.000003324,0.141218
1970-01-01 00:00:00.000003325,0.120999
1970-01-01 00:00:00.000003326,0.125257
1970-01-01 00:00:00.000003327,0.14227
1970-01-01 00:00:00.000003328,0.151839
1970-01-01 00:00:00.000003329,0.14866
1970-01-01 00:00:00.000003330,0.139096
1970-01-01 00:00:00.000003331,0.1295359999999999
1970-01-01 00:00:00.000003332,0.125281
1970-01-01 00:00:00.000003333,0.121012
1970-01-01 00:00:00.000003334,0.1146359999999999
1970-01-01 00:00:00.000003335,0.1167769999999999
1970-01-01 00:00:00.000003336,0.130628
1970-01-01 00:00:00.000003337,0.140229
1970-01-01 00:00:00.000003338,0.133838
1970-01-01 00:00:00.000003339,0.125297
1970-01-01 00:00:00.000003340,0.115705
1970-01-01 00:00:00.000003341,0.109317
1970-01-01 00:00:00.000003342,0.11888
1970-01-01 00:00:00.000003343,0.133806
1970-01-01 00:00:00.000003344,0.1285099999999999
1970-01-01 00:00:00.000003345,0.122129
1970-01-01 00:00:00.000003346,0.131709
1970-01-01 00:00:00.000003347,0.141269
1970-01-01 00:00:00.000003348,0.118919
1970-01-01 00:00:00.000003349,0.085775
1970-01-01 00:00:00.000003350,0.082497
1970-01-01 00:00:00.000003351,0.097344
1970-01-01 00:00:00.000003352,0.111165
1970-01-01 00:00:00.000003353,0.112242
1970-01-01 00:00:00.000003354,0.0962929999999999
1970-01-01 00:00:00.000003355,0.069701
1970-01-01 00:00:00.000003356,0.043101
1970-01-01 00:00:00.000003357,0.0197
1970-01-01 00:00:00.000003358,-0.009037
1970-01-01 00:00:00.000003359,-0.020756
1970-01-01 00:00:00.000003360,-0.027185
1970-01-01 00:00:00.000003361,-0.044271
1970-01-01 00:00:00.000003362,-0.05389
1970-01-01 00:00:00.000003363,-0.047534
1970-01-01 00:00:00.000003364,-0.029445
1970-01-01 00:00:00.000003365,-0.012381
1970-01-01 00:00:00.000003366,-0.00807
1970-01-01 00:00:00.000003367,0.00688
1970-01-01 00:00:00.000003368,0.011164
1970-01-01 00:00:00.000003369,0.005864
1970-01-01 00:00:00.000003370,0.002676
1970-01-01 00:00:00.000003371,0.00373
1970-01-01 00:00:00.000003372,-0.007982
1970-01-01 00:00:00.000003373,-0.018705
1970-01-01 00:00:00.000003374,-0.028339
1970-01-01 00:00:00.000003375,-0.042198
1970-01-01 00:00:00.000003376,-0.0592139999999999
1970-01-01 00:00:00.000003377,-0.070932
1970-01-01 00:00:00.000003378,-0.0699029999999999
1970-01-01 00:00:00.000003379,-0.0614049999999999
1970-01-01 00:00:00.000003380,-0.03694
1970-01-01 00:00:00.000003381,0.002457
1970-01-01 00:00:00.000003382,0.053574
1970-01-01 00:00:00.000003383,0.1025799999999999
1970-01-01 00:00:00.000003384,0.141005
1970-01-01 00:00:00.000003385,0.163508
1970-01-01 00:00:00.000003386,0.1583
1970-01-01 00:00:00.000003387,0.109356
1970-01-01 00:00:00.000003388,0.021985
1970-01-01 00:00:00.000003389,-0.070865
1970-01-01 00:00:00.000003390,-0.148803
1970-01-01 00:00:00.000003391,-0.189344
1970-01-01 00:00:00.000003392,-0.243707
1970-01-01 00:00:00.000003393,-0.269286
1970-01-01 00:00:00.000003394,-0.251167
1970-01-01 00:00:00.000003395,-0.214908
1970-01-01 00:00:00.000003396,-0.15946
1970-01-01 00:00:00.000003397,-0.102923
1970-01-01 00:00:00.000003398,-0.060242
1970-01-01 00:00:00.000003399,-0.027168
1970-01-01 00:00:00.000003400,0.002675
1970-01-01 00:00:00.000003401,0.018614
1970-01-01 00:00:00.000003402,0.023873
1970-01-01 00:00:00.000003403,0.02599
1970-01-01 00:00:00.000003404,0.013222
1970-01-01 00:00:00.000003405,0.00151
1970-01-01 00:00:00.000003406,-0.003859
1970-01-01 00:00:00.000003407,-0.039001
1970-01-01 00:00:00.000003408,-0.084834
1970-01-01 00:00:00.000003409,-0.084894
1970-01-01 00:00:00.000003410,-0.081737
1970-01-01 00:00:00.000003411,-0.100951
1970-01-01 00:00:00.000003412,-0.117128
1970-01-01 00:00:00.000003413,-0.12247
1970-01-01 00:00:00.000003414,-0.126725
1970-01-01 00:00:00.000003415,-0.130933
1970-01-01 00:00:00.000003416,-0.153279
1970-01-01 00:00:00.000003417,-0.161766
1970-01-01 00:00:00.000003418,-0.153189
1970-01-01 00:00:00.000003419,-0.145675
1970-01-01 00:00:00.000003420,-0.171315
1970-01-01 00:00:00.000003421,-0.20854
1970-01-01 00:00:00.000003422,-0.216004
1970-01-01 00:00:00.000003423,-0.18517
1970-01-01 00:00:00.000003424,-0.163907
1970-01-01 00:00:00.000003425,-0.168141
1970-01-01 00:00:00.000003426,-0.151083
1970-01-01 00:00:00.000003427,-0.112751
1970-01-01 00:00:00.000003428,-0.106341
1970-01-01 00:00:00.000003429,-0.1041339999999999
1970-01-01 00:00:00.000003430,-0.093486
1970-01-01 00:00:00.000003431,-0.0977519999999999
1970-01-01 00:00:00.000003432,-0.080727
1970-01-01 00:00:00.000003433,-0.040288
1970-01-01 00:00:00.000003434,-0.020064
1970-01-01 00:00:00.000003435,-0.0147419999999999
1970-01-01 00:00:00.000003436,-0.011565
1970-01-01 00:00:00.000003437,-0.016899
1970-01-01 00:00:00.000003438,-0.016921
1970-01-01 00:00:00.000003439,-0.009484
1970-01-01 00:00:00.000003440,-0.0073849999999999
1970-01-01 00:00:00.000003441,0.001142
1970-01-01 00:00:00.000003442,0.012865
1970-01-01 00:00:00.000003443,0.018196
1970-01-01 00:00:00.000003444,0.0150099999999999
1970-01-01 00:00:00.000003445,0.02354
1970-01-01 00:00:00.000003446,0.040562
1970-01-01 00:00:00.000003447,0.041578
1970-01-01 00:00:00.000003448,0.040468
1970-01-01 00:00:00.000003449,0.048951
1970-01-01 00:00:00.000003450,0.051099
1970-01-01 00:00:00.000003451,0.045806
1970-01-01 00:00:00.000003452,0.046875
1970-01-01 00:00:00.000003453,0.069187
1970-01-01 00:00:00.000003454,0.080872
1970-01-01 00:00:00.000003455,0.079822
1970-01-01 00:00:00.000003456,0.089424
1970-01-01 00:00:00.000003457,0.093662
1970-01-01 00:00:00.000003458,0.083008
1970-01-01 00:00:00.000003459,0.076615
1970-01-01 00:00:00.000003460,0.073448
1970-01-01 00:00:00.000003461,0.044761
1970-01-01 00:00:00.000003462,0.02669
1970-01-01 00:00:00.000003463,0.036291
1970-01-01 00:00:00.000003464,0.045806
1970-01-01 00:00:00.000003465,0.0552799999999999
1970-01-01 00:00:00.000003466,0.073423
1970-01-01 00:00:00.000003467,0.072418
1970-01-01 00:00:00.000003468,0.082024
1970-01-01 00:00:00.000003469,0.087305
1970-01-01 00:00:00.000003470,0.061729
1970-01-01 00:00:00.000003471,0.0648929999999999
1970-01-01 00:00:00.000003472,0.11173
1970-01-01 00:00:00.000003473,0.126636
1970-01-01 00:00:00.000003474,0.113819
1970-01-01 00:00:00.000003475,0.100051
1970-01-01 00:00:00.000003476,0.0851659999999999
1970-01-01 00:00:00.000003477,0.094777
1970-01-01 00:00:00.000003478,0.125711
1970-01-01 00:00:00.000003479,0.104433
1970-01-01 00:00:00.000003480,0.041717
1970-01-01 00:00:00.000003481,-0.009323
1970-01-01 00:00:00.000003482,-0.033642
1970-01-01 00:00:00.000003483,-0.083673
1970-01-01 00:00:00.000003484,-0.11474
1970-01-01 00:00:00.000003485,-0.105363
1970-01-01 00:00:00.000003486,0.015969
1970-01-01 00:00:00.000003487,0.031804
1970-01-01 00:00:00.000003488,-0.002471
1970-01-01 00:00:00.000003489,-0.0111209999999999
1970-01-01 00:00:00.000003490,-0.011141
1970-01-01 00:00:00.000003491,0.0016769999999999
1970-01-01 00:00:00.000003492,-0.0227729999999999
1970-01-01 00:00:00.000003493,-0.090771
1970-01-01 00:00:00.000003494,-0.115074
1970-01-01 00:00:00.000003495,-0.080822
1970-01-01 00:00:00.000003496,-0.094454
1970-01-01 00:00:00.000003497,-0.086774
1970-01-01 00:00:00.000003498,-0.083471
1970-01-01 00:00:00.000003499,-0.102676
1970-01-01 00:00:00.000003500,-0.1400819999999999
1970-01-01 00:00:00.000003501,-0.125367
1970-01-01 00:00:00.000003502,-0.071235
1970-01-01 00:00:00.000003503,-0.05536
1970-01-01 00:00:00.000003504,-0.0596919999999999
1970-01-01 00:00:00.000003505,-0.070376
1970-01-01 00:00:00.000003506,-0.0874409999999999
1970-01-01 00:00:00.000003507,-0.096957
1970-01-01 00:00:00.000003508,-0.123539
1970-01-01 00:00:00.000003509,-0.200342
1970-01-01 00:00:00.000003510,-0.4306529999999999
1970-01-01 00:00:00.000003511,-0.575387
1970-01-01 00:00:00.000003512,-0.606159
1970-01-01 00:00:00.000003513,-0.467578
1970-01-01 00:00:00.000003514,-0.216364
1970-01-01 00:00:00.000003515,-0.203615
1970-01-01 00:00:00.000003516,-0.280091
1970-01-01 00:00:00.000003517,-0.212723
1970-01-01 00:00:00.000003518,-0.114628
1970-01-01 00:00:00.000003519,-0.041128
1970-01-01 00:00:00.000003520,-0.031406
1970-01-01 00:00:00.000003521,-0.1494049999999999
1970-01-01 00:00:00.000003522,-0.206653
1970-01-01 00:00:00.000003523,-0.040357
1970-01-01 00:00:00.000003524,0.147978
1970-01-01 00:00:00.000003525,0.149837
1970-01-01 00:00:00.000003526,0.1421369999999999
1970-01-01 00:00:00.000003527,0.167346
1970-01-01 00:00:00.000003528,0.181911
1970-01-01 00:00:00.000003529,0.161564
1970-01-01 00:00:00.000003530,-0.026913
1970-01-01 00:00:00.000003531,-0.237396
1970-01-01 00:00:00.000003532,-0.176448
1970-01-01 00:00:00.000003533,0.00564
1970-01-01 00:00:00.000003534,0.137728
1970-01-01 00:00:00.000003535,0.158041
1970-01-01 00:00:00.000003536,-0.003706
1970-01-01 00:00:00.000003537,-0.104949
1970-01-01 00:00:00.000003538,0.003438
1970-01-01 00:00:00.000003539,0.1864839999999999
1970-01-01 00:00:00.000003540,0.302546
1970-01-01 00:00:00.000003541,0.23658
1970-01-01 00:00:00.000003542,0.180319
1970-01-01 00:00:00.000003543,0.2496789999999999
1970-01-01 00:00:00.000003544,0.3945869999999999
1970-01-01 00:00:00.000003545,0.4638029999999999
1970-01-01 00:00:00.000003546,0.429824
1970-01-01 00:00:00.000003547,0.337138
1970-01-01 00:00:00.000003548,0.249779
1970-01-01 00:00:00.000003549,0.226282
1970-01-01 00:00:00.000003550,0.2442909999999999
1970-01-01 00:00:00.000003551,0.262286
1970-01-01 00:00:00.000003552,0.294178
1970-01-01 00:00:00.000003553,0.332499
1970-01-01 00:00:00.000003554,0.342036
1970-01-01 00:00:00.000003555,0.344223
1970-01-01 00:00:00.000003556,0.352798
1970-01-01 00:00:00.000003557,0.312345
1970-01-01 00:00:00.000003558,0.328356
1970-01-01 00:00:00.000003559,0.4104029999999999
1970-01-01 00:00:00.000003560,0.4541479999999999
1970-01-01 00:00:00.000003561,0.404078
1970-01-01 00:00:00.000003562,0.362536
1970-01-01 00:00:00.000003563,0.313645
1970-01-01 00:00:00.000003564,0.2863
1970-01-01 00:00:00.000003565,0.304377
1970-01-01 00:00:00.000003566,0.447997
1970-01-01 00:00:00.000003567,0.56312
1970-01-01 00:00:00.000003568,0.480941
1970-01-01 00:00:00.000003569,0.389111
1970-01-01 00:00:00.000003570,0.2741699999999999
1970-01-01 00:00:00.000003571,0.214676
1970-01-01 00:00:00.000003572,0.267932
1970-01-01 00:00:00.000003573,0.327428
1970-01-01 00:00:00.000003574,0.317623
1970-01-01 00:00:00.000003575,0.328075
1970-01-01 00:00:00.000003576,0.36314
1970-01-01 00:00:00.000003577,0.350414
1970-01-01 00:00:00.000003578,0.3407739999999999
1970-01-01 00:00:00.000003579,0.308859
1970-01-01 00:00:00.000003580,0.256637
1970-01-01 00:00:00.000003581,0.246965
1970-01-01 00:00:00.000003582,0.177791
1970-01-01 00:00:00.000003583,0.130875
1970-01-01 00:00:00.000003584,0.0894399999999999
1970-01-01 00:00:00.000003585,0.038252
1970-01-01 00:00:00.000003586,0.003125
1970-01-01 00:00:00.000003587,-0.069315
1970-01-01 00:00:00.000003588,-0.160872
1970-01-01 00:00:00.000003589,-0.224842
1970-01-01 00:00:00.000003590,-0.231267
1970-01-01 00:00:00.000003591,-0.253532
1970-01-01 00:00:00.000003592,-0.252415
1970-01-01 00:00:00.000003593,-0.223683
1970-01-01 00:00:00.000003594,-0.1918119999999999
1970-01-01 00:00:00.000003595,-0.186543
1970-01-01 00:00:00.000003596,-0.18018
1970-01-01 00:00:00.000003597,-0.130184
1970-01-01 00:00:00.000003598,-0.056722
1970-01-01 00:00:00.000003599,0.005036
1970-01-01 00:00:00.000003600,0.099826
1970-01-01 00:00:00.000003601,0.090277
1970-01-01 00:00:00.000003602,0.065935
1970-01-01 00:00:00.000003603,-0.049985
1970-01-01 00:00:00.000003604,-0.088282
1970-01-01 00:00:00.000003605,-0.148785
1970-01-01 00:00:00.000003606,-0.191267
1970-01-01 00:00:00.000003607,-0.184868
1970-01-01 00:00:00.000003608,-0.111411
1970-01-01 00:00:00.000003609,-0.177513
1970-01-01 00:00:00.000003610,-0.188409
1970-01-01 00:00:00.000003611,0.058912
1970-01-01 00:00:00.000003612,0.511829
1970-01-01 00:00:00.000003613,0.867343
1970-01-01 00:00:00.000003614,1.096327
1970-01-01 00:00:00.000003615,1.194336
1970-01-01 00:00:00.000003616,1.001379
1970-01-01 00:00:00.000003617,0.7497689999999999
1970-01-01 00:00:00.000003618,0.622836
1970-01-01 00:00:00.000003619,0.577222
1970-01-01 00:00:00.000003620,0.6923050000000001
1970-01-01 00:00:00.000003621,0.8004720000000001
1970-01-01 00:00:00.000003622,0.7872859999999999
1970-01-01 00:00:00.000003623,0.696182
1970-01-01 00:00:00.000003624,0.55285
1970-01-01 00:00:00.000003625,0.445702
1970-01-01 00:00:00.000003626,0.379813
1970-01-01 00:00:00.000003627,0.383089
1970-01-01 00:00:00.000003628,0.434234
1970-01-01 00:00:00.000003629,0.472492
1970-01-01 00:00:00.000003630,0.468183
1970-01-01 00:00:00.000003631,0.401034
1970-01-01 00:00:00.000003632,0.292391
1970-01-01 00:00:00.000003633,0.2147
1970-01-01 00:00:00.000003634,0.183849
1970-01-01 00:00:00.000003635,0.183846
1970-01-01 00:00:00.000003636,0.245534
1970-01-01 00:00:00.000003637,0.2571219999999999
1970-01-01 00:00:00.000003638,0.218611
1970-01-01 00:00:00.000003639,0.165223
1970-01-01 00:00:00.000003640,0.1864569999999999
1970-01-01 00:00:00.000003641,0.184315
1970-01-01 00:00:00.000003642,0.173682
1970-01-01 00:00:00.000003643,0.1726619999999999
1970-01-01 00:00:00.000003644,0.17162
1970-01-01 00:00:00.000003645,0.1556809999999999
1970-01-01 00:00:00.000003646,0.122673
1970-01-01 00:00:00.000003647,0.082187
1970-01-01 00:00:00.000003648,0.12046
1970-01-01 00:00:00.000003649,0.1225319999999999
1970-01-01 00:00:00.000003650,0.126725
1970-01-01 00:00:00.000003651,0.129819
1970-01-01 00:00:00.000003652,0.141425
1970-01-01 00:00:00.000003653,0.149891
1970-01-01 00:00:00.000003654,0.148834
1970-01-01 00:00:00.000003655,0.138233
1970-01-01 00:00:00.000003656,0.138295
1970-01-01 00:00:00.000003657,0.1597
1970-01-01 00:00:00.000003658,0.170456
1970-01-01 00:00:00.000003659,0.155619
1970-01-01 00:00:00.000003660,0.11416
1970-01-01 00:00:00.000003661,0.128012
1970-01-01 00:00:00.000003662,0.126931
1970-01-01 00:00:00.000003663,0.139683
1970-01-01 00:00:00.000003664,0.141786
1970-01-01 00:00:00.000003665,0.152412
1970-01-01 00:00:00.000003666,0.164075
1970-01-01 00:00:00.000003667,0.168249
1970-01-01 00:00:00.000003668,0.158559
1970-01-01 00:00:00.000003669,0.130753
1970-01-01 00:00:00.000003670,0.1243069999999999
1970-01-01 00:00:00.000003671,0.143498
1970-01-01 00:00:00.000003672,0.176561
1970-01-01 00:00:00.000003673,0.226682
1970-01-01 00:00:00.000003674,0.220387
1970-01-01 00:00:00.000003675,0.1025799999999999
1970-01-01 00:00:00.000003676,-0.050105
1970-01-01 00:00:00.000003677,-0.0821139999999999
1970-01-01 00:00:00.000003678,1.229881
1970-01-01 00:00:00.000003679,0.696752
1970-01-01 00:00:00.000003680,0.028216
1970-01-01 00:00:00.000003681,0.854988
1970-01-01 00:00:00.000003682,1.161145
1970-01-01 00:00:00.000003683,1.1725450000000002
1970-01-01 00:00:00.000003684,0.925552
1970-01-01 00:00:00.000003685,0.710329
1970-01-01 00:00:00.000003686,0.645088
1970-01-01 00:00:00.000003687,0.68428
1970-01-01 00:00:00.000003688,0.491752
1970-01-01 00:00:00.000003689,0.293619
1970-01-01 00:00:00.000003690,0.334689
1970-01-01 00:00:00.000003691,0.273941
1970-01-01 00:00:00.000003692,0.281394
1970-01-01 00:00:00.000003693,0.12916
1970-01-01 00:00:00.000003694,0.0786549999999999
1970-01-01 00:00:00.000003695,-0.02161
1970-01-01 00:00:00.000003696,-0.10076
1970-01-01 00:00:00.000003697,-0.196776
1970-01-01 00:00:00.000003698,-0.183444
1970-01-01 00:00:00.000003699,-0.209848
1970-01-01 00:00:00.000003700,-0.196941
1970-01-01 00:00:00.000003701,-0.273512
1970-01-01 00:00:00.000003702,-0.448492
1970-01-01 00:00:00.000003703,-0.446667
1970-01-01 00:00:00.000003704,-0.367628
1970-01-01 00:00:00.000003705,-0.328888
1970-01-01 00:00:00.000003706,-0.351945
1970-01-01 00:00:00.000003707,-0.421991
1970-01-01 00:00:00.000003708,-0.493245
1970-01-01 00:00:00.000003709,-0.534679
1970-01-01 00:00:00.000003710,-0.529207
1970-01-01 00:00:00.000003711,-0.421431
1970-01-01 00:00:00.000003712,-0.297577
1970-01-01 00:00:00.000003713,-0.200273
1970-01-01 00:00:00.000003714,-0.1582569999999999
1970-01-01 00:00:00.000003715,-0.110843
1970-01-01 00:00:00.000003716,-0.136146
1970-01-01 00:00:00.000003717,-0.065079
1970-01-01 00:00:00.000003718,-0.102574
1970-01-01 00:00:00.000003719,-0.287918
1970-01-01 00:00:00.000003720,-0.6206510000000001
1970-01-01 00:00:00.000003721,-0.359334
1970-01-01 00:00:00.000003722,-0.482872
1970-01-01 00:00:00.000003723,-0.06935
1970-01-01 00:00:00.000003724,-0.005978
1970-01-01 00:00:00.000003725,-0.337514
1970-01-01 00:00:00.000003726,-0.519037
1970-01-01 00:00:00.000003727,-0.247013
1970-01-01 00:00:00.000003728,0.065244
1970-01-01 00:00:00.000003729,0.1016789999999999
1970-01-01 00:00:00.000003730,-0.205723
1970-01-01 00:00:00.000003731,-0.260929
1970-01-01 00:00:00.000003732,-0.030751
1970-01-01 00:00:00.000003733,0.128926
1970-01-01 00:00:00.000003734,0.1585369999999999
1970-01-01 00:00:00.000003735,0.175344
1970-01-01 00:00:00.000003736,0.2030269999999999
1970-01-01 00:00:00.000003737,0.250881
1970-01-01 00:00:00.000003738,0.259202
1970-01-01 00:00:00.000003739,0.277045
1970-01-01 00:00:00.000003740,0.257701
1970-01-01 00:00:00.000003741,0.217134
1970-01-01 00:00:00.000003742,0.209643
1970-01-01 00:00:00.000003743,0.208532
1970-01-01 00:00:00.000003744,0.231884
1970-01-01 00:00:00.000003745,0.237066
1970-01-01 00:00:00.000003746,0.19539
1970-01-01 00:00:00.000003747,0.150586
1970-01-01 00:00:00.000003748,0.1592
1970-01-01 00:00:00.000003749,0.166858
1970-01-01 00:00:00.000003750,0.188358
1970-01-01 00:00:00.000003751,0.239554
1970-01-01 00:00:00.000003752,0.2757199999999999
1970-01-01 00:00:00.000003753,0.2320539999999999
1970-01-01 00:00:00.000003754,0.249131
1970-01-01 00:00:00.000003755,0.272676
1970-01-01 00:00:00.000003756,0.287748
1970-01-01 00:00:00.000003757,0.2590449999999999
1970-01-01 00:00:00.000003758,0.201494
1970-01-01 00:00:00.000003759,0.098145
1970-01-01 00:00:00.000003760,0.001273
1970-01-01 00:00:00.000003761,-0.043586
1970-01-01 00:00:00.000003762,-0.093752
1970-01-01 00:00:00.000003763,-0.107994
1970-01-01 00:00:00.000003764,-0.166614
1970-01-01 00:00:00.000003765,-0.21563
1970-01-01 00:00:00.000003766,-0.256073
1970-01-01 00:00:00.000003767,-0.262338
1970-01-01 00:00:00.000003768,-0.270714
1970-01-01 00:00:00.000003769,-0.292891
1970-01-01 00:00:00.000003770,-0.320312
1970-01-01 00:00:00.000003771,-0.273267
1970-01-01 00:00:00.000003772,-0.236998
1970-01-01 00:00:00.000003773,-0.251957
1970-01-01 00:00:00.000003774,-0.249965
1970-01-01 00:00:00.000003775,-0.244736
1970-01-01 00:00:00.000003776,-0.24145
1970-01-01 00:00:00.000003777,-0.1859
1970-01-01 00:00:00.000003778,-0.1069329999999999
1970-01-01 00:00:00.000003779,-0.077068
1970-01-01 00:00:00.000003780,-0.11967
1970-01-01 00:00:00.000003781,-0.148455
1970-01-01 00:00:00.000003782,-0.151835
1970-01-01 00:00:00.000003783,-0.1191369999999999
1970-01-01 00:00:00.000003784,-0.0842779999999999
1970-01-01 00:00:00.000003785,-0.111073
1970-01-01 00:00:00.000003786,-0.129252
1970-01-01 00:00:00.000003787,-0.126043
1970-01-01 00:00:00.000003788,-0.103576
1970-01-01 00:00:00.000003789,-0.071524
1970-01-01 00:00:00.000003790,-0.060861
1970-01-01 00:00:00.000003791,-0.093913
1970-01-01 00:00:00.000003792,-0.171639
1970-01-01 00:00:00.000003793,-0.191827
1970-01-01 00:00:00.000003794,-0.176873
1970-01-01 00:00:00.000003795,-0.168383
1970-01-01 00:00:00.000003796,-0.110989
1970-01-01 00:00:00.000003797,-0.089879
1970-01-01 00:00:00.000003798,-0.100601
1970-01-01 00:00:00.000003799,-0.130375
1970-01-01 00:00:00.000003800,-0.1142589999999999
1970-01-01 00:00:00.000003801,-0.0779929999999999
1970-01-01 00:00:00.000003802,-0.065221
1970-01-01 00:00:00.000003803,-0.060938
1970-01-01 00:00:00.000003804,-0.028961
1970-01-01 00:00:00.000003805,-0.02355
1970-01-01 00:00:00.000003806,-0.031997
1970-01-01 00:00:00.000003807,-0.029867
1970-01-01 00:00:00.000003808,-0.012861
1970-01-01 00:00:00.000003809,-0.0022649999999999
1970-01-01 00:00:00.000003810,0.020038
1970-01-01 00:00:00.000003811,0.034885
1970-01-01 00:00:00.000003812,0.024225
1970-01-01 00:00:00.000003813,0.0232199999999999
1970-01-01 00:00:00.000003814,0.039222
1970-01-01 00:00:00.000003815,0.041381
1970-01-01 00:00:00.000003816,0.021134
1970-01-01 00:00:00.000003817,-0.000158
1970-01-01 00:00:00.000003818,-0.035197
1970-01-01 00:00:00.000003819,-0.040407
1970-01-01 00:00:00.000003820,-0.082955
1970-01-01 00:00:00.000003821,-0.101088
1970-01-01 00:00:00.000003822,-0.066983
1970-01-01 00:00:00.000003823,-0.083984
1970-01-01 00:00:00.000003824,-0.0711909999999999
1970-01-01 00:00:00.000003825,-0.032796
1970-01-01 00:00:00.000003826,0.0119189999999999
1970-01-01 00:00:00.000003827,0.084295
1970-01-01 00:00:00.000003828,0.151292
1970-01-01 00:00:00.000003829,0.136329
1970-01-01 00:00:00.000003830,0.14479
1970-01-01 00:00:00.000003831,0.145805
1970-01-01 00:00:00.000003832,0.1233809999999999
1970-01-01 00:00:00.000003833,0.095704
1970-01-01 00:00:00.000003834,0.063829
1970-01-01 00:00:00.000003835,0.054326
1970-01-01 00:00:00.000003836,0.070351
1970-01-01 00:00:00.000003837,0.0916889999999999
1970-01-01 00:00:00.000003838,0.089551
1970-01-01 00:00:00.000003839,0.091555
1970-01-01 00:00:00.000003840,0.107392
1970-01-01 00:00:00.000003841,0.134923
1970-01-01 00:00:00.000003842,0.196485
1970-01-01 00:00:00.000003843,0.204811
1970-01-01 00:00:00.000003844,0.202546
1970-01-01 00:00:00.000003845,0.2376219999999999
1970-01-01 00:00:00.000003846,0.15365
1970-01-01 00:00:00.000003847,0.082562
1970-01-01 00:00:00.000003848,0.070075
1970-01-01 00:00:00.000003849,0.07777
1970-01-01 00:00:00.000003850,0.044854
1970-01-01 00:00:00.000003851,0.00116
1970-01-01 00:00:00.000003852,-0.012727
1970-01-01 00:00:00.000003853,0.00424
1970-01-01 00:00:00.000003854,0.030777
1970-01-01 00:00:00.000003855,0.045578
1970-01-01 00:00:00.000003856,0.0434149999999999
1970-01-01 00:00:00.000003857,0.034886
1970-01-01 00:00:00.000003858,0.054025
1970-01-01 00:00:00.000003859,0.022099
1970-01-01 00:00:00.000003860,-0.094984
1970-01-01 00:00:00.000003861,-0.148219
1970-01-01 00:00:00.000003862,-0.152546
1970-01-01 00:00:00.000003863,-0.150456
1970-01-01 00:00:00.000003864,-0.1505119999999999
1970-01-01 00:00:00.000003865,-0.138825
1970-01-01 00:00:00.000003866,-0.079172
1970-01-01 00:00:00.000003867,-0.0417839999999999
1970-01-01 00:00:00.000003868,-0.039514
1970-01-01 00:00:00.000003869,-0.010698
1970-01-01 00:00:00.000003870,0.0393079999999999
1970-01-01 00:00:00.000003871,0.0509149999999999
1970-01-01 00:00:00.000003872,0.059333
1970-01-01 00:00:00.000003873,0.087989
1970-01-01 00:00:00.000003874,0.098911
1970-01-01 00:00:00.000003875,0.109536
1970-01-01 00:00:00.000003876,0.127598
1970-01-01 00:00:00.000003877,0.13926
1970-01-01 00:00:00.000003878,0.14455
1970-01-01 00:00:00.000003879,0.1339779999999999
1970-01-01 00:00:00.000003880,0.099053
1970-01-01 00:00:00.000003881,0.100445
1970-01-01 00:00:00.000003882,0.094182
1970-01-01 00:00:00.000003883,0.0846529999999999
1970-01-01 00:00:00.000003884,0.0814309999999999
1970-01-01 00:00:00.000003885,0.091998
1970-01-01 00:00:00.000003886,0.095073
1970-01-01 00:00:00.000003887,0.080107
1970-01-01 00:00:00.000003888,0.077913
1970-01-01 00:00:00.000003889,0.071485
1970-01-01 00:00:00.000003890,0.07679
1970-01-01 00:00:00.000003891,0.077844
1970-01-01 00:00:00.000003892,0.076748
1970-01-01 00:00:00.000003893,0.058625
1970-01-01 00:00:00.000003894,0.051164
1970-01-01 00:00:00.000003895,0.037337
1970-01-01 00:00:00.000003896,0.051177
1970-01-01 00:00:00.000003897,0.060693
1970-01-01 00:00:00.000003898,0.04779
1970-01-01 00:00:00.000003899,0.020037
1970-01-01 00:00:00.000003900,0.0211419999999999
1970-01-01 00:00:00.000003901,0.049996
1970-01-01 00:00:00.000003902,0.046887
1970-01-01 00:00:00.000003903,0.057536
1970-01-01 00:00:00.000003904,0.0543289999999999
1970-01-01 00:00:00.000003905,0.035205
1970-01-01 00:00:00.000003906,0.050214
1970-01-01 00:00:00.000003907,0.051323
1970-01-01 00:00:00.000003908,0.020479
1970-01-01 00:00:00.000003909,-0.008276
1970-01-01 00:00:00.000003910,-0.016819
1970-01-01 00:00:00.000003911,-0.020064
1970-01-01 00:00:00.000003912,-0.019045
1970-01-01 00:00:00.000003913,-0.021175
1970-01-01 00:00:00.000003914,-0.022215
1970-01-01 00:00:00.000003915,-0.03286
1970-01-01 00:00:00.000003916,-0.057326
1970-01-01 00:00:00.000003917,-0.081783
1970-01-01 00:00:00.000003918,-0.093458
1970-01-01 00:00:00.000003919,-0.114746
1970-01-01 00:00:00.000003920,-0.112626
1970-01-01 00:00:00.000003921,-0.100872
1970-01-01 00:00:00.000003922,-0.0816139999999999
1970-01-01 00:00:00.000003923,-0.0741
1970-01-01 00:00:00.000003924,-0.073003
1970-01-01 00:00:00.000003925,-0.049576
1970-01-01 00:00:00.000003926,-0.040056
1970-01-01 00:00:00.000003927,-0.024175
1970-01-01 00:00:00.000003928,-0.014708
1970-01-01 00:00:00.000003929,-0.004204
1970-01-01 00:00:00.000003930,-0.0043729999999999
1970-01-01 00:00:00.000003931,-0.029073
1970-01-01 00:00:00.000003932,-0.048418
1970-01-01 00:00:00.000003933,-0.0049479999999999
1970-01-01 00:00:00.000003934,0.023673
1970-01-01 00:00:00.000003935,0.048235
1970-01-01 00:00:00.000003936,0.047231
1970-01-01 00:00:00.000003937,0.023882
1970-01-01 00:00:00.000003938,0.0549399999999999
1970-01-01 00:00:00.000003939,0.152004
1970-01-01 00:00:00.000003940,0.216023
1970-01-01 00:00:00.000003941,0.205465
1970-01-01 00:00:00.000003942,0.188441
1970-01-01 00:00:00.000003943,0.200206
1970-01-01 00:00:00.000003944,0.208914
1970-01-01 00:00:00.000003945,0.227248
1970-01-01 00:00:00.000003946,0.288099
1970-01-01 00:00:00.000003947,0.315816
1970-01-01 00:00:00.000003948,0.2880769999999999
1970-01-01 00:00:00.000003949,0.258141
1970-01-01 00:00:00.000003950,0.2451489999999999
1970-01-01 00:00:00.000003951,0.169429
1970-01-01 00:00:00.000003952,0.10337
1970-01-01 00:00:00.000003953,0.076673
1970-01-01 00:00:00.000003954,0.0596289999999999
1970-01-01 00:00:00.000003955,0.07456
1970-01-01 00:00:00.000003956,0.0821539999999999
1970-01-01 00:00:00.000003957,0.107828
1970-01-01 00:00:00.000003958,0.090825
1970-01-01 00:00:00.000003959,0.057807
1970-01-01 00:00:00.000003960,0.056771
1970-01-01 00:00:00.000003961,0.080236
1970-01-01 00:00:00.000003962,0.06963
1970-01-01 00:00:00.000003963,0.038783
1970-01-01 00:00:00.000003964,0.0131939999999999
1970-01-01 00:00:00.000003965,0.031213
1970-01-01 00:00:00.000003966,0.067361
1970-01-01 00:00:00.000003967,0.06836
1970-01-01 00:00:00.000003968,0.058727
1970-01-01 00:00:00.000003969,0.021375
1970-01-01 00:00:00.000003970,-0.040481
1970-01-01 00:00:00.000003971,-0.0949899999999999
1970-01-01 00:00:00.000003972,-0.130465
1970-01-01 00:00:00.000003973,-0.245721
1970-01-01 00:00:00.000003974,-0.343911
1970-01-01 00:00:00.000003975,-0.280959
1970-01-01 00:00:00.000003976,-0.250791
1970-01-01 00:00:00.000003977,-0.235638
1970-01-01 00:00:00.000003978,-0.0564289999999999
1970-01-01 00:00:00.000003979,0.0258339999999999
1970-01-01 00:00:00.000003980,-0.045709
1970-01-01 00:00:00.000003981,-0.036499
1970-01-01 00:00:00.000003982,0.007033
1970-01-01 00:00:00.000003983,0.00896
1970-01-01 00:00:00.000003984,0.004418
1970-01-01 00:00:00.000003985,-0.008372
1970-01-01 00:00:00.000003986,-0.020101
1970-01-01 00:00:00.000003987,-0.023118
1970-01-01 00:00:00.000003988,0.0335209999999999
1970-01-01 00:00:00.000003989,-0.011009
1970-01-01 00:00:00.000003990,-0.080058
1970-01-01 00:00:00.000003991,-0.126768
1970-01-01 00:00:00.000003992,-0.141647
1970-01-01 00:00:00.000003993,-0.139484
1970-01-01 00:00:00.000003994,-0.1372799999999999
1970-01-01 00:00:00.000003995,-0.164959
1970-01-01 00:00:00.000003996,0.0044329999999999
1970-01-01 00:00:00.000003997,0.156112
1970-01-01 00:00:00.000003998,-0.122794
1970-01-01 00:00:00.000003999,-0.5757939999999999
1970-01-01 00:00:00.000004000,-1.055076
1970-01-01 00:00:00.000004001,-1.258039
1970-01-01 00:00:00.000004002,-1.500527
1970-01-01 00:00:00.000004003,-1.675387
1970-01-01 00:00:00.000004004,-1.7120490000000002
1970-01-01 00:00:00.000004005,-1.528132
1970-01-01 00:00:00.000004006,-1.356243
1970-01-01 00:00:00.000004007,-1.300705
1970-01-01 00:00:00.000004008,-1.436104
1970-01-01 00:00:00.000004009,-1.4892379999999998
1970-01-01 00:00:00.000004010,-1.408588
1970-01-01 00:00:00.000004011,-1.349201
1970-01-01 00:00:00.000004012,-1.397725
1970-01-01 00:00:00.000004013,-1.427394
1970-01-01 00:00:00.000004014,-1.314565
1970-01-01 00:00:00.000004015,-1.0698379999999998
1970-01-01 00:00:00.000004016,-1.101645
1970-01-01 00:00:00.000004017,-1.286442
1970-01-01 00:00:00.000004018,-1.449
1970-01-01 00:00:00.000004019,-0.915517
1970-01-01 00:00:00.000004020,-0.379951
1970-01-01 00:00:00.000004021,-0.302463
1970-01-01 00:00:00.000004022,-0.906232
1970-01-01 00:00:00.000004023,-0.76257
1970-01-01 00:00:00.000004024,-0.436693
1970-01-01 00:00:00.000004025,-0.422613
1970-01-01 00:00:00.000004026,-0.658659
1970-01-01 00:00:00.000004027,-0.786745
1970-01-01 00:00:00.000004028,-0.5670109999999999
1970-01-01 00:00:00.000004029,-0.118015
1970-01-01 00:00:00.000004030,0.248853
1970-01-01 00:00:00.000004031,0.143464
1970-01-01 00:00:00.000004032,-0.074941
1970-01-01 00:00:00.000004033,-0.406031
1970-01-01 00:00:00.000004034,-0.430358
1970-01-01 00:00:00.000004035,-0.246217
1970-01-01 00:00:00.000004036,-0.21316
1970-01-01 00:00:00.000004037,-0.1395549999999999
1970-01-01 00:00:00.000004038,-0.199236
1970-01-01 00:00:00.000004039,-0.376108
1970-01-01 00:00:00.000004040,-0.539017
1970-01-01 00:00:00.000004041,-0.5785239999999999
1970-01-01 00:00:00.000004042,-0.366825
1970-01-01 00:00:00.000004043,-0.149873
1970-01-01 00:00:00.000004044,-0.19909
1970-01-01 00:00:00.000004045,-0.286548
1970-01-01 00:00:00.000004046,-0.306842
1970-01-01 00:00:00.000004047,-0.320727
1970-01-01 00:00:00.000004048,-0.321756
1970-01-01 00:00:00.000004049,-0.391896
1970-01-01 00:00:00.000004050,-0.4822869999999999
1970-01-01 00:00:00.000004051,-0.483253
1970-01-01 00:00:00.000004052,-0.487346
1970-01-01 00:00:00.000004053,-0.434009
1970-01-01 00:00:00.000004054,-0.38401
1970-01-01 00:00:00.000004055,-0.373454
1970-01-01 00:00:00.000004056,-0.352177
1970-01-01 00:00:00.000004057,-0.375623
1970-01-01 00:00:00.000004058,-0.370288
1970-01-01 00:00:00.000004059,-0.351119
1970-01-01 00:00:00.000004060,-0.321221
1970-01-01 00:00:00.000004061,-0.26997
1970-01-01 00:00:00.000004062,-0.237936
1970-01-01 00:00:00.000004063,-0.219746
1970-01-01 00:00:00.000004064,-0.198416
1970-01-01 00:00:00.000004065,-0.184542
1970-01-01 00:00:00.000004066,-0.181327
1970-01-01 00:00:00.000004067,-0.174924
1970-01-01 00:00:00.000004068,-0.152605
1970-01-01 00:00:00.000004069,-0.141889
1970-01-01 00:00:00.000004070,-0.10245
1970-01-01 00:00:00.000004071,-0.072604
1970-01-01 00:00:00.000004072,-0.03532
1970-01-01 00:00:00.000004073,-0.0086769999999999
1970-01-01 00:00:00.000004074,0.0019649999999999
1970-01-01 00:00:00.000004075,0.0295649999999999
1970-01-01 00:00:00.000004076,0.019957
1970-01-01 00:00:00.000004077,0.0146039999999999
1970-01-01 00:00:00.000004078,0.0305839999999999
1970-01-01 00:00:00.000004079,0.042323
1970-01-01 00:00:00.000004080,0.066775
1970-01-01 00:00:00.000004081,0.023158
1970-01-01 00:00:00.000004082,0.01678
1970-01-01 00:00:00.000004083,0.006114
1970-01-01 00:00:00.000004084,0.024189
1970-01-01 00:00:00.000004085,0.000786
1970-01-01 00:00:00.000004086,-0.017281
1970-01-01 00:00:00.000004087,-0.0172699999999999
1970-01-01 00:00:00.000004088,-0.019225
1970-01-01 00:00:00.000004089,-0.012969
1970-01-01 00:00:00.000004090,0.009152
1970-01-01 00:00:00.000004091,0.049464
1970-01-01 00:00:00.000004092,0.112104
1970-01-01 00:00:00.000004093,0.202489
1970-01-01 00:00:00.000004094,0.31099
1970-01-01 00:00:00.000004095,0.368484
1970-01-01 00:00:00.000004096,0.395122
1970-01-01 00:00:00.000004097,0.316392
1970-01-01 00:00:00.000004098,0.194042
1970-01-01 00:00:00.000004099,0.100485
1970-01-01 00:00:00.000004100,0.035631
1970-01-01 00:00:00.000004101,-0.0132319999999999
1970-01-01 00:00:00.000004102,-0.057814
1970-01-01 00:00:00.000004103,-0.062883
1970-01-01 00:00:00.000004104,-0.045661
1970-01-01 00:00:00.000004105,-0.04986
1970-01-01 00:00:00.000004106,-0.071108
1970-01-01 00:00:00.000004107,-0.081782
1970-01-01 00:00:00.000004108,-0.0594909999999999
1970-01-01 00:00:00.000004109,-0.026616
1970-01-01 00:00:00.000004110,-0.007534
1970-01-01 00:00:00.000004111,-0.0374629999999999
1970-01-01 00:00:00.000004112,-0.045028
1970-01-01 00:00:00.000004113,-0.0067849999999999
1970-01-01 00:00:00.000004114,0.031572
1970-01-01 00:00:00.000004115,0.04227
1970-01-01 00:00:00.000004116,0.03163
1970-01-01 00:00:00.000004117,0.022017
1970-01-01 00:00:00.000004118,-0.026955
1970-01-01 00:00:00.000004119,-0.047141
1970-01-01 00:00:00.000004120,-0.019354
1970-01-01 00:00:00.000004121,0.0095079999999999
1970-01-01 00:00:00.000004122,0.009573
1970-01-01 00:00:00.000004123,-0.015955
1970-01-01 00:00:00.000004124,-0.026614
1970-01-01 00:00:00.000004125,-0.047899
1970-01-01 00:00:00.000004126,-0.06279
1970-01-01 00:00:00.000004127,-0.039366
1970-01-01 00:00:00.000004128,0.007536
1970-01-01 00:00:00.000004129,0.061831
1970-01-01 00:00:00.000004130,0.06079
1970-01-01 00:00:00.000004131,-0.027587
1970-01-01 00:00:00.000004132,-0.136166
1970-01-01 00:00:00.000004133,-0.16599
1970-01-01 00:00:00.000004134,-0.106473
1970-01-01 00:00:00.000004135,-0.022434
1970-01-01 00:00:00.000004136,0.007379
1970-01-01 00:00:00.000004137,-0.026619
1970-01-01 00:00:00.000004138,-0.082895
1970-01-01 00:00:00.000004139,-0.186951
1970-01-01 00:00:00.000004140,-0.241195
1970-01-01 00:00:00.000004141,-0.203932
1970-01-01 00:00:00.000004142,-0.065665
1970-01-01 00:00:00.000004143,0.127763
1970-01-01 00:00:00.000004144,0.194372
1970-01-01 00:00:00.000004145,0.1643089999999999
1970-01-01 00:00:00.000004146,0.093876
1970-01-01 00:00:00.000004147,0.021374
1970-01-01 00:00:00.000004148,0.018306
1970-01-01 00:00:00.000004149,0.072807
1970-01-01 00:00:00.000004150,0.124099
1970-01-01 00:00:00.000004151,0.117846
1970-01-01 00:00:00.000004152,0.120046
1970-01-01 00:00:00.000004153,0.148847
1970-01-01 00:00:00.000004154,0.155211
1970-01-01 00:00:00.000004155,0.115769
1970-01-01 00:00:00.000004156,0.140166
1970-01-01 00:00:00.000004157,0.1199279999999999
1970-01-01 00:00:00.000004158,0.094378
1970-01-01 00:00:00.000004159,0.0762679999999999
1970-01-01 00:00:00.000004160,0.092286
1970-01-01 00:00:00.000004161,0.109389
1970-01-01 00:00:00.000004162,0.103031
1970-01-01 00:00:00.000004163,0.081747
1970-01-01 00:00:00.000004164,0.062551
1970-01-01 00:00:00.000004165,0.0572509999999999
1970-01-01 00:00:00.000004166,0.045583
1970-01-01 00:00:00.000004167,0.017913
1970-01-01 00:00:00.000004168,-0.001279
1970-01-01 00:00:00.000004169,-0.048201
1970-01-01 00:00:00.000004170,-0.067426
1970-01-01 00:00:00.000004171,-0.088711
1970-01-01 00:00:00.000004172,-0.114229
1970-01-01 00:00:00.000004173,-0.131204
1970-01-01 00:00:00.000004174,-0.141806
1970-01-01 00:00:00.000004175,-0.1205069999999999
1970-01-01 00:00:00.000004176,-0.110942
1970-01-01 00:00:00.000004177,-0.1152599999999999
1970-01-01 00:00:00.000004178,-0.139823
1970-01-01 00:00:00.000004179,-0.146254
1970-01-01 00:00:00.000004180,-0.138896
1970-01-01 00:00:00.000004181,-0.123009
1970-01-01 00:00:00.000004182,-0.0889269999999999
1970-01-01 00:00:00.000004183,-0.050565
1970-01-01 00:00:00.000004184,0.002741
1970-01-01 00:00:00.000004185,0.0155639999999999
1970-01-01 00:00:00.000004186,0.0134669999999999
1970-01-01 00:00:00.000004187,0.012429
1970-01-01 00:00:00.000004188,0.027364
1970-01-01 00:00:00.000004189,0.059346
1970-01-01 00:00:00.000004190,0.077568
1970-01-01 00:00:00.000004191,0.096609
1970-01-01 00:00:00.000004192,0.0975419999999999
1970-01-01 00:00:00.000004193,0.079422
1970-01-01 00:00:00.000004194,0.080532
1970-01-01 00:00:00.000004195,0.080606
1970-01-01 00:00:00.000004196,0.06899
1970-01-01 00:00:00.000004197,0.047827
1970-01-01 00:00:00.000004198,0.0309389999999999
1970-01-01 00:00:00.000004199,0.012971
1970-01-01 00:00:00.000004200,0.004511
1970-01-01 00:00:00.000004201,0.034383
1970-01-01 00:00:00.000004202,0.068439
1970-01-01 00:00:00.000004203,0.0757559999999999
1970-01-01 00:00:00.000004204,0.062802
1970-01-01 00:00:00.000004205,0.032844
1970-01-01 00:00:00.000004206,-0.00558
1970-01-01 00:00:00.000004207,-0.035382
1970-01-01 00:00:00.000004208,-0.050249
1970-01-01 00:00:00.000004209,-0.052288
1970-01-01 00:00:00.000004210,-0.052222
1970-01-01 00:00:00.000004211,-0.069226
1970-01-01 00:00:00.000004212,-0.08731
1970-01-01 00:00:00.000004213,-0.110768
1970-01-01 00:00:00.000004214,-0.124688
1970-01-01 00:00:00.000004215,-0.142854
1970-01-01 00:00:00.000004216,-0.143906
1970-01-01 00:00:00.000004217,-0.1438569999999999
1970-01-01 00:00:00.000004218,-0.150052
1970-01-01 00:00:00.000004219,-0.168145
1970-01-01 00:00:00.000004220,-0.174485
1970-01-01 00:00:00.000004221,-0.159527
1970-01-01 00:00:00.000004222,-0.142499
1970-01-01 00:00:00.000004223,-0.120167
1970-01-01 00:00:00.000004224,-0.1244349999999999
1970-01-01 00:00:00.000004225,-0.111464
1970-01-01 00:00:00.000004226,-0.08273
1970-01-01 00:00:00.000004227,-0.102941
1970-01-01 00:00:00.000004228,-0.124223
1970-01-01 00:00:00.000004229,-0.129553
1970-01-01 00:00:00.000004230,-0.1253
1970-01-01 00:00:00.000004231,-0.124223
1970-01-01 00:00:00.000004232,-0.126323
1970-01-01 00:00:00.000004233,-0.137973
1970-01-01 00:00:00.000004234,-0.141096
1970-01-01 00:00:00.000004235,-0.175084
1970-01-01 00:00:00.000004236,-0.217613
1970-01-01 00:00:00.000004237,-0.2133
1970-01-01 00:00:00.000004238,-0.158918
1970-01-01 00:00:00.000004239,-0.092948
1970-01-01 00:00:00.000004240,-0.0177219999999999
1970-01-01 00:00:00.000004241,0.049226
1970-01-01 00:00:00.000004242,0.077811
1970-01-01 00:00:00.000004243,0.102143
1970-01-01 00:00:00.000004244,0.090431
1970-01-01 00:00:00.000004245,0.057344
1970-01-01 00:00:00.000004246,0.026373
1970-01-01 00:00:00.000004247,0.034887
1970-01-01 00:00:00.000004248,0.064692
1970-01-01 00:00:00.000004249,0.092347
1970-01-01 00:00:00.000004250,0.1158339999999999
1970-01-01 00:00:00.000004251,0.113825
1970-01-01 00:00:00.000004252,0.10534
1970-01-01 00:00:00.000004253,0.077679
1970-01-01 00:00:00.000004254,0.080933
1970-01-01 00:00:00.000004255,0.107703
1970-01-01 00:00:00.000004256,0.138703
1970-01-01 00:00:00.000004257,0.147314
1970-01-01 00:00:00.000004258,0.132501
1970-01-01 00:00:00.000004259,0.148552
1970-01-01 00:00:00.000004260,0.187866
1970-01-01 00:00:00.000004261,0.119602
1970-01-01 00:00:00.000004262,0.088671
1970-01-01 00:00:00.000004263,0.112047
1970-01-01 00:00:00.000004264,0.133434
1970-01-01 00:00:00.000004265,0.14949
1970-01-01 00:00:00.000004266,0.135686
1970-01-01 00:00:00.000004267,0.0866519999999999
1970-01-01 00:00:00.000004268,0.04503
1970-01-01 00:00:00.000004269,0.0129909999999999
1970-01-01 00:00:00.000004270,-0.023305
1970-01-01 00:00:00.000004271,-0.05214
1970-01-01 00:00:00.000004272,-0.069224
1970-01-01 00:00:00.000004273,-0.079889
1970-01-01 00:00:00.000004274,-0.087313
1970-01-01 00:00:00.000004275,-0.112828
1970-01-01 00:00:00.000004276,-0.140471
1970-01-01 00:00:00.000004277,-0.156463
1970-01-01 00:00:00.000004278,-0.169274
1970-01-01 00:00:00.000004279,-0.178878
1970-01-01 00:00:00.000004280,-0.173557
1970-01-01 00:00:00.000004281,-0.170393
1970-01-01 00:00:00.000004282,-0.164051
1970-01-01 00:00:00.000004283,-0.1608369999999999
1970-01-01 00:00:00.000004284,-0.148058
1970-01-01 00:00:00.000004285,-0.136342
1970-01-01 00:00:00.000004286,-0.126743
1970-01-01 00:00:00.000004287,-0.12247
1970-01-01 00:00:00.000004288,-0.105466
1970-01-01 00:00:00.000004289,-0.091603
1970-01-01 00:00:00.000004290,-0.075615
1970-01-01 00:00:00.000004291,-0.060595
1970-01-01 00:00:00.000004292,-0.051009
1970-01-01 00:00:00.000004293,-0.038238
1970-01-01 00:00:00.000004294,-0.022253
1970-01-01 00:00:00.000004295,-0.010544
1970-01-01 00:00:00.000004296,0.007389
1970-01-01 00:00:00.000004297,0.021263
1970-01-01 00:00:00.000004298,0.037263
1970-01-01 00:00:00.000004299,0.0458
1970-01-01 00:00:00.000004300,0.0617809999999999
1970-01-01 00:00:00.000004301,0.087339
1970-01-01 00:00:00.000004302,0.091602
1970-01-01 00:00:00.000004303,0.096542
1970-01-01 00:00:00.000004304,0.0986409999999999
1970-01-01 00:00:00.000004305,0.101833
1970-01-01 00:00:00.000004306,0.098623
1970-01-01 00:00:00.000004307,0.089017
1970-01-01 00:00:00.000004308,0.079442
1970-01-01 00:00:00.000004309,0.063458
1970-01-01 00:00:00.000004310,0.050684
1970-01-01 00:00:00.000004311,0.042166
1970-01-01 00:00:00.000004312,0.03497
1970-01-01 00:00:00.000004313,0.026485
1970-01-01 00:00:00.000004314,0.01481
1970-01-01 00:00:00.000004315,0.011642
1970-01-01 00:00:00.000004316,-0.0010949999999999
1970-01-01 00:00:00.000004317,-0.023423
1970-01-01 00:00:00.000004318,-0.035092
1970-01-01 00:00:00.000004319,-0.039655
1970-01-01 00:00:00.000004320,-0.044973
1970-01-01 00:00:00.000004321,-0.041775
1970-01-01 00:00:00.000004322,-0.037528
1970-01-01 00:00:00.000004323,-0.034356
1970-01-01 00:00:00.000004324,-0.014115
1970-01-01 00:00:00.000004325,-0.000259
1970-01-01 00:00:00.000004326,-0.01308
1970-01-01 00:00:00.000004327,-0.011031
1970-01-01 00:00:00.000004328,-0.002754
1970-01-01 00:00:00.000004329,-0.001736
1970-01-01 00:00:00.000004330,0.000329
1970-01-01 00:00:00.000004331,0.001343
1970-01-01 00:00:00.000004332,-0.003998
1970-01-01 00:00:00.000004333,-0.008267
1970-01-01 00:00:00.000004334,-0.022109
1970-01-01 00:00:00.000004335,-0.027669
1970-01-01 00:00:00.000004336,-0.023415
1970-01-01 00:00:00.000004337,-0.022368
1970-01-01 00:00:00.000004338,-0.022347
1970-01-01 00:00:00.000004339,-0.00527
1970-01-01 00:00:00.000004340,0.015004
1970-01-01 00:00:00.000004341,0.031011
1970-01-01 00:00:00.000004342,0.019277
1970-01-01 00:00:00.000004343,0.010407
1970-01-01 00:00:00.000004344,0.011423
1970-01-01 00:00:00.000004345,0.023082
1970-01-01 00:00:00.000004346,0.031549
1970-01-01 00:00:00.000004347,-0.000397
1970-01-01 00:00:00.000004348,0.019898
1970-01-01 00:00:00.000004349,0.093402
1970-01-01 00:00:00.000004350,0.039138
1970-01-01 00:00:00.000004351,-0.037709
1970-01-01 00:00:00.000004352,-0.055787
1970-01-01 00:00:00.000004353,-0.13029
1970-01-01 00:00:00.000004354,-0.070676
1970-01-01 00:00:00.000004355,-0.077068
1970-01-01 00:00:00.000004356,-0.129238
1970-01-01 00:00:00.000004357,-0.111152
1970-01-01 00:00:00.000004358,-0.0877309999999999
1970-01-01 00:00:00.000004359,-0.097248
1970-01-01 00:00:00.000004360,-0.102415
1970-01-01 00:00:00.000004361,-0.083171
1970-01-01 00:00:00.000004362,-0.085345
1970-01-01 00:00:00.000004363,-0.029074
1970-01-01 00:00:00.000004364,0.017689
1970-01-01 00:00:00.000004365,0.065483
1970-01-01 00:00:00.000004366,0.058033
1970-01-01 00:00:00.000004367,0.014586
1970-01-01 00:00:00.000004368,-0.004459
1970-01-01 00:00:00.000004369,0.0212
1970-01-01 00:00:00.000004370,0.03829
1970-01-01 00:00:00.000004371,0.034088
1970-01-01 00:00:00.000004372,0.060739
1970-01-01 00:00:00.000004373,0.116143
1970-01-01 00:00:00.000004374,0.192871
1970-01-01 00:00:00.000004375,0.315219
1970-01-01 00:00:00.000004376,0.306595
1970-01-01 00:00:00.000004377,0.124702
1970-01-01 00:00:00.000004378,0.1088529999999999
1970-01-01 00:00:00.000004379,0.167497
1970-01-01 00:00:00.000004380,0.200652
1970-01-01 00:00:00.000004381,0.199596
1970-01-01 00:00:00.000004382,0.1068369999999999
1970-01-01 00:00:00.000004383,-0.04446
1970-01-01 00:00:00.000004384,0.050217
1970-01-01 00:00:00.000004385,0.132317
1970-01-01 00:00:00.000004386,0.197229
1970-01-01 00:00:00.000004387,0.191807
1970-01-01 00:00:00.000004388,0.208691
1970-01-01 00:00:00.000004389,0.25317
1970-01-01 00:00:00.000004390,0.276394
1970-01-01 00:00:00.000004391,0.259998
1970-01-01 00:00:00.000004392,0.233186
1970-01-01 00:00:00.000004393,0.208651
1970-01-01 00:00:00.000004394,0.160834
1970-01-01 00:00:00.000004395,0.122696
1970-01-01 00:00:00.000004396,0.070813
1970-01-01 00:00:00.000004397,0.018977
1970-01-01 00:00:00.000004398,0.018152
1970-01-01 00:00:00.000004399,0.01504
1970-01-01 00:00:00.000004400,0.040355
1970-01-01 00:00:00.000004401,0.098756
1970-01-01 00:00:00.000004402,0.132596
1970-01-01 00:00:00.000004403,0.1505369999999999
1970-01-01 00:00:00.000004404,0.164266
1970-01-01 00:00:00.000004405,0.17912
1970-01-01 00:00:00.000004406,0.170649
1970-01-01 00:00:00.000004407,0.115425
1970-01-01 00:00:00.000004408,0.042172
1970-01-01 00:00:00.000004409,-0.074796
1970-01-01 00:00:00.000004410,-0.147112
1970-01-01 00:00:00.000004411,-0.16196
1970-01-01 00:00:00.000004412,-0.181207
1970-01-01 00:00:00.000004413,-0.198342
1970-01-01 00:00:00.000004414,-0.209164
1970-01-01 00:00:00.000004415,-0.185877
1970-01-01 00:00:00.000004416,-0.137963
1970-01-01 00:00:00.000004417,-0.104903
1970-01-01 00:00:00.000004418,-0.1081029999999999
1970-01-01 00:00:00.000004419,-0.128449
1970-01-01 00:00:00.000004420,-0.1222109999999999
1970-01-01 00:00:00.000004421,-0.092519
1970-01-01 00:00:00.000004422,-0.052109
1970-01-01 00:00:00.000004423,-0.030832
1970-01-01 00:00:00.000004424,-0.012727
1970-01-01 00:00:00.000004425,-0.013799
1970-01-01 00:00:00.000004426,-0.036136
1970-01-01 00:00:00.000004427,-0.05206
1970-01-01 00:00:00.000004428,-0.080743
1970-01-01 00:00:00.000004429,-0.088136
1970-01-01 00:00:00.000004430,-0.085961
1970-01-01 00:00:00.000004431,-0.073198
1970-01-01 00:00:00.000004432,-0.025379
1970-01-01 00:00:00.000004433,-0.010583
1970-01-01 00:00:00.000004434,0.008503
1970-01-01 00:00:00.000004435,0.0245169999999999
1970-01-01 00:00:00.000004436,0.037455
1970-01-01 00:00:00.000004437,0.019589
1970-01-01 00:00:00.000004438,-0.046135
1970-01-01 00:00:00.000004439,-0.170407
1970-01-01 00:00:00.000004440,-0.284051
1970-01-01 00:00:00.000004441,-0.4094219999999999
1970-01-01 00:00:00.000004442,-0.5178560000000001
1970-01-01 00:00:00.000004443,-0.604086
1970-01-01 00:00:00.000004444,-0.646836
1970-01-01 00:00:00.000004445,-0.543916
1970-01-01 00:00:00.000004446,-0.155825
1970-01-01 00:00:00.000004447,0.237395
1970-01-01 00:00:00.000004448,0.481887
1970-01-01 00:00:00.000004449,0.443551
1970-01-01 00:00:00.000004450,0.288288
1970-01-01 00:00:00.000004451,0.177696
1970-01-01 00:00:00.000004452,0.075636
1970-01-01 00:00:00.000004453,0.001301
1970-01-01 00:00:00.000004454,-0.008149
1970-01-01 00:00:00.000004455,-0.007018
1970-01-01 00:00:00.000004456,0.00467
1970-01-01 00:00:00.000004457,0.019475
1970-01-01 00:00:00.000004458,0.039594
1970-01-01 00:00:00.000004459,0.020207
1970-01-01 00:00:00.000004460,-0.0173259999999999
1970-01-01 00:00:00.000004461,-0.034569
1970-01-01 00:00:00.000004462,-0.0282079999999999
1970-01-01 00:00:00.000004463,0.009256
1970-01-01 00:00:00.000004464,0.074462
1970-01-01 00:00:00.000004465,0.101327
1970-01-01 00:00:00.000004466,0.043958
1970-01-01 00:00:00.000004467,0.0973639999999999
1970-01-01 00:00:00.000004468,0.148569
1970-01-01 00:00:00.000004469,0.223072
1970-01-01 00:00:00.000004470,0.277415
1970-01-01 00:00:00.000004471,0.329638
1970-01-01 00:00:00.000004472,0.296513
1970-01-01 00:00:00.000004473,0.185652
1970-01-01 00:00:00.000004474,0.086543
1970-01-01 00:00:00.000004475,0.047091
1970-01-01 00:00:00.000004476,0.011954
1970-01-01 00:00:00.000004477,-0.0177879999999999
1970-01-01 00:00:00.000004478,-0.068833
1970-01-01 00:00:00.000004479,-0.155113
1970-01-01 00:00:00.000004480,-0.240281
1970-01-01 00:00:00.000004481,-0.291371
1970-01-01 00:00:00.000004482,-0.290377
1970-01-01 00:00:00.000004483,-0.286194
1970-01-01 00:00:00.000004484,-0.231948
1970-01-01 00:00:00.000004485,-0.158618
1970-01-01 00:00:00.000004486,-0.139533
1970-01-01 00:00:00.000004487,-0.120351
1970-01-01 00:00:00.000004488,-0.110769
1970-01-01 00:00:00.000004489,-0.120263
1970-01-01 00:00:00.000004490,-0.131839
1970-01-01 00:00:00.000004491,-0.108351
1970-01-01 00:00:00.000004492,-0.113604
1970-01-01 00:00:00.000004493,-0.098606
1970-01-01 00:00:00.000004494,-0.044239
1970-01-01 00:00:00.000004495,-0.003453
1970-01-01 00:00:00.000004496,0.022198
1970-01-01 00:00:00.000004497,0.041413
1970-01-01 00:00:00.000004498,0.046805
1970-01-01 00:00:00.000004499,0.050075
1970-01-01 00:00:00.000004500,0.0798929999999999
1970-01-01 00:00:00.000004501,0.07875
1970-01-01 00:00:00.000004502,0.05619
1970-01-01 00:00:00.000004503,-0.005958
1970-01-01 00:00:00.000004504,-0.099965
1970-01-01 00:00:00.000004505,-0.107502
1970-01-01 00:00:00.000004506,-0.0701929999999999
1970-01-01 00:00:00.000004507,-0.036001
1970-01-01 00:00:00.000004508,-0.025102
1970-01-01 00:00:00.000004509,-0.043972
1970-01-01 00:00:00.000004510,-0.083194
1970-01-01 00:00:00.000004511,-0.084184
1970-01-01 00:00:00.000004512,-0.0469129999999999
1970-01-01 00:00:00.000004513,0.028656
1970-01-01 00:00:00.000004514,0.143613
1970-01-01 00:00:00.000004515,0.271285
1970-01-01 00:00:00.000004516,0.325419
1970-01-01 00:00:00.000004517,0.281638
1970-01-01 00:00:00.000004518,0.185767
1970-01-01 00:00:00.000004519,0.139986
1970-01-01 00:00:00.000004520,0.097511
1970-01-01 00:00:00.000004521,0.019896
1970-01-01 00:00:00.000004522,-0.059788
1970-01-01 00:00:00.000004523,-0.1235839999999999
1970-01-01 00:00:00.000004524,-0.152072
1970-01-01 00:00:00.000004525,-0.137188
1970-01-01 00:00:00.000004526,-0.114881
1970-01-01 00:00:00.000004527,-0.13834
1970-01-01 00:00:00.000004528,-0.063927
1970-01-01 00:00:00.000004529,-0.0129229999999999
1970-01-01 00:00:00.000004530,0.027471
1970-01-01 00:00:00.000004531,0.066233
1970-01-01 00:00:00.000004532,0.069475
1970-01-01 00:00:00.000004533,0.068448
1970-01-01 00:00:00.000004534,0.054612
1970-01-01 00:00:00.000004535,0.032262
1970-01-01 00:00:00.000004536,0.0088709999999999
1970-01-01 00:00:00.000004537,0.037581
1970-01-01 00:00:00.000004538,0.0471069999999999
1970-01-01 00:00:00.000004539,0.048132
1970-01-01 00:00:00.000004540,0.052419
1970-01-01 00:00:00.000004541,0.053469
1970-01-01 00:00:00.000004542,0.041742
1970-01-01 00:00:00.000004543,0.025787
1970-01-01 00:00:00.000004544,0.008767
1970-01-01 00:00:00.000004545,-0.000823
1970-01-01 00:00:00.000004546,-0.013567
1970-01-01 00:00:00.000004547,-0.011932
1970-01-01 00:00:00.000004548,-0.013002
1970-01-01 00:00:00.000004549,-0.016217
1970-01-01 00:00:00.000004550,-0.014117
1970-01-01 00:00:00.000004551,-0.007769
1970-01-01 00:00:00.000004552,0.001787
1970-01-01 00:00:00.000004553,0.012442
1970-01-01 00:00:00.000004554,0.011404
1970-01-01 00:00:00.000004555,-0.0009939999999999
1970-01-01 00:00:00.000004556,-0.0254789999999999
1970-01-01 00:00:00.000004557,-0.0180199999999999
1970-01-01 00:00:00.000004558,-0.018
1970-01-01 00:00:00.000004559,-0.023346
1970-01-01 00:00:00.000004560,-0.0138009999999999
1970-01-01 00:00:00.000004561,-0.007439
1970-01-01 00:00:00.000004562,-0.0010539999999999
1970-01-01 00:00:00.000004563,-0.00211
1970-01-01 00:00:00.000004564,-0.002002
1970-01-01 00:00:00.000004565,-0.020079
1970-01-01 00:00:00.000004566,-0.043497
1970-01-01 00:00:00.000004567,-0.063745
1970-01-01 00:00:00.000004568,-0.086105
1970-01-01 00:00:00.000004569,-0.107416
1970-01-01 00:00:00.000004570,-0.1170609999999999
1970-01-01 00:00:00.000004571,-0.1118099999999999
1970-01-01 00:00:00.000004572,-0.111163
1970-01-01 00:00:00.000004573,-0.09629
1970-01-01 00:00:00.000004574,-0.076123
1970-01-01 00:00:00.000004575,-0.067671
1970-01-01 00:00:00.000004576,-0.063449
1970-01-01 00:00:00.000004577,-0.057038
1970-01-01 00:00:00.000004578,-0.04636
1970-01-01 00:00:00.000004579,-0.032949
1970-01-01 00:00:00.000004580,-0.025432
1970-01-01 00:00:00.000004581,-0.034981
1970-01-01 00:00:00.000004582,-0.026422
1970-01-01 00:00:00.000004583,-0.0124879999999999
1970-01-01 00:00:00.000004584,0.01315
1970-01-01 00:00:00.000004585,0.035536
1970-01-01 00:00:00.000004586,0.050446
1970-01-01 00:00:00.000004587,0.066177
1970-01-01 00:00:00.000004588,0.0854159999999999
1970-01-01 00:00:00.000004589,0.124852
1970-01-01 00:00:00.000004590,0.139715
1970-01-01 00:00:00.000004591,0.09381
1970-01-01 00:00:00.000004592,0.008442
1970-01-01 00:00:00.000004593,-0.070451
1970-01-01 00:00:00.000004594,-0.098204
1970-01-01 00:00:00.000004595,-0.075874
1970-01-01 00:00:00.000004596,-0.050336
1970-01-01 00:00:00.000004597,-0.016173
1970-01-01 00:00:00.000004598,-0.028827
1970-01-01 00:00:00.000004599,-0.034048
1970-01-01 00:00:00.000004600,-0.018026
1970-01-01 00:00:00.000004601,0.012869
1970-01-01 00:00:00.000004602,0.079949
1970-01-01 00:00:00.000004603,0.137451
1970-01-01 00:00:00.000004604,0.171519
1970-01-01 00:00:00.000004605,0.176831
1970-01-01 00:00:00.000004606,0.14805
1970-01-01 00:00:00.000004607,0.103326
1970-01-01 00:00:00.000004608,0.078872
1970-01-01 00:00:00.000004609,0.075701
1970-01-01 00:00:00.000004610,0.066157
1970-01-01 00:00:00.000004611,0.048482
1970-01-01 00:00:00.000004612,0.020801
1970-01-01 00:00:00.000004613,0.002706
1970-01-01 00:00:00.000004614,0.013402
1970-01-01 00:00:00.000004615,0.042267
1970-01-01 00:00:00.000004616,0.065841
1970-01-01 00:00:00.000004617,0.0862049999999999
1970-01-01 00:00:00.000004618,0.106373
1970-01-01 00:00:00.000004619,0.0924659999999999
1970-01-01 00:00:00.000004620,0.052953
1970-01-01 00:00:00.000004621,0.031536
1970-01-01 00:00:00.000004622,0.012282
1970-01-01 00:00:00.000004623,0.0026
1970-01-01 00:00:00.000004624,-0.01664
1970-01-01 00:00:00.000004625,-0.018803
1970-01-01 00:00:00.000004626,-0.006004
1970-01-01 00:00:00.000004627,-0.006881
1970-01-01 00:00:00.000004628,-0.017504
1970-01-01 00:00:00.000004629,-0.030268
1970-01-01 00:00:00.000004630,-0.040908
1970-01-01 00:00:00.000004631,-0.051484
1970-01-01 00:00:00.000004632,-0.062136
1970-01-01 00:00:00.000004633,-0.072833
1970-01-01 00:00:00.000004634,-0.073729
1970-01-01 00:00:00.000004635,-0.066296
1970-01-01 00:00:00.000004636,-0.05885
1970-01-01 00:00:00.000004637,-0.049211
1970-01-01 00:00:00.000004638,-0.0598429999999999
1970-01-01 00:00:00.000004639,-0.082209
1970-01-01 00:00:00.000004640,-0.097096
1970-01-01 00:00:00.000004641,-0.09494
1970-01-01 00:00:00.000004642,-0.088461
1970-01-01 00:00:00.000004643,-0.087435
1970-01-01 00:00:00.000004644,-0.087471
1970-01-01 00:00:00.000004645,-0.07367
1970-01-01 00:00:00.000004646,-0.067315
1970-01-01 00:00:00.000004647,-0.063074
1970-01-01 00:00:00.000004648,-0.057769
1970-01-01 00:00:00.000004649,-0.049233
1970-01-01 00:00:00.000004650,-0.044072
1970-01-01 00:00:00.000004651,-0.043032
1970-01-01 00:00:00.000004652,-0.0377259999999999
1970-01-01 00:00:00.000004653,-0.026042
1970-01-01 00:00:00.000004654,-0.025012
1970-01-01 00:00:00.000004655,-0.003752
1970-01-01 00:00:00.000004656,-0.012299
1970-01-01 00:00:00.000004657,-0.00172
1970-01-01 00:00:00.000004658,0.026919
1970-01-01 00:00:00.000004659,0.000281
1970-01-01 00:00:00.000004660,0.017302
1970-01-01 00:00:00.000004661,0.038589
1970-01-01 00:00:00.000004662,0.03859
1970-01-01 00:00:00.000004663,0.0321899999999999
1970-01-01 00:00:00.000004664,0.038576
1970-01-01 00:00:00.000004665,0.059848
1970-01-01 00:00:00.000004666,0.088255
1970-01-01 00:00:00.000004667,0.1032309999999999
1970-01-01 00:00:00.000004668,0.108675
1970-01-01 00:00:00.000004669,0.099144
1970-01-01 00:00:00.000004670,0.040632
1970-01-01 00:00:00.000004671,0.006618
1970-01-01 00:00:00.000004672,0.006686
1970-01-01 00:00:00.000004673,0.021621
1970-01-01 00:00:00.000004674,0.0424709999999999
1970-01-01 00:00:00.000004675,0.05205
1970-01-01 00:00:00.000004676,0.060513
1970-01-01 00:00:00.000004677,0.068979
1970-01-01 00:00:00.000004678,0.067848
1970-01-01 00:00:00.000004679,0.0656279999999999
1970-01-01 00:00:00.000004680,0.052801
1970-01-01 00:00:00.000004681,0.054901
1970-01-01 00:00:00.000004682,0.059146
1970-01-01 00:00:00.000004683,0.04858
1970-01-01 00:00:00.000004684,0.052846
1970-01-01 00:00:00.000004685,0.0284069999999999
1970-01-01 00:00:00.000004686,0.021001
1970-01-01 00:00:00.000004687,0.006194
1970-01-01 00:00:00.000004688,-0.005435
1970-01-01 00:00:00.000004689,-0.00854
1970-01-01 00:00:00.000004690,0.008535
1970-01-01 00:00:00.000004691,0.0160139999999999
1970-01-01 00:00:00.000004692,-0.014843
1970-01-01 00:00:00.000004693,0.033014
1970-01-01 00:00:00.000004694,-0.013906
1970-01-01 00:00:00.000004695,0.062685
1970-01-01 00:00:00.000004696,0.05517
1970-01-01 00:00:00.000004697,0.053013
1970-01-01 00:00:00.000004698,0.060458
1970-01-01 00:00:00.000004699,0.0522
1970-01-01 00:00:00.000004700,0.051156
1970-01-01 00:00:00.000004701,0.060824
1970-01-01 00:00:00.000004702,0.0672659999999999
1970-01-01 00:00:00.000004703,0.059815
1970-01-01 00:00:00.000004704,0.054463
1970-01-01 00:00:00.000004705,0.045908
1970-01-01 00:00:00.000004706,0.0582289999999999
1970-01-01 00:00:00.000004707,0.055054
1970-01-01 00:00:00.000004708,0.033773
1970-01-01 00:00:00.000004709,0.021006
1970-01-01 00:00:00.000004710,0.0029289999999999
1970-01-01 00:00:00.000004711,-0.014024
1970-01-01 00:00:00.000004712,-0.017242
1970-01-01 00:00:00.000004713,-0.004474
1970-01-01 00:00:00.000004714,-0.003285
1970-01-01 00:00:00.000004715,-0.013973
1970-01-01 00:00:00.000004716,-0.018248
1970-01-01 00:00:00.000004717,-0.033197
1970-01-01 00:00:00.000004718,-0.047096
1970-01-01 00:00:00.000004719,-0.054561
1970-01-01 00:00:00.000004720,-0.05776
1970-01-01 00:00:00.000004721,-0.049234
1970-01-01 00:00:00.000004722,-0.042837
1970-01-01 00:00:00.000004723,-0.04481
1970-01-01 00:00:00.000004724,-0.041628
1970-01-01 00:00:00.000004725,-0.034163
1970-01-01 00:00:00.000004726,-0.020296
1970-01-01 00:00:00.000004727,-0.009609
1970-01-01 00:00:00.000004728,-0.012766
1970-01-01 00:00:00.000004729,-0.021272
1970-01-01 00:00:00.000004730,-0.022322
1970-01-01 00:00:00.000004731,-0.009349
1970-01-01 00:00:00.000004732,-0.007169
1970-01-01 00:00:00.000004733,0.004571
1970-01-01 00:00:00.000004734,0.004576
1970-01-01 00:00:00.000004735,0.009887
1970-01-01 00:00:00.000004736,0.014087
1970-01-01 00:00:00.000004737,0.03428
1970-01-01 00:00:00.000004738,0.045985
1970-01-01 00:00:00.000004739,0.048016
1970-01-01 00:00:00.000004740,0.053332
1970-01-01 00:00:00.000004741,0.057597
1970-01-01 00:00:00.000004742,0.050156
1970-01-01 00:00:00.000004743,0.052258
1970-01-01 00:00:00.000004744,0.061817
1970-01-01 00:00:00.000004745,0.071392
1970-01-01 00:00:00.000004746,0.080972
1970-01-01 00:00:00.000004747,0.091727
1970-01-01 00:00:00.000004748,0.095957
1970-01-01 00:00:00.000004749,0.086358
1970-01-01 00:00:00.000004750,0.071446
1970-01-01 00:00:00.000004751,0.055495
1970-01-01 00:00:00.000004752,0.03315
1970-01-01 00:00:00.000004753,0.018272
1970-01-01 00:00:00.000004754,0.009751
1970-01-01 00:00:00.000004755,0.0031379999999999
1970-01-01 00:00:00.000004756,-0.005352
1970-01-01 00:00:00.000004757,-0.015981
1970-01-01 00:00:00.000004758,-0.029816
1970-01-01 00:00:00.000004759,-0.037248
1970-01-01 00:00:00.000004760,-0.044703
1970-01-01 00:00:00.000004761,-0.044706
1970-01-01 00:00:00.000004762,-0.0434769999999999
1970-01-01 00:00:00.000004763,-0.047736
1970-01-01 00:00:00.000004764,-0.040326
1970-01-01 00:00:00.000004765,-0.035008
1970-01-01 00:00:00.000004766,-0.037139
1970-01-01 00:00:00.000004767,-0.029718
1970-01-01 00:00:00.000004768,-0.032921
1970-01-01 00:00:00.000004769,-0.043569
1970-01-01 00:00:00.000004770,-0.042483
1970-01-01 00:00:00.000004771,-0.040361
1970-01-01 00:00:00.000004772,-0.038238
1970-01-01 00:00:00.000004773,-0.033966
1970-01-01 00:00:00.000004774,-0.028635
1970-01-01 00:00:00.000004775,-0.026516
1970-01-01 00:00:00.000004776,-0.023306
1970-01-01 00:00:00.000004777,-0.025429
1970-01-01 00:00:00.000004778,-0.0259889999999999
1970-01-01 00:00:00.000004779,-0.024916
1970-01-01 00:00:00.000004780,-0.0270399999999999
1970-01-01 00:00:00.000004781,-0.030229
1970-01-01 00:00:00.000004782,-0.028068
1970-01-01 00:00:00.000004783,-0.03018
1970-01-01 00:00:00.000004784,-0.032291
1970-01-01 00:00:00.000004785,-0.031199
1970-01-01 00:00:00.000004786,-0.022614
1970-01-01 00:00:00.000004787,-0.005606
1970-01-01 00:00:00.000004788,0.0050079999999999
1970-01-01 00:00:00.000004789,0.01885
1970-01-01 00:00:00.000004790,0.039043
1970-01-01 00:00:00.000004791,0.040094
1970-01-01 00:00:00.000004792,0.031586
1970-01-01 00:00:00.000004793,0.020966
1970-01-01 00:00:00.000004794,0.0152039999999999
1970-01-01 00:00:00.000004795,0.010951
1970-01-01 00:00:00.000004796,0.015218
1970-01-01 00:00:00.000004797,0.022664
1970-01-01 00:00:00.000004798,0.038661
1970-01-01 00:00:00.000004799,0.049335
1970-01-01 00:00:00.000004800,0.0610519999999999
1970-01-01 00:00:00.000004801,0.06214
1970-01-01 00:00:00.000004802,0.060158
1970-01-01 00:00:00.000004803,0.059104
1970-01-01 00:00:00.000004804,0.06017
1970-01-01 00:00:00.000004805,0.060158
1970-01-01 00:00:00.000004806,0.070776
1970-01-01 00:00:00.000004807,0.07501
1970-01-01 00:00:00.000004808,0.076047
1970-01-01 00:00:00.000004809,0.071779
1970-01-01 00:00:00.000004810,0.061584
1970-01-01 00:00:00.000004811,0.045622
1970-01-01 00:00:00.000004812,0.038192
1970-01-01 00:00:00.000004813,0.032862
1970-01-01 00:00:00.000004814,0.0264709999999999
1970-01-01 00:00:00.000004815,0.029631
1970-01-01 00:00:00.000004816,0.025371
1970-01-01 00:00:00.000004817,0.025363
1970-01-01 00:00:00.000004818,0.021689
1970-01-01 00:00:00.000004819,0.006776
1970-01-01 00:00:00.000004820,0.005681
1970-01-01 00:00:00.000004821,0.004588
1970-01-01 00:00:00.000004822,0.008833
1970-01-01 00:00:00.000004823,0.000296
1970-01-01 00:00:00.000004824,-0.009301
1970-01-01 00:00:00.000004825,-0.012492
1970-01-01 00:00:00.000004826,-0.022071
1970-01-01 00:00:00.000004827,-0.030329
1970-01-01 00:00:00.000004828,-0.030336
1970-01-01 00:00:00.000004829,-0.030344
1970-01-01 00:00:00.000004830,-0.028213
1970-01-01 00:00:00.000004831,-0.0335339999999999
1970-01-01 00:00:00.000004832,-0.032478
1970-01-01 00:00:00.000004833,-0.029286
1970-01-01 00:00:00.000004834,-0.0274279999999999
1970-01-01 00:00:00.000004835,-0.023147
1970-01-01 00:00:00.000004836,-0.019951
1970-01-01 00:00:00.000004837,-0.016752
1970-01-01 00:00:00.000004838,-0.014625
1970-01-01 00:00:00.000004839,-0.013553
1970-01-01 00:00:00.000004840,-0.006115
1970-01-01 00:00:00.000004841,-0.00823
1970-01-01 00:00:00.000004842,-0.0058969999999999
1970-01-01 00:00:00.000004843,-0.005893
1970-01-01 00:00:00.000004844,-0.008012
1970-01-01 00:00:00.000004845,-0.008011
1970-01-01 00:00:00.000004846,-0.016541
1970-01-01 00:00:00.000004847,-0.010145
1970-01-01 00:00:00.000004848,-0.008023
1970-01-01 00:00:00.000004849,-0.002708
1970-01-01 00:00:00.000004850,-0.006872
1970-01-01 00:00:00.000004851,-0.0079329999999999
1970-01-01 00:00:00.000004852,-0.008988
1970-01-01 00:00:00.000004853,-0.010045
1970-01-01 00:00:00.000004854,-0.015363
1970-01-01 00:00:00.000004855,-0.0174919999999999
1970-01-01 00:00:00.000004856,-0.016419
1970-01-01 00:00:00.000004857,-0.016431
1970-01-01 00:00:00.000004858,-0.016047
1970-01-01 00:00:00.000004859,-0.012859
1970-01-01 00:00:00.000004860,-0.009674
1970-01-01 00:00:00.000004861,-0.0086319999999999
1970-01-01 00:00:00.000004862,-0.011836
1970-01-01 00:00:00.000004863,-0.017177
1970-01-01 00:00:00.000004864,-0.021426
1970-01-01 00:00:00.000004865,-0.02249
1970-01-01 00:00:00.000004866,-0.026756
1970-01-01 00:00:00.000004867,-0.036468
1970-01-01 00:00:00.000004868,-0.033275
1970-01-01 00:00:00.000004869,-0.035393
1970-01-01 00:00:00.000004870,-0.042843
1970-01-01 00:00:00.000004871,-0.062025
1970-01-01 00:00:00.000004872,-0.076938
1970-01-01 00:00:00.000004873,-0.074823
1970-01-01 00:00:00.000004874,-0.102392
1970-01-01 00:00:00.000004875,-0.119434
1970-01-01 00:00:00.000004876,-0.119429
1970-01-01 00:00:00.000004877,-0.124796
1970-01-01 00:00:00.000004878,-0.167368
1970-01-01 00:00:00.000004879,-0.138619
1970-01-01 00:00:00.000004880,-0.126942
1970-01-01 00:00:00.000004881,-0.150334
1970-01-01 00:00:00.000004882,-0.145868
1970-01-01 00:00:00.000004883,-0.109752
1970-01-01 00:00:00.000004884,-0.0640029999999999
1970-01-01 00:00:00.000004885,-0.066023
1970-01-01 00:00:00.000004886,-0.067103
1970-01-01 00:00:00.000004887,-0.14046
1970-01-01 00:00:00.000004888,-0.1095599999999999
1970-01-01 00:00:00.000004889,-0.080858
1970-01-01 00:00:00.000004890,-0.1084849999999999
1970-01-01 00:00:00.000004891,-0.06912
1970-01-01 00:00:00.000004892,-0.0744679999999999
1970-01-01 00:00:00.000004893,-0.07124
1970-01-01 00:00:00.000004894,-0.045712
1970-01-01 00:00:00.000004895,-0.053127
1970-01-01 00:00:00.000004896,-0.017981
1970-01-01 00:00:00.000004897,-0.008426
1970-01-01 00:00:00.000004898,-0.021175
1970-01-01 00:00:00.000004899,0.009689
1970-01-01 00:00:00.000004900,0.023514
1970-01-01 00:00:00.000004901,0.019273
1970-01-01 00:00:00.000004902,0.041604
1970-01-01 00:00:00.000004903,0.004603
1970-01-01 00:00:00.000004904,0.030167
1970-01-01 00:00:00.000004905,0.0291089999999999
1970-01-01 00:00:00.000004906,0.058921
1970-01-01 00:00:00.000004907,0.035466
1970-01-01 00:00:00.000004908,0.0258879999999999
1970-01-01 00:00:00.000004909,0.053551
1970-01-01 00:00:00.000004910,0.067399
1970-01-01 00:00:00.000004911,0.065302
1970-01-01 00:00:00.000004912,0.080186
1970-01-01 00:00:00.000004913,0.073778
1970-01-01 00:00:00.000004914,0.022738
1970-01-01 00:00:00.000004915,0.000364
1970-01-01 00:00:00.000004916,-0.0209479999999999
1970-01-01 00:00:00.000004917,-0.031609
1970-01-01 00:00:00.000004918,-0.020938
1970-01-01 00:00:00.000004919,-0.0018219999999999
1970-01-01 00:00:00.000004920,-0.036941
1970-01-01 00:00:00.000004921,-0.010356
1970-01-01 00:00:00.000004922,-0.015691
1970-01-01 00:00:00.000004923,0.002438
1970-01-01 00:00:00.000004924,0.015201
1970-01-01 00:00:00.000004925,0.035429
1970-01-01 00:00:00.000004926,0.040775
1970-01-01 00:00:00.000004927,0.052515
1970-01-01 00:00:00.000004928,0.0865659999999999
1970-01-01 00:00:00.000004929,0.074906
1970-01-01 00:00:00.000004930,0.045137
1970-01-01 00:00:00.000004931,0.0525799999999999
1970-01-01 00:00:00.000004932,0.064266
1970-01-01 00:00:00.000004933,0.061095
1970-01-01 00:00:00.000004934,0.083424
1970-01-01 00:00:00.000004935,0.068469
1970-01-01 00:00:00.000004936,0.0525
1970-01-01 00:00:00.000004937,0.051436
1970-01-01 00:00:00.000004938,0.082283
1970-01-01 00:00:00.000004939,0.048206
1970-01-01 00:00:00.000004940,-0.006027
1970-01-01 00:00:00.000004941,0.04183
1970-01-01 00:00:00.000004942,0.039725
1970-01-01 00:00:00.000004943,0.039906
1970-01-01 00:00:00.000004944,0.022825
1970-01-01 00:00:00.000004945,-0.0133479999999999
1970-01-01 00:00:00.000004946,0.0058119999999999
1970-01-01 00:00:00.000004947,0.017481
1970-01-01 00:00:00.000004948,-0.002777
1970-01-01 00:00:00.000004949,-0.014523
1970-01-01 00:00:00.000004950,0.002507
1970-01-01 00:00:00.000004951,-0.0055229999999999
1970-01-01 00:00:00.000004952,-0.012934
1970-01-01 00:00:00.000004953,-0.038472
1970-01-01 00:00:00.000004954,-0.044848
1970-01-01 00:00:00.000004955,-0.083162
1970-01-01 00:00:00.000004956,-0.15019
1970-01-01 00:00:00.000004957,-0.093831
1970-01-01 00:00:00.000004958,-0.065102
1970-01-01 00:00:00.000004959,-0.081863
1970-01-01 00:00:00.000004960,-0.047832
1970-01-01 00:00:00.000004961,-0.047827
1970-01-01 00:00:00.000004962,-0.058437
1970-01-01 00:00:00.000004963,-0.0829039999999999
1970-01-01 00:00:00.000004964,-0.012642
1970-01-01 00:00:00.000004965,0.032035
1970-01-01 00:00:00.000004966,-0.020102
1970-01-01 00:00:00.000004967,-0.005185
1970-01-01 00:00:00.000004968,0.006986
1970-01-01 00:00:00.000004969,-0.0238199999999999
1970-01-01 00:00:00.000004970,-0.021666
1970-01-01 00:00:00.000004971,0.004886
1970-01-01 00:00:00.000004972,0.000643
1970-01-01 00:00:00.000004973,-0.002497
1970-01-01 00:00:00.000004974,0.025119
1970-01-01 00:00:00.000004975,0.035766
1970-01-01 00:00:00.000004976,0.051979
1970-01-01 00:00:00.000004977,0.096679
1970-01-01 00:00:00.000004978,0.093484
1970-01-01 00:00:00.000004979,0.071176
1970-01-01 00:00:00.000004980,0.076502
1970-01-01 00:00:00.000004981,0.0850279999999999
1970-01-01 00:00:00.000004982,0.119114
1970-01-01 00:00:00.000004983,0.111654
1970-01-01 00:00:00.000004984,0.047141
1970-01-01 00:00:00.000004985,-0.022065
1970-01-01 00:00:00.000004986,0.011929
1970-01-01 00:00:00.000004987,0.020429
1970-01-01 00:00:00.000004988,0.0055369999999999
1970-01-01 00:00:00.000004989,0.001208
1970-01-01 00:00:00.000004990,-0.019025
1970-01-01 00:00:00.000004991,-0.015764
1970-01-01 00:00:00.000004992,-0.02829
1970-01-01 00:00:00.000004993,-0.034671
1970-01-01 00:00:00.000004994,-0.029349
1970-01-01 00:00:00.000004995,-0.022973
1970-01-01 00:00:00.000004996,-0.020875
1970-01-01 00:00:00.000004997,-0.021981
1970-01-01 00:00:00.000004998,-0.014532
1970-01-01 00:00:00.000004999,-0.011327
1970-01-01 00:00:00.000005000,-0.00117
1970-01-01 00:00:00.000005001,0.00202
1970-01-01 00:00:00.000005002,0.006277
1970-01-01 00:00:00.000005003,0.000958
1970-01-01 00:00:00.000005004,-0.007532
1970-01-01 00:00:00.000005005,-0.0192099999999999
1970-01-01 00:00:00.000005006,-0.021327
1970-01-01 00:00:00.000005007,-0.009644
1970-01-01 00:00:00.000005008,0.004524
1970-01-01 00:00:00.000005009,0.015181
1970-01-01 00:00:00.000005010,0.031132
1970-01-01 00:00:00.000005011,0.032207
1970-01-01 00:00:00.000005012,0.022657
1970-01-01 00:00:00.000005013,0.010992
1970-01-01 00:00:00.000005014,0.000359
1970-01-01 00:00:00.000005015,-0.01081
1970-01-01 00:00:00.000005016,-0.021456
1970-01-01 00:00:00.000005017,-0.019319
1970-01-01 00:00:00.000005018,-0.012959
1970-01-01 00:00:00.000005019,-0.014031
1970-01-01 00:00:00.000005020,-0.015111
1970-01-01 00:00:00.000005021,-0.021503
1970-01-01 00:00:00.000005022,-0.012985
1970-01-01 00:00:00.000005023,-0.009264
1970-01-01 00:00:00.000005024,-0.010322
1970-01-01 00:00:00.000005025,-0.010316
1970-01-01 00:00:00.000005026,-0.001809
1970-01-01 00:00:00.000005027,0.003524
1970-01-01 00:00:00.000005028,0.009907
1970-01-01 00:00:00.000005029,0.015221
1970-01-01 00:00:00.000005030,0.023735
1970-01-01 00:00:00.000005031,0.023744
1970-01-01 00:00:00.000005032,0.016099
1970-01-01 00:00:00.000005033,0.007578
1970-01-01 00:00:00.000005034,0.00226
1970-01-01 00:00:00.000005035,-0.000946
1970-01-01 00:00:00.000005036,-0.006261
1970-01-01 00:00:00.000005037,-0.003062
1970-01-01 00:00:00.000005038,-0.002
1970-01-01 00:00:00.000005039,0.000139
1970-01-01 00:00:00.000005040,0.003266
1970-01-01 00:00:00.000005041,0.007501
1970-01-01 00:00:00.000005042,0.006439
1970-01-01 00:00:00.000005043,0.001119
1970-01-01 00:00:00.000005044,-0.006356
1970-01-01 00:00:00.000005045,-0.01273
1970-01-01 00:00:00.000005046,-0.011668
1970-01-01 00:00:00.000005047,-0.016034
1970-01-01 00:00:00.000005048,-0.01815
1970-01-01 00:00:00.000005049,-0.024518
1970-01-01 00:00:00.000005050,-0.05216
1970-01-01 00:00:00.000005051,-0.024458
1970-01-01 00:00:00.000005052,-0.0351029999999999
1970-01-01 00:00:00.000005053,-0.03296
1970-01-01 00:00:00.000005054,-0.021258
1970-01-01 00:00:00.000005055,-0.015857
1970-01-01 00:00:00.000005056,-0.022261
1970-01-01 00:00:00.000005057,-0.0286879999999999
1970-01-01 00:00:00.000005058,-0.023388
1970-01-01 00:00:00.000005059,-0.032982
1970-01-01 00:00:00.000005060,-0.054274
1970-01-01 00:00:00.000005061,-0.081965
1970-01-01 00:00:00.000005062,-0.078809
1970-01-01 00:00:00.000005063,-0.081997
1970-01-01 00:00:00.000005064,-0.1267039999999999
1970-01-01 00:00:00.000005065,-0.1160829999999999
1970-01-01 00:00:00.000005066,-0.111856
1970-01-01 00:00:00.000005067,-0.109691
1970-01-01 00:00:00.000005068,-0.056422
1970-01-01 00:00:00.000005069,-0.027658
1970-01-01 00:00:00.000005070,-0.03931
1970-01-01 00:00:00.000005071,-0.022228
1970-01-01 00:00:00.000005072,-0.020072
1970-01-01 00:00:00.000005073,-0.034939
1970-01-01 00:00:00.000005074,-0.01787
1970-01-01 00:00:00.000005075,-0.001898
1970-01-01 00:00:00.000005076,-0.013611
1970-01-01 00:00:00.000005077,-0.027443
1970-01-01 00:00:00.000005078,-0.018918
1970-01-01 00:00:00.000005079,-0.001884
1970-01-01 00:00:00.000005080,0.008734
1970-01-01 00:00:00.000005081,0.022549
1970-01-01 00:00:00.000005082,0.048058
1970-01-01 00:00:00.000005083,0.069326
1970-01-01 00:00:00.000005084,0.078909
1970-01-01 00:00:00.000005085,0.051221
1970-01-01 00:00:00.000005086,0.054424
1970-01-01 00:00:00.000005087,0.076774
1970-01-01 00:00:00.000005088,0.085562
1970-01-01 00:00:00.000005089,0.080192
1970-01-01 00:00:00.000005090,0.018437
1970-01-01 00:00:00.000005091,0.024802
1970-01-01 00:00:00.000005092,0.0832919999999999
1970-01-01 00:00:00.000005093,0.107805
1970-01-01 00:00:00.000005094,0.091824
1970-01-01 00:00:00.000005095,0.015898
1970-01-01 00:00:00.000005096,0.007389
1970-01-01 00:00:00.000005097,0.0169969999999999
1970-01-01 00:00:00.000005098,0.009602
1970-01-01 00:00:00.000005099,-0.007396
1970-01-01 00:00:00.000005100,-0.011646
1970-01-01 00:00:00.000005101,-0.013712
1970-01-01 00:00:00.000005102,-0.0275
1970-01-01 00:00:00.000005103,-0.029382
1970-01-01 00:00:00.000005104,-0.0293839999999999
1970-01-01 00:00:00.000005105,-0.034711
1970-01-01 00:00:00.000005106,-0.034743
1970-01-01 00:00:00.000005107,-0.012404
1970-01-01 00:00:00.000005108,0.016327
1970-01-01 00:00:00.000005109,0.026949
1970-01-01 00:00:00.000005110,0.036469
1970-01-01 00:00:00.000005111,0.039631
1970-01-01 00:00:00.000005112,0.049169
1970-01-01 00:00:00.000005113,0.050203
1970-01-01 00:00:00.000005114,0.038442
1970-01-01 00:00:00.000005115,0.038407
1970-01-01 00:00:00.000005116,0.032008
1970-01-01 00:00:00.000005117,0.012858
1970-01-01 00:00:00.000005118,-0.070127
1970-01-01 00:00:00.000005119,-0.100682
1970-01-01 00:00:00.000005120,-0.1102369999999999
1970-01-01 00:00:00.000005121,-0.174121
1970-01-01 00:00:00.000005122,-0.153897
1970-01-01 00:00:00.000005123,-0.140026
1970-01-01 00:00:00.000005124,-0.0996
1970-01-01 00:00:00.000005125,-0.111258
1970-01-01 00:00:00.000005126,-0.092121
1970-01-01 00:00:00.000005127,-0.059653
1970-01-01 00:00:00.000005128,-0.042631
1970-01-01 00:00:00.000005129,-0.031964
1970-01-01 00:00:00.000005130,0.004152
1970-01-01 00:00:00.000005131,-0.024581
1970-01-01 00:00:00.000005132,0.001989
1970-01-01 00:00:00.000005133,-0.015028
1970-01-01 00:00:00.000005134,0.000982
1970-01-01 00:00:00.000005135,0.024044
1970-01-01 00:00:00.000005136,-0.001447
1970-01-01 00:00:00.000005137,-0.0035859999999999
1970-01-01 00:00:00.000005138,-0.030174
1970-01-01 00:00:00.000005139,-0.030137
1970-01-01 00:00:00.000005140,-0.046136
1970-01-01 00:00:00.000005141,-0.034427
1970-01-01 00:00:00.000005142,-0.01738
1970-01-01 00:00:00.000005143,-0.004929
1970-01-01 00:00:00.000005144,-0.0113599999999999
1970-01-01 00:00:00.000005145,-0.012386
1970-01-01 00:00:00.000005146,-0.003872
1970-01-01 00:00:00.000005147,-0.009182
1970-01-01 00:00:00.000005148,-0.018734
1970-01-01 00:00:00.000005149,-0.017632
1970-01-01 00:00:00.000005150,-0.015491
1970-01-01 00:00:00.000005151,0.013266
1970-01-01 00:00:00.000005152,0.003468
1970-01-01 00:00:00.000005153,0.013059
1970-01-01 00:00:00.000005154,0.0566789999999999
1970-01-01 00:00:00.000005155,0.087551
1970-01-01 00:00:00.000005156,0.124795
1970-01-01 00:00:00.000005157,0.18437
1970-01-01 00:00:00.000005158,0.232283
1970-01-01 00:00:00.000005159,0.21422
1970-01-01 00:00:00.000005160,0.132209
1970-01-01 00:00:00.000005161,0.050253
1970-01-01 00:00:00.000005162,0.026849
1970-01-01 00:00:00.000005163,0.027939
1970-01-01 00:00:00.000005164,0.008815
1970-01-01 00:00:00.000005165,-0.000767
1970-01-01 00:00:00.000005166,-0.00186
1970-01-01 00:00:00.000005167,9.3e-05
1970-01-01 00:00:00.000005168,0.0043289999999999
1970-01-01 00:00:00.000005169,0.017055
1970-01-01 00:00:00.000005170,0.0276769999999999
1970-01-01 00:00:00.000005171,0.0319529999999999
1970-01-01 00:00:00.000005172,0.015981
1970-01-01 00:00:00.000005173,0.001063
1970-01-01 00:00:00.000005174,-0.001047
1970-01-01 00:00:00.000005175,-0.003403
1970-01-01 00:00:00.000005176,0.002983
1970-01-01 00:00:00.000005177,0.010413
1970-01-01 00:00:00.000005178,0.014655
1970-01-01 00:00:00.000005179,0.0072019999999999
1970-01-01 00:00:00.000005180,0.002932
1970-01-01 00:00:00.000005181,0.003994
1970-01-01 00:00:00.000005182,0.008259
1970-01-01 00:00:00.000005183,0.014232
1970-01-01 00:00:00.000005184,0.015266
1970-01-01 00:00:00.000005185,0.011009
1970-01-01 00:00:00.000005186,0.015258
1970-01-01 00:00:00.000005187,0.020553
1970-01-01 00:00:00.000005188,0.012051
1970-01-01 00:00:00.000005189,0.01845
1970-01-01 00:00:00.000005190,0.014194
1970-01-01 00:00:00.000005191,0.015766
1970-01-01 00:00:00.000005192,0.016815
1970-01-01 00:00:00.000005193,0.021079
1970-01-01 00:00:00.000005194,0.024262
1970-01-01 00:00:00.000005195,0.025321
1970-01-01 00:00:00.000005196,0.0295899999999999
1970-01-01 00:00:00.000005197,0.033855
1970-01-01 00:00:00.000005198,0.034924
1970-01-01 00:00:00.000005199,0.033931
1970-01-01 00:00:00.000005200,0.034992
1970-01-01 00:00:00.000005201,0.034993
1970-01-01 00:00:00.000005202,0.031804
1970-01-01 00:00:00.000005203,0.0286279999999999
1970-01-01 00:00:00.000005204,0.021179
1970-01-01 00:00:00.000005205,0.00522
1970-01-01 00:00:00.000005206,0.0009519999999999
1970-01-01 00:00:00.000005207,0.007304
1970-01-01 00:00:00.000005208,0.005399
1970-01-01 00:00:00.000005209,0.007536
1970-01-01 00:00:00.000005210,-0.003097
1970-01-01 00:00:00.000005211,-0.009489
1970-01-01 00:00:00.000005212,-0.0137419999999999
1970-01-01 00:00:00.000005213,-0.009491
1970-01-01 00:00:00.000005214,-0.011622
1970-01-01 00:00:00.000005215,-0.016944
1970-01-01 00:00:00.000005216,-0.026517
1970-01-01 00:00:00.000005217,-0.039269
1970-01-01 00:00:00.000005218,-0.046706
1970-01-01 00:00:00.000005219,-0.057347
1970-01-01 00:00:00.000005220,-0.0647809999999999
1970-01-01 00:00:00.000005221,-0.0711519999999999
1970-01-01 00:00:00.000005222,-0.078609
1970-01-01 00:00:00.000005223,-0.071147
1970-01-01 00:00:00.000005224,-0.06423
1970-01-01 00:00:00.000005225,-0.053602
1970-01-01 00:00:00.000005226,-0.0418959999999999
1970-01-01 00:00:00.000005227,-0.035497
1970-01-01 00:00:00.000005228,-0.020599
1970-01-01 00:00:00.000005229,-0.012109
1970-01-01 00:00:00.000005230,-0.007852
1970-01-01 00:00:00.000005231,-0.00575
1970-01-01 00:00:00.000005232,-0.006418
1970-01-01 00:00:00.000005233,-0.01279
1970-01-01 00:00:00.000005234,-0.015982
1970-01-01 00:00:00.000005235,-0.020231
1970-01-01 00:00:00.000005236,-0.02975
1970-01-01 00:00:00.000005237,-0.01698
1970-01-01 00:00:00.000005238,-0.010646
1970-01-01 00:00:00.000005239,-0.02028
1970-01-01 00:00:00.000005240,-0.010749
1970-01-01 00:00:00.000005241,-0.014571
1970-01-01 00:00:00.000005242,-0.027351
1970-01-01 00:00:00.000005243,-0.04119
1970-01-01 00:00:00.000005244,-0.04757
1970-01-01 00:00:00.000005245,-0.048637
1970-01-01 00:00:00.000005246,-0.058252
1970-01-01 00:00:00.000005247,-0.071048
1970-01-01 00:00:00.000005248,-0.067137
1970-01-01 00:00:00.000005249,-0.079945
1970-01-01 00:00:00.000005250,-0.046938
1970-01-01 00:00:00.000005251,-0.044778
1970-01-01 00:00:00.000005252,-0.0373779999999999
1970-01-01 00:00:00.000005253,-0.0320639999999999
1970-01-01 00:00:00.000005254,-0.0096709999999999
1970-01-01 00:00:00.000005255,-0.044767
1970-01-01 00:00:00.000005256,-0.102874
1970-01-01 00:00:00.000005257,-0.10284
1970-01-01 00:00:00.000005258,-0.095467
1970-01-01 00:00:00.000005259,-0.175278
1970-01-01 00:00:00.000005260,-0.213594
1970-01-01 00:00:00.000005261,-0.155182
1970-01-01 00:00:00.000005262,-0.2084349999999999
1970-01-01 00:00:00.000005263,-0.208375
1970-01-01 00:00:00.000005264,-0.05335
1970-01-01 00:00:00.000005265,-0.0266709999999999
1970-01-01 00:00:00.000005266,-0.017026
1970-01-01 00:00:00.000005267,-0.08715
1970-01-01 00:00:00.000005268,-0.044588
1970-01-01 00:00:00.000005269,-0.044579
1970-01-01 00:00:00.000005270,0.005488
1970-01-01 00:00:00.000005271,0.046968
1970-01-01 00:00:00.000005272,0.015631
1970-01-01 00:00:00.000005273,0.014647
1970-01-01 00:00:00.000005274,0.030538
1970-01-01 00:00:00.000005275,0.0049299999999999
1970-01-01 00:00:00.000005276,-0.019597
1970-01-01 00:00:00.000005277,-0.083435
1970-01-01 00:00:00.000005278,-0.117474
1970-01-01 00:00:00.000005279,-0.1132339999999999
1970-01-01 00:00:00.000005280,-0.083359
1970-01-01 00:00:00.000005281,-0.033266
1970-01-01 00:00:00.000005282,-0.002366
1970-01-01 00:00:00.000005283,-0.003371
1970-01-01 00:00:00.000005284,0.032789
1970-01-01 00:00:00.000005285,0.061544
1970-01-01 00:00:00.000005286,0.094564
1970-01-01 00:00:00.000005287,0.1094349999999999
1970-01-01 00:00:00.000005288,0.110488
1970-01-01 00:00:00.000005289,0.093458
1970-01-01 00:00:00.000005290,0.074237
1970-01-01 00:00:00.000005291,0.025227
1970-01-01 00:00:00.000005292,0.061442
1970-01-01 00:00:00.000005293,0.084861
1970-01-01 00:00:00.000005294,0.098698
1970-01-01 00:00:00.000005295,0.132777
1970-01-01 00:00:00.000005296,0.139166
1970-01-01 00:00:00.000005297,0.1828
1970-01-01 00:00:00.000005298,0.237057
1970-01-01 00:00:00.000005299,0.2317429999999999
1970-01-01 00:00:00.000005300,0.255128
1970-01-01 00:00:00.000005301,0.227424
1970-01-01 00:00:00.000005302,0.134788
1970-01-01 00:00:00.000005303,0.04541
1970-01-01 00:00:00.000005304,0.106091
1970-01-01 00:00:00.000005305,0.141214
1970-01-01 00:00:00.000005306,0.095438
1970-01-01 00:00:00.000005307,-0.085557
1970-01-01 00:00:00.000005308,-0.064328
1970-01-01 00:00:00.000005309,0.039908
1970-01-01 00:00:00.000005310,0.013323
1970-01-01 00:00:00.000005311,0.008999
1970-01-01 00:00:00.000005312,-0.006942
1970-01-01 00:00:00.000005313,-0.026001
1970-01-01 00:00:00.000005314,-0.044081
1970-01-01 00:00:00.000005315,-0.067296
1970-01-01 00:00:00.000005316,-0.051287
1970-01-01 00:00:00.000005317,-0.039553
1970-01-01 00:00:00.000005318,-0.058698
1970-01-01 00:00:00.000005319,-0.057626
1970-01-01 00:00:00.000005320,-0.037383
1970-01-01 00:00:00.000005321,-0.016103
1970-01-01 00:00:00.000005322,-0.014025
1970-01-01 00:00:00.000005323,-0.0049369999999999
1970-01-01 00:00:00.000005324,-0.008144
1970-01-01 00:00:00.000005325,-0.001754
1970-01-01 00:00:00.000005326,0.005706
1970-01-01 00:00:00.000005327,0.00359
1970-01-01 00:00:00.000005328,0.01849
1970-01-01 00:00:00.000005329,0.023794
1970-01-01 00:00:00.000005330,0.020603
1970-01-01 00:00:00.000005331,0.021652
1970-01-01 00:00:00.000005332,0.023786
1970-01-01 00:00:00.000005333,0.018468
1970-01-01 00:00:00.000005334,0.0120959999999999
1970-01-01 00:00:00.000005335,0.017422
1970-01-01 00:00:00.000005336,0.012105
1970-01-01 00:00:00.000005337,0.013159
1970-01-01 00:00:00.000005338,0.013147
1970-01-01 00:00:00.000005339,0.011009
1970-01-01 00:00:00.000005340,0.009945
1970-01-01 00:00:00.000005341,0.015247
1970-01-01 00:00:00.000005342,0.017371
1970-01-01 00:00:00.000005343,0.010964
1970-01-01 00:00:00.000005344,0.003493
1970-01-01 00:00:00.000005345,0.009869
1970-01-01 00:00:00.000005346,0.006663
1970-01-01 00:00:00.000005347,0.00557
1970-01-01 00:00:00.000005348,0.005599
1970-01-01 00:00:00.000005349,0.001335
1970-01-01 00:00:00.000005350,-0.015697
1970-01-01 00:00:00.000005351,-0.0263139999999999
1970-01-01 00:00:00.000005352,-0.041184
1970-01-01 00:00:00.000005353,-0.0433029999999999
1970-01-01 00:00:00.000005354,-0.0389959999999999
1970-01-01 00:00:00.000005355,-0.035797
1970-01-01 00:00:00.000005356,-0.031552
1970-01-01 00:00:00.000005357,-0.021969
1970-01-01 00:00:00.000005358,-0.011312
1970-01-01 00:00:00.000005359,-0.001718
1970-01-01 00:00:00.000005360,0.001477
1970-01-01 00:00:00.000005361,-0.000649
1970-01-01 00:00:00.000005362,-0.001913
1970-01-01 00:00:00.000005363,0.00236
1970-01-01 00:00:00.000005364,-0.002946
1970-01-01 00:00:00.000005365,0.001213
1970-01-01 00:00:00.000005366,-0.007316
1970-01-01 00:00:00.000005367,-0.0072879999999999
1970-01-01 00:00:00.000005368,-0.00514
1970-01-01 00:00:00.000005369,-0.006238
1970-01-01 00:00:00.000005370,0.001193
1970-01-01 00:00:00.000005371,0.004336
1970-01-01 00:00:00.000005372,0.002163
1970-01-01 00:00:00.000005373,-0.01329
1970-01-01 00:00:00.000005374,-0.0228449999999999
1970-01-01 00:00:00.000005375,-0.029217
1970-01-01 00:00:00.000005376,-0.032339
1970-01-01 00:00:00.000005377,-0.032296
1970-01-01 00:00:00.000005378,-0.031191
1970-01-01 00:00:00.000005379,-0.029051
1970-01-01 00:00:00.000005380,-0.0263009999999999
1970-01-01 00:00:00.000005381,-0.0423129999999999
1970-01-01 00:00:00.000005382,-0.043424
1970-01-01 00:00:00.000005383,-0.052989
1970-01-01 00:00:00.000005384,-0.059416
1970-01-01 00:00:00.000005385,-0.073291
1970-01-01 00:00:00.000005386,-0.068032
1970-01-01 00:00:00.000005387,-0.052103
1970-01-01 00:00:00.000005388,-0.035127
1970-01-01 00:00:00.000005389,-0.023427
1970-01-01 00:00:00.000005390,-0.00211
1970-01-01 00:00:00.000005391,0.005369
1970-01-01 00:00:00.000005392,0.005365
1970-01-01 00:00:00.000005393,0.010678
1970-01-01 00:00:00.000005394,0.027725
1970-01-01 00:00:00.000005395,0.0181659999999999
1970-01-01 00:00:00.000005396,0.010798
1970-01-01 00:00:00.000005397,0.03637
1970-01-01 00:00:00.000005398,0.057645
1970-01-01 00:00:00.000005399,0.0204
1970-01-01 00:00:00.000005400,0.007664
1970-01-01 00:00:00.000005401,0.039659
1970-01-01 00:00:00.000005402,0.0279269999999999
1970-01-01 00:00:00.000005403,0.0034119999999999
1970-01-01 00:00:00.000005404,0.012974
1970-01-01 00:00:00.000005405,-0.032801
1970-01-01 00:00:00.000005406,0.089562
1970-01-01 00:00:00.000005407,0.017149
1970-01-01 00:00:00.000005408,-0.0116099999999999
1970-01-01 00:00:00.000005409,0.0086769999999999
1970-01-01 00:00:00.000005410,0.003498
1970-01-01 00:00:00.000005411,0.0237889999999999
1970-01-01 00:00:00.000005412,-0.015268
1970-01-01 00:00:00.000005413,-0.000352
1970-01-01 00:00:00.000005414,0.031522
1970-01-01 00:00:00.000005415,0.087922
1970-01-01 00:00:00.000005416,0.0836529999999999
1970-01-01 00:00:00.000005417,0.0963919999999999
1970-01-01 00:00:00.000005418,0.068691
1970-01-01 00:00:00.000005419,0.052761
1970-01-01 00:00:00.000005420,0.0197889999999999
1970-01-01 00:00:00.000005421,-0.023143
1970-01-01 00:00:00.000005422,-0.105069
1970-01-01 00:00:00.000005423,-0.055062
1970-01-01 00:00:00.000005424,-0.046576
1970-01-01 00:00:00.000005425,-0.04342
1970-01-01 00:00:00.000005426,-0.09245
1970-01-01 00:00:00.000005427,-0.128682
1970-01-01 00:00:00.000005428,-0.137839
1970-01-01 00:00:00.000005429,-0.1240609999999999
1970-01-01 00:00:00.000005430,-0.153908
1970-01-01 00:00:00.000005431,-0.161429
1970-01-01 00:00:00.000005432,-0.1348089999999999
1970-01-01 00:00:00.000005433,-0.0975169999999999
1970-01-01 00:00:00.000005434,-0.078316
1970-01-01 00:00:00.000005435,-0.0633809999999999
1970-01-01 00:00:00.000005436,-0.054777
1970-01-01 00:00:00.000005437,-0.047291
1970-01-01 00:00:00.000005438,-0.034485
1970-01-01 00:00:00.000005439,-0.029162
1970-01-01 00:00:00.000005440,-0.011051
1970-01-01 00:00:00.000005441,-0.0046229999999999
1970-01-01 00:00:00.000005442,0.016725
1970-01-01 00:00:00.000005443,0.023137
1970-01-01 00:00:00.000005444,0.040181
1970-01-01 00:00:00.000005445,0.062445
1970-01-01 00:00:00.000005446,0.079523
1970-01-01 00:00:00.000005447,0.108323
1970-01-01 00:00:00.000005448,0.125361
1970-01-01 00:00:00.000005449,0.131743
1970-01-01 00:00:00.000005450,0.133897
1970-01-01 00:00:00.000005451,0.136054
1970-01-01 00:00:00.000005452,0.132365
1970-01-01 00:00:00.000005453,0.1142619999999999
1970-01-01 00:00:00.000005454,0.0918809999999999
1970-01-01 00:00:00.000005455,0.064192
1970-01-01 00:00:00.000005456,0.043958
1970-01-01 00:00:00.000005457,0.029089
1970-01-01 00:00:00.000005458,0.012074
1970-01-01 00:00:00.000005459,0.005688
1970-01-01 00:00:00.000005460,-0.004645
1970-01-01 00:00:00.000005461,-0.0131659999999999
1970-01-01 00:00:00.000005462,-0.014222
1970-01-01 00:00:00.000005463,-0.017418
1970-01-01 00:00:00.000005464,-0.019553
1970-01-01 00:00:00.000005465,-0.027018
1970-01-01 00:00:00.000005466,-0.037688
1970-01-01 00:00:00.000005467,-0.036633
1970-01-01 00:00:00.000005468,-0.033437
1970-01-01 00:00:00.000005469,-0.029941
1970-01-01 00:00:00.000005470,-0.02567
1970-01-01 00:00:00.000005471,-0.01928
1970-01-01 00:00:00.000005472,-0.02141
1970-01-01 00:00:00.000005473,-0.0256939999999999
1970-01-01 00:00:00.000005474,-0.020382
1970-01-01 00:00:00.000005475,-0.006556
1970-01-01 00:00:00.000005476,-0.000213
1970-01-01 00:00:00.000005477,-0.0023769999999999
1970-01-01 00:00:00.000005478,-0.003464
1970-01-01 00:00:00.000005479,-0.000265
1970-01-01 00:00:00.000005480,0.0008179999999999
1970-01-01 00:00:00.000005481,0.003993
1970-01-01 00:00:00.000005482,0.0061119999999999
1970-01-01 00:00:00.000005483,0.016777
1970-01-01 00:00:00.000005484,0.023176
1970-01-01 00:00:00.000005485,0.019632
1970-01-01 00:00:00.000005486,0.0132389999999999
1970-01-01 00:00:00.000005487,0.011089
1970-01-01 00:00:00.000005488,0.0227759999999999
1970-01-01 00:00:00.000005489,0.039807
1970-01-01 00:00:00.000005490,0.043003
1970-01-01 00:00:00.000005491,0.040857
1970-01-01 00:00:00.000005492,0.0378709999999999
1970-01-01 00:00:00.000005493,0.036814
1970-01-01 00:00:00.000005494,0.02617
1970-01-01 00:00:00.000005495,0.026177
1970-01-01 00:00:00.000005496,0.018731
1970-01-01 00:00:00.000005497,0.014476
1970-01-01 00:00:00.000005498,0.012357
1970-01-01 00:00:00.000005499,0.0091569999999999
1970-01-01 00:00:00.000005500,0.00663
1970-01-01 00:00:00.000005501,0.010887
1970-01-01 00:00:00.000005502,0.0130139999999999
1970-01-01 00:00:00.000005503,0.0108849999999999
1970-01-01 00:00:00.000005504,0.00557
1970-01-01 00:00:00.000005505,-0.004029
1970-01-01 00:00:00.000005506,-0.008304
1970-01-01 00:00:00.000005507,-0.004039
1970-01-01 00:00:00.000005508,-0.00513
1970-01-01 00:00:00.000005509,-0.009386
1970-01-01 00:00:00.000005510,-0.015788
1970-01-01 00:00:00.000005511,-0.0275079999999999
1970-01-01 00:00:00.000005512,-0.0371
1970-01-01 00:00:00.000005513,-0.037092
1970-01-01 00:00:00.000005514,-0.041394
1970-01-01 00:00:00.000005515,-0.0531289999999999
1970-01-01 00:00:00.000005516,-0.0563419999999999
1970-01-01 00:00:00.000005517,-0.052145
1970-01-01 00:00:00.000005518,-0.045774
1970-01-01 00:00:00.000005519,-0.048985
1970-01-01 00:00:00.000005520,-0.117099
1970-01-01 00:00:00.000005521,-0.145846
1970-01-01 00:00:00.000005522,-0.12782
1970-01-01 00:00:00.000005523,-0.12891
1970-01-01 00:00:00.000005524,-0.155823
1970-01-01 00:00:00.000005525,-0.149419
1970-01-01 00:00:00.000005526,-0.162143
1970-01-01 00:00:00.000005527,-0.148242
1970-01-01 00:00:00.000005528,-0.126899
1970-01-01 00:00:00.000005529,-0.10029
1970-01-01 00:00:00.000005530,-0.087551
1970-01-01 00:00:00.000005531,-0.087551
1970-01-01 00:00:00.000005532,-0.058204
1970-01-01 00:00:00.000005533,-0.048604
1970-01-01 00:00:00.000005534,-0.070918
1970-01-01 00:00:00.000005535,-0.055995
1970-01-01 00:00:00.000005536,-0.068745
1970-01-01 00:00:00.000005537,-0.049549
1970-01-01 00:00:00.000005538,-0.0452819999999999
1970-01-01 00:00:00.000005539,-0.050662
1970-01-01 00:00:00.000005540,-0.062436
1970-01-01 00:00:00.000005541,-0.085164
1970-01-01 00:00:00.000005542,-0.0766179999999999
1970-01-01 00:00:00.000005543,-0.090433
1970-01-01 00:00:00.000005544,-0.071285
1970-01-01 00:00:00.000005545,-0.084058
1970-01-01 00:00:00.000005546,-0.067045
1970-01-01 00:00:00.000005547,-0.071339
1970-01-01 00:00:00.000005548,-0.058556
1970-01-01 00:00:00.000005549,-0.086187
1970-01-01 00:00:00.000005550,-0.094672
1970-01-01 00:00:00.000005551,-0.095702
1970-01-01 00:00:00.000005552,-0.114827
1970-01-01 00:00:00.000005553,-0.093538
1970-01-01 00:00:00.000005554,-0.094614
1970-01-01 00:00:00.000005555,-0.069075
1970-01-01 00:00:00.000005556,-0.054184
1970-01-01 00:00:00.000005557,-0.0222419999999999
1970-01-01 00:00:00.000005558,-0.0137259999999999
1970-01-01 00:00:00.000005559,-0.025475
1970-01-01 00:00:00.000005560,-0.023359
1970-01-01 00:00:00.000005561,-0.008465
1970-01-01 00:00:00.000005562,-0.002068
1970-01-01 00:00:00.000005563,0.004315
1970-01-01 00:00:00.000005564,-0.003103
1970-01-01 00:00:00.000005565,-0.013705
1970-01-01 00:00:00.000005566,-0.014784
1970-01-01 00:00:00.000005567,-0.003038
1970-01-01 00:00:00.000005568,0.011857
1970-01-01 00:00:00.000005569,0.019328
1970-01-01 00:00:00.000005570,0.01719
1970-01-01 00:00:00.000005571,0.006542
1970-01-01 00:00:00.000005572,0.005494
1970-01-01 00:00:00.000005573,0.018274
1970-01-01 00:00:00.000005574,0.0246949999999999
1970-01-01 00:00:00.000005575,0.020458
1970-01-01 00:00:00.000005576,0.024725
1970-01-01 00:00:00.000005577,0.0098319999999999
1970-01-01 00:00:00.000005578,-0.0114209999999999
1970-01-01 00:00:00.000005579,-0.003959
1970-01-01 00:00:00.000005580,-0.007154
1970-01-01 00:00:00.000005581,-0.001841
1970-01-01 00:00:00.000005582,0.015161
1970-01-01 00:00:00.000005583,0.0236849999999999
1970-01-01 00:00:00.000005584,0.021596
1970-01-01 00:00:00.000005585,0.009895
1970-01-01 00:00:00.000005586,0.007731
1970-01-01 00:00:00.000005587,-0.007183
1970-01-01 00:00:00.000005588,-0.0039829999999999
1970-01-01 00:00:00.000005589,-0.0071629999999999
1970-01-01 00:00:00.000005590,-0.010353
1970-01-01 00:00:00.000005591,-0.027433
1970-01-01 00:00:00.000005592,-0.023174
1970-01-01 00:00:00.000005593,-0.033801
1970-01-01 00:00:00.000005594,-0.035923
1970-01-01 00:00:00.000005595,-0.0454959999999999
1970-01-01 00:00:00.000005596,-0.050832
1970-01-01 00:00:00.000005597,-0.04873
1970-01-01 00:00:00.000005598,-0.027504
1970-01-01 00:00:00.000005599,-0.025419
1970-01-01 00:00:00.000005600,-0.01378
1970-01-01 00:00:00.000005601,0.018077
1970-01-01 00:00:00.000005602,0.041461
1970-01-01 00:00:00.000005603,0.077714
1970-01-01 00:00:00.000005604,0.1139609999999999
1970-01-01 00:00:00.000005605,0.075623
1970-01-01 00:00:00.000005606,0.001139
1970-01-01 00:00:00.000005607,0.029886
1970-01-01 00:00:00.000005608,0.1013169999999999
1970-01-01 00:00:00.000005609,0.154629
1970-01-01 00:00:00.000005610,0.034341
1970-01-01 00:00:00.000005611,-0.081458
1970-01-01 00:00:00.000005612,0.014255
1970-01-01 00:00:00.000005613,-0.0027
1970-01-01 00:00:00.000005614,0.01333
1970-01-01 00:00:00.000005615,-0.034622
1970-01-01 00:00:00.000005616,-0.066623
1970-01-01 00:00:00.000005617,-0.125124
1970-01-01 00:00:00.000005618,-0.0367759999999999
1970-01-01 00:00:00.000005619,-0.031514
1970-01-01 00:00:00.000005620,-0.055303
1970-01-01 00:00:00.000005621,-0.028714
1970-01-01 00:00:00.000005622,-0.077721
1970-01-01 00:00:00.000005623,-0.0990299999999999
1970-01-01 00:00:00.000005624,-0.066076
1970-01-01 00:00:00.000005625,-0.095923
1970-01-01 00:00:00.000005626,-0.14176
1970-01-01 00:00:00.000005627,-0.165267
1970-01-01 00:00:00.000005628,-0.214639
1970-01-01 00:00:00.000005629,-0.210436
1970-01-01 00:00:00.000005630,-0.126339
1970-01-01 00:00:00.000005631,-0.056021
1970-01-01 00:00:00.000005632,-0.140021
1970-01-01 00:00:00.000005633,-0.0921299999999999
1970-01-01 00:00:00.000005634,-0.05922
1970-01-01 00:00:00.000005635,-0.074653
1970-01-01 00:00:00.000005636,-0.050138
1970-01-01 00:00:00.000005637,-0.074609
1970-01-01 00:00:00.000005638,-0.055416
1970-01-01 00:00:00.000005639,-0.083075
1970-01-01 00:00:00.000005640,-0.091587
1970-01-01 00:00:00.000005641,-0.075634
1970-01-01 00:00:00.000005642,-0.046901
1970-01-01 00:00:00.000005643,-0.0300639999999999
1970-01-01 00:00:00.000005644,-0.010955
1970-01-01 00:00:00.000005645,-0.033343
1970-01-01 00:00:00.000005646,-0.007793
1970-01-01 00:00:00.000005647,-0.001341
1970-01-01 00:00:00.000005648,0.0188979999999999
1970-01-01 00:00:00.000005649,0.0273939999999999
1970-01-01 00:00:00.000005650,0.072124
1970-01-01 00:00:00.000005651,0.0808
1970-01-01 00:00:00.000005652,0.074445
1970-01-01 00:00:00.000005653,0.042587
1970-01-01 00:00:00.000005654,0.058585
1970-01-01 00:00:00.000005655,0.024516
1970-01-01 00:00:00.000005656,0.015972
1970-01-01 00:00:00.000005657,0.019102
1970-01-01 00:00:00.000005658,0.049935
1970-01-01 00:00:00.000005659,0.105266
1970-01-01 00:00:00.000005660,0.125476
1970-01-01 00:00:00.000005661,0.135047
1970-01-01 00:00:00.000005662,0.140327
1970-01-01 00:00:00.000005663,0.126497
1970-01-01 00:00:00.000005664,0.085019
1970-01-01 00:00:00.000005665,0.1052869999999999
1970-01-01 00:00:00.000005666,0.14048
1970-01-01 00:00:00.000005667,0.177767
1970-01-01 00:00:00.000005668,0.204555
1970-01-01 00:00:00.000005669,0.225873
1970-01-01 00:00:00.000005670,0.247228
1970-01-01 00:00:00.000005671,0.259026
1970-01-01 00:00:00.000005672,0.265482
1970-01-01 00:00:00.000005673,0.263385
1970-01-01 00:00:00.000005674,0.284762
1970-01-01 00:00:00.000005675,0.348644
1970-01-01 00:00:00.000005676,0.360371
1970-01-01 00:00:00.000005677,0.356155
1970-01-01 00:00:00.000005678,0.364694
1970-01-01 00:00:00.000005679,0.340476
1970-01-01 00:00:00.000005680,0.323524
1970-01-01 00:00:00.000005681,0.283131
1970-01-01 00:00:00.000005682,0.271438
1970-01-01 00:00:00.000005683,0.250128
1970-01-01 00:00:00.000005684,0.233138
1970-01-01 00:00:00.000005685,0.242733
1970-01-01 00:00:00.000005686,0.2458989999999999
1970-01-01 00:00:00.000005687,0.241603
1970-01-01 00:00:00.000005688,0.274462
1970-01-01 00:00:00.000005689,0.328669
1970-01-01 00:00:00.000005690,0.3052269999999999
1970-01-01 00:00:00.000005691,0.266818
1970-01-01 00:00:00.000005692,0.171961
1970-01-01 00:00:00.000005693,0.146418
1970-01-01 00:00:00.000005694,0.120887
1970-01-01 00:00:00.000005695,0.1124319999999999
1970-01-01 00:00:00.000005696,0.094411
1970-01-01 00:00:00.000005697,0.082758
1970-01-01 00:00:00.000005698,0.081634
1970-01-01 00:00:00.000005699,0.062382
1970-01-01 00:00:00.000005700,0.084614
1970-01-01 00:00:00.000005701,0.0940039999999999
1970-01-01 00:00:00.000005702,0.058703
1970-01-01 00:00:00.000005703,0.076658
1970-01-01 00:00:00.000005704,0.054161
1970-01-01 00:00:00.000005705,-0.009705
1970-01-01 00:00:00.000005706,-0.030894
1970-01-01 00:00:00.000005707,0.009612
1970-01-01 00:00:00.000005708,-0.016973
1970-01-01 00:00:00.000005709,-0.056322
1970-01-01 00:00:00.000005710,-0.028589
1970-01-01 00:00:00.000005711,0.008745
1970-01-01 00:00:00.000005712,0.032284
1970-01-01 00:00:00.000005713,0.086612
1970-01-01 00:00:00.000005714,0.040825
1970-01-01 00:00:00.000005715,0.039751
1970-01-01 00:00:00.000005716,0.092904
1970-01-01 00:00:00.000005717,0.0715659999999999
1970-01-01 00:00:00.000005718,0.065209
1970-01-01 00:00:00.000005719,0.108974
1970-01-01 00:00:00.000005720,0.1005559999999999
1970-01-01 00:00:00.000005721,0.0771559999999999
1970-01-01 00:00:00.000005722,0.064371
1970-01-01 00:00:00.000005723,0.119721
1970-01-01 00:00:00.000005724,0.163389
1970-01-01 00:00:00.000005725,0.182508
1970-01-01 00:00:00.000005726,0.192064
1970-01-01 00:00:00.000005727,0.2122369999999999
1970-01-01 00:00:00.000005728,0.167509
1970-01-01 00:00:00.000005729,0.1717119999999999
1970-01-01 00:00:00.000005730,0.046024
1970-01-01 00:00:00.000005731,-0.016804
1970-01-01 00:00:00.000005732,0.021505
1970-01-01 00:00:00.000005733,0.0651
1970-01-01 00:00:00.000005734,0.037354
1970-01-01 00:00:00.000005735,-0.007462
1970-01-01 00:00:00.000005736,0.003113
1970-01-01 00:00:00.000005737,0.004286
1970-01-01 00:00:00.000005738,-0.010517
1970-01-01 00:00:00.000005739,-0.0211699999999999
1970-01-01 00:00:00.000005740,-0.064823
1970-01-01 00:00:00.000005741,-0.045602
1970-01-01 00:00:00.000005742,-0.016802
1970-01-01 00:00:00.000005743,-0.018868
1970-01-01 00:00:00.000005744,-0.03267
1970-01-01 00:00:00.000005745,-0.04652
1970-01-01 00:00:00.000005746,-0.06466
1970-01-01 00:00:00.000005747,-0.075408
1970-01-01 00:00:00.000005748,-0.1650849999999999
1970-01-01 00:00:00.000005749,-0.277984
1970-01-01 00:00:00.000005750,-0.187161
1970-01-01 00:00:00.000005751,0.0375029999999999
1970-01-01 00:00:00.000005752,-0.144587
1970-01-01 00:00:00.000005753,-0.215137
1970-01-01 00:00:00.000005754,-0.195037
1970-01-01 00:00:00.000005755,-0.199227
1970-01-01 00:00:00.000005756,-0.175725
1970-01-01 00:00:00.000005757,-0.192801
1970-01-01 00:00:00.000005758,-0.238567
1970-01-01 00:00:00.000005759,-0.25549
1970-01-01 00:00:00.000005760,-0.241478
1970-01-01 00:00:00.000005761,-0.225336
1970-01-01 00:00:00.000005762,-0.1794349999999999
1970-01-01 00:00:00.000005763,-0.133697
1970-01-01 00:00:00.000005764,-0.190195
1970-01-01 00:00:00.000005765,-0.261553
1970-01-01 00:00:00.000005766,-0.228566
1970-01-01 00:00:00.000005767,-0.218939
1970-01-01 00:00:00.000005768,-0.177441
1970-01-01 00:00:00.000005769,-0.145538
1970-01-01 00:00:00.000005770,-0.1137799999999999
1970-01-01 00:00:00.000005771,-0.1574549999999999
1970-01-01 00:00:00.000005772,-0.158529
1970-01-01 00:00:00.000005773,-0.074433
1970-01-01 00:00:00.000005774,-0.005062
1970-01-01 00:00:00.000005775,-0.059302
1970-01-01 00:00:00.000005776,-0.140875
1970-01-01 00:00:00.000005777,-0.251711
1970-01-01 00:00:00.000005778,-0.602513
1970-01-01 00:00:00.000005779,-1.054863
1970-01-01 00:00:00.000005780,-0.666504
1970-01-01 00:00:00.000005781,-0.359185
1970-01-01 00:00:00.000005782,-0.176874
1970-01-01 00:00:00.000005783,-0.215101
1970-01-01 00:00:00.000005784,-0.0970039999999999
1970-01-01 00:00:00.000005785,-0.008424
1970-01-01 00:00:00.000005786,0.006618
1970-01-01 00:00:00.000005787,0.04298
1970-01-01 00:00:00.000005788,-0.037846
1970-01-01 00:00:00.000005789,-0.148622
1970-01-01 00:00:00.000005790,-0.129403
1970-01-01 00:00:00.000005791,-0.026193
1970-01-01 00:00:00.000005792,-0.041263
1970-01-01 00:00:00.000005793,-0.158418
1970-01-01 00:00:00.000005794,-0.154147
1970-01-01 00:00:00.000005795,-0.096637
1970-01-01 00:00:00.000005796,-0.091218
1970-01-01 00:00:00.000005797,-0.102904
1970-01-01 00:00:00.000005798,-0.116774
1970-01-01 00:00:00.000005799,-0.1295849999999999
1970-01-01 00:00:00.000005800,-0.112527
1970-01-01 00:00:00.000005801,-0.053885
1970-01-01 00:00:00.000005802,-0.004814
1970-01-01 00:00:00.000005803,0.088935
1970-01-01 00:00:00.000005804,0.081626
1970-01-01 00:00:00.000005805,0.056211
1970-01-01 00:00:00.000005806,0.053099
1970-01-01 00:00:00.000005807,0.056335
1970-01-01 00:00:00.000005808,0.038211
1970-01-01 00:00:00.000005809,0.032784
1970-01-01 00:00:00.000005810,0.068729
1970-01-01 00:00:00.000005811,0.11317
1970-01-01 00:00:00.000005812,0.109778
1970-01-01 00:00:00.000005813,0.116034
1970-01-01 00:00:00.000005814,0.159777
1970-01-01 00:00:00.000005815,0.172589
1970-01-01 00:00:00.000005816,0.164078
1970-01-01 00:00:00.000005817,0.181077
1970-01-01 00:00:00.000005818,0.145922
1970-01-01 00:00:00.000005819,-0.0033049999999999
1970-01-01 00:00:00.000005820,-0.052398
1970-01-01 00:00:00.000005821,0.042491
1970-01-01 00:00:00.000005822,0.1192839999999999
1970-01-01 00:00:00.000005823,0.155442
1970-01-01 00:00:00.000005824,0.191664
1970-01-01 00:00:00.000005825,0.179989
1970-01-01 00:00:00.000005826,0.185336
1970-01-01 00:00:00.000005827,0.230041
1970-01-01 00:00:00.000005828,0.258812
1970-01-01 00:00:00.000005829,0.25676
1970-01-01 00:00:00.000005830,0.237643
1970-01-01 00:00:00.000005831,0.23344
1970-01-01 00:00:00.000005832,0.244166
1970-01-01 00:00:00.000005833,0.252755
1970-01-01 00:00:00.000005834,0.2539119999999999
1970-01-01 00:00:00.000005835,0.243284
1970-01-01 00:00:00.000005836,0.20813
1970-01-01 00:00:00.000005837,0.141022
1970-01-01 00:00:00.000005838,0.1025599999999999
1970-01-01 00:00:00.000005839,0.150304
1970-01-01 00:00:00.000005840,0.152381
1970-01-01 00:00:00.000005841,0.108692
1970-01-01 00:00:00.000005842,0.086233
1970-01-01 00:00:00.000005843,0.0531409999999999
1970-01-01 00:00:00.000005844,-0.02239
1970-01-01 00:00:00.000005845,-0.0329459999999999
1970-01-01 00:00:00.000005846,-0.048928
1970-01-01 00:00:00.000005847,-0.076722
1970-01-01 00:00:00.000005848,-0.068387
1970-01-01 00:00:00.000005849,-0.0270949999999999
1970-01-01 00:00:00.000005850,-0.049688
1970-01-01 00:00:00.000005851,-0.077476
1970-01-01 00:00:00.000005852,-0.07217
1970-01-01 00:00:00.000005853,-0.065752
1970-01-01 00:00:00.000005854,-0.058301
1970-01-01 00:00:00.000005855,-0.0561679999999999
1970-01-01 00:00:00.000005856,-0.054008
1970-01-01 00:00:00.000005857,-0.0891
1970-01-01 00:00:00.000005858,-0.052837
1970-01-01 00:00:00.000005859,-0.071918
1970-01-01 00:00:00.000005860,-0.081493
1970-01-01 00:00:00.000005861,-0.077198
1970-01-01 00:00:00.000005862,-0.070745
1970-01-01 00:00:00.000005863,-0.066457
1970-01-01 00:00:00.000005864,-0.065377
1970-01-01 00:00:00.000005865,-0.046258
1970-01-01 00:00:00.000005866,-0.047341
1970-01-01 00:00:00.000005867,-0.062257
1970-01-01 00:00:00.000005868,-0.083551
1970-01-01 00:00:00.000005869,-0.179281
1970-01-01 00:00:00.000005870,-0.218601
1970-01-01 00:00:00.000005871,-0.124928
1970-01-01 00:00:00.000005872,-0.087779
1970-01-01 00:00:00.000005873,-0.126044
1970-01-01 00:00:00.000005874,-0.113291
1970-01-01 00:00:00.000005875,-0.093097
1970-01-01 00:00:00.000005876,-0.115363
1970-01-01 00:00:00.000005877,-0.121627
1970-01-01 00:00:00.000005878,-0.094921
1970-01-01 00:00:00.000005879,-0.084216
1970-01-01 00:00:00.000005880,-0.131995
1970-01-01 00:00:00.000005881,-0.141504
1970-01-01 00:00:00.000005882,-0.071299
1970-01-01 00:00:00.000005883,-0.068232
1970-01-01 00:00:00.000005884,-0.048137
1970-01-01 00:00:00.000005885,-0.006648
1970-01-01 00:00:00.000005886,0.017771
1970-01-01 00:00:00.000005887,-0.0067239999999999
1970-01-01 00:00:00.000005888,-0.05676
1970-01-01 00:00:00.000005889,-0.069513
1970-01-01 00:00:00.000005890,-0.086511
1970-01-01 00:00:00.000005891,-0.08648
1970-01-01 00:00:00.000005892,-0.106674
1970-01-01 00:00:00.000005893,-0.083211
1970-01-01 00:00:00.000005894,-0.066113
1970-01-01 00:00:00.000005895,-0.046803
1970-01-01 00:00:00.000005896,-0.017847
1970-01-01 00:00:00.000005897,0.016306
1970-01-01 00:00:00.000005898,0.004562
1970-01-01 00:00:00.000005899,-0.025266
1970-01-01 00:00:00.000005900,-0.015696
1970-01-01 00:00:00.000005901,0.02366
1970-01-01 00:00:00.000005902,0.040618
1970-01-01 00:00:00.000005903,0.016089
1970-01-01 00:00:00.000005904,-0.028689
1970-01-01 00:00:00.000005905,-0.083077
1970-01-01 00:00:00.000005906,-0.127851
1970-01-01 00:00:00.000005907,-0.127826
1970-01-01 00:00:00.000005908,-0.117124
1970-01-01 00:00:00.000005909,-0.098958
1970-01-01 00:00:00.000005910,-0.073335
1970-01-01 00:00:00.000005911,-0.041363
1970-01-01 00:00:00.000005912,-0.007259
1970-01-01 00:00:00.000005913,0.0119569999999999
1970-01-01 00:00:00.000005914,0.034387
1970-01-01 00:00:00.000005915,0.0451079999999999
1970-01-01 00:00:00.000005916,0.044072
1970-01-01 00:00:00.000005917,0.011062
1970-01-01 00:00:00.000005918,0.003563
1970-01-01 00:00:00.000005919,0.004566
1970-01-01 00:00:00.000005920,0.040648
1970-01-01 00:00:00.000005921,0.067188
1970-01-01 00:00:00.000005922,0.1043829999999999
1970-01-01 00:00:00.000005923,0.127727
1970-01-01 00:00:00.000005924,0.128723
1970-01-01 00:00:00.000005925,0.116978
1970-01-01 00:00:00.000005926,0.078596
1970-01-01 00:00:00.000005927,0.0657789999999999
1970-01-01 00:00:00.000005928,0.056151
1970-01-01 00:00:00.000005929,0.0636029999999999
1970-01-01 00:00:00.000005930,0.078535
1970-01-01 00:00:00.000005931,0.081744
1970-01-01 00:00:00.000005932,0.083882
1970-01-01 00:00:00.000005933,0.05943
1970-01-01 00:00:00.000005934,0.011561
1970-01-01 00:00:00.000005935,-0.032063
1970-01-01 00:00:00.000005936,-0.150197
1970-01-01 00:00:00.000005937,-0.2331659999999999
1970-01-01 00:00:00.000005938,-0.14069
1970-01-01 00:00:00.000005939,-0.1865109999999999
1970-01-01 00:00:00.000005940,-0.229312
1970-01-01 00:00:00.000005941,-0.2550699999999999
1970-01-01 00:00:00.000005942,-0.361456
1970-01-01 00:00:00.000005943,-0.2963699999999999
1970-01-01 00:00:00.000005944,-0.188781
1970-01-01 00:00:00.000005945,-0.273896
1970-01-01 00:00:00.000005946,-0.3260369999999999
1970-01-01 00:00:00.000005947,-0.331385
1970-01-01 00:00:00.000005948,-0.284451
1970-01-01 00:00:00.000005949,-0.125768
1970-01-01 00:00:00.000005950,0.051983
1970-01-01 00:00:00.000005951,0.097726
1970-01-01 00:00:00.000005952,0.11257
1970-01-01 00:00:00.000005953,0.165725
1970-01-01 00:00:00.000005954,0.159345
1970-01-01 00:00:00.000005955,0.136981
1970-01-01 00:00:00.000005956,0.0902429999999999
1970-01-01 00:00:00.000005957,0.050988
1970-01-01 00:00:00.000005958,0.0043409999999999
1970-01-01 00:00:00.000005959,0.044802
1970-01-01 00:00:00.000005960,0.150178
1970-01-01 00:00:00.000005961,0.21495
1970-01-01 00:00:00.000005962,0.235062
1970-01-01 00:00:00.000005963,0.248871
1970-01-01 00:00:00.000005964,0.2115739999999999
1970-01-01 00:00:00.000005965,0.255244
1970-01-01 00:00:00.000005966,0.311698
1970-01-01 00:00:00.000005967,0.344722
1970-01-01 00:00:00.000005968,0.255297
1970-01-01 00:00:00.000005969,0.079743
1970-01-01 00:00:00.000005970,0.087265
1970-01-01 00:00:00.000005971,0.113871
1970-01-01 00:00:00.000005972,0.136346
1970-01-01 00:00:00.000005973,0.1917
1970-01-01 00:00:00.000005974,0.167198
1970-01-01 00:00:00.000005975,0.131037
1970-01-01 00:00:00.000005976,0.127847
1970-01-01 00:00:00.000005977,0.118193
1970-01-01 00:00:00.000005978,0.116038
1970-01-01 00:00:00.000005979,0.106427
1970-01-01 00:00:00.000005980,0.10003
1970-01-01 00:00:00.000005981,0.115973
1970-01-01 00:00:00.000005982,0.13934
1970-01-01 00:00:00.000005983,0.072219
1970-01-01 00:00:00.000005984,0.051224
1970-01-01 00:00:00.000005985,0.106596
1970-01-01 00:00:00.000005986,0.0895799999999999
1970-01-01 00:00:00.000005987,0.0694019999999999
1970-01-01 00:00:00.000005988,0.060897
1970-01-01 00:00:00.000005989,0.062983
1970-01-01 00:00:00.000005990,0.06936
1970-01-01 00:00:00.000005991,0.067242
1970-01-01 00:00:00.000005992,0.062937
1970-01-01 00:00:00.000005993,0.036239
1970-01-01 00:00:00.000005994,0.012804
1970-01-01 00:00:00.000005995,0.009617
1970-01-01 00:00:00.000005996,0.051143
1970-01-01 00:00:00.000005997,0.0074909999999999
1970-01-01 00:00:00.000005998,-0.04675
1970-01-01 00:00:00.000005999,0.005303
1970-01-01 00:00:00.000006000,-0.051098
1970-01-01 00:00:00.000006001,-0.074457
1970-01-01 00:00:00.000006002,-0.033993
1970-01-01 00:00:00.000006003,-0.0148199999999999
1970-01-01 00:00:00.000006004,0.0522309999999999
1970-01-01 00:00:00.000006005,0.084072
1970-01-01 00:00:00.000006006,0.0117069999999999
1970-01-01 00:00:00.000006007,0.014986
1970-01-01 00:00:00.000006008,0.080986
1970-01-01 00:00:00.000006009,0.090616
1970-01-01 00:00:00.000006010,0.092847
1970-01-01 00:00:00.000006011,0.151366
1970-01-01 00:00:00.000006012,0.117292
1970-01-01 00:00:00.000006013,0.08015
1970-01-01 00:00:00.000006014,0.143016
1970-01-01 00:00:00.000006015,0.1057849999999999
1970-01-01 00:00:00.000006016,-0.082445
1970-01-01 00:00:00.000006017,0.064109
1970-01-01 00:00:00.000006018,0.090671
1970-01-01 00:00:00.000006019,0.059851
1970-01-01 00:00:00.000006020,0.083121
1970-01-01 00:00:00.000006021,0.03512
1970-01-01 00:00:00.000006022,0.008556
1970-01-01 00:00:00.000006023,0.047924
1970-01-01 00:00:00.000006024,0.046918
1970-01-01 00:00:00.000006025,0.060582
1970-01-01 00:00:00.000006026,0.097934
1970-01-01 00:00:00.000006027,0.086234
1970-01-01 00:00:00.000006028,0.054264
1970-01-01 00:00:00.000006029,0.070182
1970-01-01 00:00:00.000006030,0.074444
1970-01-01 00:00:00.000006031,0.071215
1970-01-01 00:00:00.000006032,0.065877
1970-01-01 00:00:00.000006033,0.042494
1970-01-01 00:00:00.000006034,0.020169
1970-01-01 00:00:00.000006035,-0.002173
1970-01-01 00:00:00.000006036,-0.029837
1970-01-01 00:00:00.000006037,-0.040458
1970-01-01 00:00:00.000006038,-0.0414589999999999
1970-01-01 00:00:00.000006039,-0.046765
1970-01-01 00:00:00.000006040,-0.0616899999999999
1970-01-01 00:00:00.000006041,-0.072362
1970-01-01 00:00:00.000006042,-0.068115
1970-01-01 00:00:00.000006043,-0.074545
1970-01-01 00:00:00.000006044,-0.079894
1970-01-01 00:00:00.000006045,-0.074585
1970-01-01 00:00:00.000006046,-0.078846
1970-01-01 00:00:00.000006047,-0.0884399999999999
1970-01-01 00:00:00.000006048,-0.104404
1970-01-01 00:00:00.000006049,-0.116103
1970-01-01 00:00:00.000006050,-0.119266
1970-01-01 00:00:00.000006051,-0.111793
1970-01-01 00:00:00.000006052,-0.1064609999999999
1970-01-01 00:00:00.000006053,-0.10858
1970-01-01 00:00:00.000006054,-0.1107109999999999
1970-01-01 00:00:00.000006055,-0.121341
1970-01-01 00:00:00.000006056,-0.106406
1970-01-01 00:00:00.000006057,-0.092495
1970-01-01 00:00:00.000006058,-0.089184
1970-01-01 00:00:00.000006059,-0.083752
1970-01-01 00:00:00.000006060,-0.0751759999999999
1970-01-01 00:00:00.000006061,-0.066576
1970-01-01 00:00:00.000006062,-0.042055
1970-01-01 00:00:00.000006063,-0.009084
1970-01-01 00:00:00.000006064,0.011105
1970-01-01 00:00:00.000006065,0.044077
1970-01-01 00:00:00.000006066,0.067469
1970-01-01 00:00:00.000006067,0.065299
1970-01-01 00:00:00.000006068,0.052457
1970-01-01 00:00:00.000006069,0.023555
1970-01-01 00:00:00.000006070,0.009577
1970-01-01 00:00:00.000006071,0.035049
1970-01-01 00:00:00.000006072,0.05312
1970-01-01 00:00:00.000006073,0.056315
1970-01-01 00:00:00.000006074,0.0424649999999999
1970-01-01 00:00:00.000006075,0.032721
1970-01-01 00:00:00.000006076,0.056192
1970-01-01 00:00:00.000006077,0.0605529999999999
1970-01-01 00:00:00.000006078,0.061697
1970-01-01 00:00:00.000006079,0.042485
1970-01-01 00:00:00.000006080,0.01579
1970-01-01 00:00:00.000006081,0.0136199999999999
1970-01-01 00:00:00.000006082,0.009332
1970-01-01 00:00:00.000006083,-0.004349
1970-01-01 00:00:00.000006084,-0.015007
1970-01-01 00:00:00.000006085,-0.0394399999999999
1970-01-01 00:00:00.000006086,-0.034109
1970-01-01 00:00:00.000006087,-0.02023
1970-01-01 00:00:00.000006088,-0.0084689999999999
1970-01-01 00:00:00.000006089,-0.0084409999999999
1970-01-01 00:00:00.000006090,-0.026517
1970-01-01 00:00:00.000006091,-0.02843
1970-01-01 00:00:00.000006092,-0.044317
1970-01-01 00:00:00.000006093,-0.052823
1970-01-01 00:00:00.000006094,-0.044299
1970-01-01 00:00:00.000006095,-0.033689
1970-01-01 00:00:00.000006096,-0.013526
1970-01-01 00:00:00.000006097,0.0066099999999999
1970-01-01 00:00:00.000006098,0.012855
1970-01-01 00:00:00.000006099,0.010537
1970-01-01 00:00:00.000006100,0.009396
1970-01-01 00:00:00.000006101,0.016839
1970-01-01 00:00:00.000006102,0.025334
1970-01-01 00:00:00.000006103,0.027429
1970-01-01 00:00:00.000006104,0.0252639999999999
1970-01-01 00:00:00.000006105,0.048675
1970-01-01 00:00:00.000006106,0.075417
1970-01-01 00:00:00.000006107,0.0935899999999999
1970-01-01 00:00:00.000006108,0.0895649999999999
1970-01-01 00:00:00.000006109,0.090662
1970-01-01 00:00:00.000006110,0.099203
1970-01-01 00:00:00.000006111,0.094942
1970-01-01 00:00:00.000006112,0.087516
1970-01-01 00:00:00.000006113,0.07691
1970-01-01 00:00:00.000006114,0.071577
1970-01-01 00:00:00.000006115,0.058794
1970-01-01 00:00:00.000006116,0.037279
1970-01-01 00:00:00.000006117,0.020204
1970-01-01 00:00:00.000006118,0.01059
1970-01-01 00:00:00.000006119,0.000995
1970-01-01 00:00:00.000006120,-0.003253
1970-01-01 00:00:00.000006121,-0.0096569999999999
1970-01-01 00:00:00.000006122,-0.018208
1970-01-01 00:00:00.000006123,-0.027813
1970-01-01 00:00:00.000006124,-0.034143
1970-01-01 00:00:00.000006125,-0.041576
1970-01-01 00:00:00.000006126,-0.047945
1970-01-01 00:00:00.000006127,-0.056472
1970-01-01 00:00:00.000006128,-0.0479589999999999
1970-01-01 00:00:00.000006129,-0.038373
1970-01-01 00:00:00.000006130,-0.0405
1970-01-01 00:00:00.000006131,-0.045855
1970-01-01 00:00:00.000006132,-0.062659
1970-01-01 00:00:00.000006133,-0.057336
1970-01-01 00:00:00.000006134,-0.0584019999999999
1970-01-01 00:00:00.000006135,-0.037098
1970-01-01 00:00:00.000006136,-0.022143
1970-01-01 00:00:00.000006137,0.004476
1970-01-01 00:00:00.000006138,0.014066
1970-01-01 00:00:00.000006139,0.017033
1970-01-01 00:00:00.000006140,0.017037
1970-01-01 00:00:00.000006141,0.024505
1970-01-01 00:00:00.000006142,0.029832
1970-01-01 00:00:00.000006143,0.02982
1970-01-01 00:00:00.000006144,0.038338
1970-01-01 00:00:00.000006145,0.046868
1970-01-01 00:00:00.000006146,0.055397
1970-01-01 00:00:00.000006147,0.04805
1970-01-01 00:00:00.000006148,0.041721
1970-01-01 00:00:00.000006149,0.040728
1970-01-01 00:00:00.000006150,0.040732
1970-01-01 00:00:00.000006151,0.038568
1970-01-01 00:00:00.000006152,0.033193
1970-01-01 00:00:00.000006153,0.027847
1970-01-01 00:00:00.000006154,0.01609
1970-01-01 00:00:00.000006155,0.004657
1970-01-01 00:00:00.000006156,0.003592
1970-01-01 00:00:00.000006157,0.003587
1970-01-01 00:00:00.000006158,-0.001759
1970-01-01 00:00:00.000006159,0.005686
1970-01-01 00:00:00.000006160,0.008859
1970-01-01 00:00:00.000006161,0.0078099999999999
1970-01-01 00:00:00.000006162,-0.003877
1970-01-01 00:00:00.000006163,0.003481
1970-01-01 00:00:00.000006164,-0.003982
1970-01-01 00:00:00.000006165,-0.014637
1970-01-01 00:00:00.000006166,-0.008249
1970-01-01 00:00:00.000006167,-0.003971
1970-01-01 00:00:00.000006168,-0.002911
1970-01-01 00:00:00.000006169,0.002415
1970-01-01 00:00:00.000006170,0.004569
1970-01-01 00:00:00.000006171,0.002451
1970-01-01 00:00:00.000006172,-0.000498
1970-01-01 00:00:00.000006173,0.0005639999999999
1970-01-01 00:00:00.000006174,0.001633
1970-01-01 00:00:00.000006175,0.002706
1970-01-01 00:00:00.000006176,0.010163
1970-01-01 00:00:00.000006177,0.016558
1970-01-01 00:00:00.000006178,0.020818
1970-01-01 00:00:00.000006179,0.020671
1970-01-01 00:00:00.000006180,0.018549
1970-01-01 00:00:00.000006181,0.016447
1970-01-01 00:00:00.000006182,0.015386
1970-01-01 00:00:00.000006183,0.020707
1970-01-01 00:00:00.000006184,0.017519
1970-01-01 00:00:00.000006185,0.0153949999999999
1970-01-01 00:00:00.000006186,0.013293
1970-01-01 00:00:00.000006187,0.008606
1970-01-01 00:00:00.000006188,0.005403
1970-01-01 00:00:00.000006189,0.008578
1970-01-01 00:00:00.000006190,0.020265
1970-01-01 00:00:00.000006191,0.027707
1970-01-01 00:00:00.000006192,0.019157
1970-01-01 00:00:00.000006193,0.002085
1970-01-01 00:00:00.000006194,-0.010714
1970-01-01 00:00:00.000006195,-0.017458
1970-01-01 00:00:00.000006196,-0.0291899999999999
1970-01-01 00:00:00.000006197,-0.039822
1970-01-01 00:00:00.000006198,-0.060041
1970-01-01 00:00:00.000006199,-0.080231
1970-01-01 00:00:00.000006200,-0.082329
1970-01-01 00:00:00.000006201,-0.0599539999999999
1970-01-01 00:00:00.000006202,-0.041829
1970-01-01 00:00:00.000006203,-0.032464
1970-01-01 00:00:00.000006204,-0.017556
1970-01-01 00:00:00.000006205,-0.003725
1970-01-01 00:00:00.000006206,-0.007991
1970-01-01 00:00:00.000006207,0.0601289999999999
1970-01-01 00:00:00.000006208,0.071876
1970-01-01 00:00:00.000006209,0.086801
1970-01-01 00:00:00.000006210,0.116596
1970-01-01 00:00:00.000006211,0.165326
1970-01-01 00:00:00.000006212,0.199454
1970-01-01 00:00:00.000006213,0.211189
1970-01-01 00:00:00.000006214,0.208035
1970-01-01 00:00:00.000006215,0.197464
1970-01-01 00:00:00.000006216,0.176235
1970-01-01 00:00:00.000006217,0.1539029999999999
1970-01-01 00:00:00.000006218,0.136757
1970-01-01 00:00:00.000006219,0.073958
1970-01-01 00:00:00.000006220,0.1045089999999999
1970-01-01 00:00:00.000006221,0.025467
1970-01-01 00:00:00.000006222,0.038186
1970-01-01 00:00:00.000006223,-0.030021
1970-01-01 00:00:00.000006224,-0.054571
1970-01-01 00:00:00.000006225,-0.0503259999999999
1970-01-01 00:00:00.000006226,-0.0098129999999999
1970-01-01 00:00:00.000006227,-0.02393
1970-01-01 00:00:00.000006228,-0.0281709999999999
1970-01-01 00:00:00.000006229,-0.03033
1970-01-01 00:00:00.000006230,-0.01438
1970-01-01 00:00:00.000006231,0.004683
1970-01-01 00:00:00.000006232,-0.001786
1970-01-01 00:00:00.000006233,-0.023152
1970-01-01 00:00:00.000006234,-0.0189389999999999
1970-01-01 00:00:00.000006235,-0.061121
1970-01-01 00:00:00.000006236,-0.072757
1970-01-01 00:00:00.000006237,-0.091829
1970-01-01 00:00:00.000006238,-0.103459
1970-01-01 00:00:00.000006239,-0.090652
1970-01-01 00:00:00.000006240,-0.0810289999999999
1970-01-01 00:00:00.000006241,-0.063938
1970-01-01 00:00:00.000006242,-0.045856
1970-01-01 00:00:00.000006243,-0.038717
1970-01-01 00:00:00.000006244,-0.043997
1970-01-01 00:00:00.000006245,-0.041874
1970-01-01 00:00:00.000006246,-0.053627
1970-01-01 00:00:00.000006247,-0.055723
1970-01-01 00:00:00.000006248,-0.045037
1970-01-01 00:00:00.000006249,-0.052453
1970-01-01 00:00:00.000006250,-0.051378
1970-01-01 00:00:00.000006251,-0.0618
1970-01-01 00:00:00.000006252,-0.066106
1970-01-01 00:00:00.000006253,-0.076843
1970-01-01 00:00:00.000006254,-0.082194
1970-01-01 00:00:00.000006255,-0.068386
1970-01-01 00:00:00.000006256,-0.054564
1970-01-01 00:00:00.000006257,-0.055657
1970-01-01 00:00:00.000006258,-0.030128
1970-01-01 00:00:00.000006259,-0.0284379999999999
1970-01-01 00:00:00.000006260,-0.024217
1970-01-01 00:00:00.000006261,-0.01461
1970-01-01 00:00:00.000006262,0.004599
1970-01-01 00:00:00.000006263,0.011031
1970-01-01 00:00:00.000006264,0.015287
1970-01-01 00:00:00.000006265,0.01852
1970-01-01 00:00:00.000006266,0.027074
1970-01-01 00:00:00.000006267,0.040171
1970-01-01 00:00:00.000006268,0.044412
1970-01-01 00:00:00.000006269,0.047628
1970-01-01 00:00:00.000006270,0.045514
1970-01-01 00:00:00.000006271,0.034857
1970-01-01 00:00:00.000006272,0.026322
1970-01-01 00:00:00.000006273,0.020988
1970-01-01 00:00:00.000006274,0.026302
1970-01-01 00:00:00.000006275,0.032694
1970-01-01 00:00:00.000006276,0.03406
1970-01-01 00:00:00.000006277,0.028737
1970-01-01 00:00:00.000006278,0.020219
1970-01-01 00:00:00.000006279,0.025543
1970-01-01 00:00:00.000006280,0.03938
1970-01-01 00:00:00.000006281,0.038268
1970-01-01 00:00:00.000006282,0.033987
1970-01-01 00:00:00.000006283,0.0230919999999999
1970-01-01 00:00:00.000006284,0.0029219999999999
1970-01-01 00:00:00.000006285,-0.028955
1970-01-01 00:00:00.000006286,-0.047023
1970-01-01 00:00:00.000006287,-0.039556
1970-01-01 00:00:00.000006288,-0.0224919999999999
1970-01-01 00:00:00.000006289,-0.0075959999999999
1970-01-01 00:00:00.000006290,-0.007628
1970-01-01 00:00:00.000006291,-0.035196
1970-01-01 00:00:00.000006292,-0.050123
1970-01-01 00:00:00.000006293,-0.071478
1970-01-01 00:00:00.000006294,-0.0758
1970-01-01 00:00:00.000006295,-0.069462
1970-01-01 00:00:00.000006296,-0.067361
1970-01-01 00:00:00.000006297,-0.0705809999999999
1970-01-01 00:00:00.000006298,-0.087656
1970-01-01 00:00:00.000006299,-0.092301
1970-01-01 00:00:00.000006300,-0.090361
1970-01-01 00:00:00.000006301,-0.016859
1970-01-01 00:00:00.000006302,-0.01054
1970-01-01 00:00:00.000006303,0.020246
1970-01-01 00:00:00.000006304,0.0277339999999999
1970-01-01 00:00:00.000006305,0.026838
1970-01-01 00:00:00.000006306,0.0121
1970-01-01 00:00:00.000006307,-0.039958
1970-01-01 00:00:00.000006308,-0.073823
1970-01-01 00:00:00.000006309,-0.07046
1970-01-01 00:00:00.000006310,-0.064991
1970-01-01 00:00:00.000006311,-0.053229
1970-01-01 00:00:00.000006312,-0.050064
1970-01-01 00:00:00.000006313,-0.051198
1970-01-01 00:00:00.000006314,-0.050217
1970-01-01 00:00:00.000006315,-0.045002
1970-01-01 00:00:00.000006316,-0.06448
1970-01-01 00:00:00.000006317,-0.058202
1970-01-01 00:00:00.000006318,-0.050817
1970-01-01 00:00:00.000006319,-0.0242889999999999
1970-01-01 00:00:00.000006320,-0.001999
1970-01-01 00:00:00.000006321,0.029891
1970-01-01 00:00:00.000006322,0.0554029999999999
1970-01-01 00:00:00.000006323,0.059688
1970-01-01 00:00:00.000006324,0.0693889999999999
1970-01-01 00:00:00.000006325,0.063094
1970-01-01 00:00:00.000006326,0.037611
1970-01-01 00:00:00.000006327,0.036641
1970-01-01 00:00:00.000006328,0.058051
1970-01-01 00:00:00.000006329,0.062384
1970-01-01 00:00:00.000006330,0.060298
1970-01-01 00:00:00.000006331,0.088025
1970-01-01 00:00:00.000006332,0.135646
1970-01-01 00:00:00.000006333,0.113323
1970-01-01 00:00:00.000006334,0.065373
1970-01-01 00:00:00.000006335,0.0525919999999999
1970-01-01 00:00:00.000006336,0.023842
1970-01-01 00:00:00.000006337,0.01213
1970-01-01 00:00:00.000006338,0.0004059999999999
1970-01-01 00:00:00.000006339,-0.0063729999999999
1970-01-01 00:00:00.000006340,0.0020629999999999
1970-01-01 00:00:00.000006341,0.031797
1970-01-01 00:00:00.000006342,0.042414
1970-01-01 00:00:00.000006343,0.049872
1970-01-01 00:00:00.000006344,0.057321
1970-01-01 00:00:00.000006345,0.02647
1970-01-01 00:00:00.000006346,0.006273
1970-01-01 00:00:00.000006347,-0.011884
1970-01-01 00:00:00.000006348,0.000846
1970-01-01 00:00:00.000006349,0.004025
1970-01-01 00:00:00.000006350,0.017824
1970-01-01 00:00:00.000006351,0.032663
1970-01-01 00:00:00.000006352,0.037938
1970-01-01 00:00:00.000006353,0.025152
1970-01-01 00:00:00.000006354,0.0070459999999999
1970-01-01 00:00:00.000006355,-0.0071129999999999
1970-01-01 00:00:00.000006356,-0.030536
1970-01-01 00:00:00.000006357,-0.035871
1970-01-01 00:00:00.000006358,-0.015629
1970-01-01 00:00:00.000006359,-0.009218
1970-01-01 00:00:00.000006360,-0.014521
1970-01-01 00:00:00.000006361,-0.008176
1970-01-01 00:00:00.000006362,-0.019925
1970-01-01 00:00:00.000006363,-0.033892
1970-01-01 00:00:00.000006364,-0.050896
1970-01-01 00:00:00.000006365,-0.067911
1970-01-01 00:00:00.000006366,-0.072157
1970-01-01 00:00:00.000006367,-0.075323
1970-01-01 00:00:00.000006368,-0.075277
1970-01-01 00:00:00.000006369,-0.091163
1970-01-01 00:00:00.000006370,-0.110265
1970-01-01 00:00:00.000006371,-0.1134119999999999
1970-01-01 00:00:00.000006372,-0.126818
1970-01-01 00:00:00.000006373,-0.088522
1970-01-01 00:00:00.000006374,-0.085391
1970-01-01 00:00:00.000006375,-0.1163589999999999
1970-01-01 00:00:00.000006376,-0.105768
1970-01-01 00:00:00.000006377,-0.072763
1970-01-01 00:00:00.000006378,-0.051472
1970-01-01 00:00:00.000006379,-0.045094
1970-01-01 00:00:00.000006380,-0.048979
1970-01-01 00:00:00.000006381,-0.007439
1970-01-01 00:00:00.000006382,0.00963
1970-01-01 00:00:00.000006383,0.018225
1970-01-01 00:00:00.000006384,0.023585
1970-01-01 00:00:00.000006385,0.012986
1970-01-01 00:00:00.000006386,0.002392
1970-01-01 00:00:00.000006387,0.013527
1970-01-01 00:00:00.000006388,0.0241979999999999
1970-01-01 00:00:00.000006389,0.03273
1970-01-01 00:00:00.000006390,0.039105
1970-01-01 00:00:00.000006391,0.042293
1970-01-01 00:00:00.000006392,0.044413
1970-01-01 00:00:00.000006393,0.049725
1970-01-01 00:00:00.000006394,0.045456
1970-01-01 00:00:00.000006395,0.056964
1970-01-01 00:00:00.000006396,0.053769
1970-01-01 00:00:00.000006397,0.056926
1970-01-01 00:00:00.000006398,0.070707
1970-01-01 00:00:00.000006399,0.063231
1970-01-01 00:00:00.000006400,0.0515169999999999
1970-01-01 00:00:00.000006401,0.0525669999999999
1970-01-01 00:00:00.000006402,0.048299
1970-01-01 00:00:00.000006403,0.038299
1970-01-01 00:00:00.000006404,0.036157
1970-01-01 00:00:00.000006405,0.04784
1970-01-01 00:00:00.000006406,0.048888
1970-01-01 00:00:00.000006407,0.040332
1970-01-01 00:00:00.000006408,0.033895
1970-01-01 00:00:00.000006409,0.016842
1970-01-01 00:00:00.000006410,0.012583
1970-01-01 00:00:00.000006411,-0.0009109999999999
1970-01-01 00:00:00.000006412,-0.003052
1970-01-01 00:00:00.000006413,0.008638
1970-01-01 00:00:00.000006414,0.011821
1970-01-01 00:00:00.000006415,0.0064709999999999
1970-01-01 00:00:00.000006416,0.0128659999999999
1970-01-01 00:00:00.000006417,0.013943
1970-01-01 00:00:00.000006418,0.006503
1970-01-01 00:00:00.000006419,0.00655
1970-01-01 00:00:00.000006420,-0.000919
1970-01-01 00:00:00.000006421,-0.015782
1970-01-01 00:00:00.000006422,-0.0306579999999999
1970-01-01 00:00:00.000006423,-0.029562
1970-01-01 00:00:00.000006424,-0.025266
1970-01-01 00:00:00.000006425,-0.039086
1970-01-01 00:00:00.000006426,-0.033768
1970-01-01 00:00:00.000006427,-0.031665
1970-01-01 00:00:00.000006428,-0.032487
1970-01-01 00:00:00.000006429,-0.0261269999999999
1970-01-01 00:00:00.000006430,-0.029341
1970-01-01 00:00:00.000006431,-0.008048
1970-01-01 00:00:00.000006432,-0.003792
1970-01-01 00:00:00.000006433,-0.001648
1970-01-01 00:00:00.000006434,-0.008009
1970-01-01 00:00:00.000006435,-0.022256
1970-01-01 00:00:00.000006436,-0.033923
1970-01-01 00:00:00.000006437,-0.044547
1970-01-01 00:00:00.000006438,-0.060475
1970-01-01 00:00:00.000006439,-0.0700279999999999
1970-01-01 00:00:00.000006440,-0.074299
1970-01-01 00:00:00.000006441,-0.061554
1970-01-01 00:00:00.000006442,-0.060525
1970-01-01 00:00:00.000006443,-0.05271
1970-01-01 00:00:00.000006444,-0.037844
1970-01-01 00:00:00.000006445,-0.022978
1970-01-01 00:00:00.000006446,-0.0156539999999999
1970-01-01 00:00:00.000006447,-0.029593
1970-01-01 00:00:00.000006448,-0.00402
1970-01-01 00:00:00.000006449,-0.007165
1970-01-01 00:00:00.000006450,-0.041243
1970-01-01 00:00:00.000006451,-0.068913
1970-01-01 00:00:00.000006452,-0.097637
1970-01-01 00:00:00.000006453,-0.099838
1970-01-01 00:00:00.000006454,-0.084904
1970-01-01 00:00:00.000006455,-0.053988
1970-01-01 00:00:00.000006456,-0.031611
1970-01-01 00:00:00.000006457,-0.0060479999999999
1970-01-01 00:00:00.000006458,0.009891
1970-01-01 00:00:00.000006459,0.017269
1970-01-01 00:00:00.000006460,0.024672
1970-01-01 00:00:00.000006461,0.017149
1970-01-01 00:00:00.000006462,0.019256
1970-01-01 00:00:00.000006463,0.018189
1970-01-01 00:00:00.000006464,0.023489
1970-01-01 00:00:00.000006465,0.0181449999999999
1970-01-01 00:00:00.000006466,0.001108
1970-01-01 00:00:00.000006467,-0.010606
1970-01-01 00:00:00.000006468,-0.023369
1970-01-01 00:00:00.000006469,-0.030605
1970-01-01 00:00:00.000006470,-0.042302
1970-01-01 00:00:00.000006471,-0.052898
1970-01-01 00:00:00.000006472,-0.043307
1970-01-01 00:00:00.000006473,-0.007155
1970-01-01 00:00:00.000006474,-0.018859
1970-01-01 00:00:00.000006475,-0.017818
1970-01-01 00:00:00.000006476,-0.008258
1970-01-01 00:00:00.000006477,-0.004366
1970-01-01 00:00:00.000006478,0.00845
1970-01-01 00:00:00.000006479,0.001045
1970-01-01 00:00:00.000006480,-0.0052759999999999
1970-01-01 00:00:00.000006481,-0.016896
1970-01-01 00:00:00.000006482,-0.02745
1970-01-01 00:00:00.000006483,-0.02414
1970-01-01 00:00:00.000006484,-0.0368449999999999
1970-01-01 00:00:00.000006485,-0.0471209999999999
1970-01-01 00:00:00.000006486,-0.059948
1970-01-01 00:00:00.000006487,-0.068481
1970-01-01 00:00:00.000006488,-0.072756
1970-01-01 00:00:00.000006489,-0.0610809999999999
1970-01-01 00:00:00.000006490,-0.048387
1970-01-01 00:00:00.000006491,-0.037873
1970-01-01 00:00:00.000006492,-0.047519
1970-01-01 00:00:00.000006493,-0.059245
1970-01-01 00:00:00.000006494,-0.0592309999999999
1970-01-01 00:00:00.000006495,-0.049624
1970-01-01 00:00:00.000006496,-0.070898
1970-01-01 00:00:00.000006497,-0.068776
1970-01-01 00:00:00.000006498,-0.067656
1970-01-01 00:00:00.000006499,-0.047392
1970-01-01 00:00:00.000006500,-0.018655
1970-01-01 00:00:00.000006501,-0.003727
1970-01-01 00:00:00.000006502,0.016533
1970-01-01 00:00:00.000006503,0.035748
1970-01-01 00:00:00.000006504,0.0369
1970-01-01 00:00:00.000006505,0.024219
1970-01-01 00:00:00.000006506,-0.003433
1970-01-01 00:00:00.000006507,-0.035392
1970-01-01 00:00:00.000006508,-0.055651
1970-01-01 00:00:00.000006509,-0.053576
1970-01-01 00:00:00.000006510,-0.023859
1970-01-01 00:00:00.000006511,-0.010029
1970-01-01 00:00:00.000006512,-0.001507
1970-01-01 00:00:00.000006513,-0.00788
1970-01-01 00:00:00.000006514,-0.0078599999999999
1970-01-01 00:00:00.000006515,-0.022759
1970-01-01 00:00:00.000006516,0.000646
1970-01-01 00:00:00.000006517,-0.006806
1970-01-01 00:00:00.000006518,0.005983
1970-01-01 00:00:00.000006519,0.003921
1970-01-01 00:00:00.000006520,-0.007756
1970-01-01 00:00:00.000006521,-0.001383
1970-01-01 00:00:00.000006522,-0.024799
1970-01-01 00:00:00.000006523,-0.024755
1970-01-01 00:00:00.000006524,-0.004487
1970-01-01 00:00:00.000006525,0.018924
1970-01-01 00:00:00.000006526,0.060396
1970-01-01 00:00:00.000006527,0.008183
1970-01-01 00:00:00.000006528,0.011254
1970-01-01 00:00:00.000006529,0.041018
1970-01-01 00:00:00.000006530,0.02507
1970-01-01 00:00:00.000006531,0.01765
1970-01-01 00:00:00.000006532,0.022996
1970-01-01 00:00:00.000006533,0.00279
1970-01-01 00:00:00.000006534,-0.0493899999999999
1970-01-01 00:00:00.000006535,-0.088807
1970-01-01 00:00:00.000006536,-0.113297
1970-01-01 00:00:00.000006537,-0.115471
1970-01-01 00:00:00.000006538,-0.136843
1970-01-01 00:00:00.000006539,-0.11349
1970-01-01 00:00:00.000006540,-0.07307
1970-01-01 00:00:00.000006541,-0.036923
1970-01-01 00:00:00.000006542,-0.035907
1970-01-01 00:00:00.000006543,-0.0593519999999999
1970-01-01 00:00:00.000006544,-0.065757
1970-01-01 00:00:00.000006545,-0.063601
1970-01-01 00:00:00.000006546,-0.0605529999999999
1970-01-01 00:00:00.000006547,-0.060569
1970-01-01 00:00:00.000006548,-0.063712
1970-01-01 00:00:00.000006549,-0.062561
1970-01-01 00:00:00.000006550,-0.1051059999999999
1970-01-01 00:00:00.000006551,-0.126404
1970-01-01 00:00:00.000006552,-0.113727
1970-01-01 00:00:00.000006553,-0.124742
1970-01-01 00:00:00.000006554,-0.110885
1970-01-01 00:00:00.000006555,-0.097039
1970-01-01 00:00:00.000006556,-0.111968
1970-01-01 00:00:00.000006557,-0.126903
1970-01-01 00:00:00.000006558,-0.115185
1970-01-01 00:00:00.000006559,-0.046984
1970-01-01 00:00:00.000006560,-0.062931
1970-01-01 00:00:00.000006561,-0.085297
1970-01-01 00:00:00.000006562,-0.078872
1970-01-01 00:00:00.000006563,-0.076765
1970-01-01 00:00:00.000006564,-0.060797
1970-01-01 00:00:00.000006565,-0.039477
1970-01-01 00:00:00.000006566,-0.0234599999999999
1970-01-01 00:00:00.000006567,-0.024459
1970-01-01 00:00:00.000006568,-0.038279
1970-01-01 00:00:00.000006569,-0.040413
1970-01-01 00:00:00.000006570,-0.079867
1970-01-01 00:00:00.000006571,-0.094812
1970-01-01 00:00:00.000006572,-0.073509
1970-01-01 00:00:00.000006573,-0.041569
1970-01-01 00:00:00.000006574,-0.038342
1970-01-01 00:00:00.000006575,-0.0394
1970-01-01 00:00:00.000006576,-0.030893
1970-01-01 00:00:00.000006577,0.003159
1970-01-01 00:00:00.000006578,0.023417
1970-01-01 00:00:00.000006579,0.038397
1970-01-01 00:00:00.000006580,0.0193069999999999
1970-01-01 00:00:00.000006581,0.028945
1970-01-01 00:00:00.000006582,0.077938
1970-01-01 00:00:00.000006583,0.090685
1970-01-01 00:00:00.000006584,0.103369
1970-01-01 00:00:00.000006585,0.1224529999999999
1970-01-01 00:00:00.000006586,0.074612
1970-01-01 00:00:00.000006587,0.049283
1970-01-01 00:00:00.000006588,0.073748
1970-01-01 00:00:00.000006589,0.034325
1970-01-01 00:00:00.000006590,0.020439
1970-01-01 00:00:00.000006591,0.049178
1970-01-01 00:00:00.000006592,0.0535039999999999
1970-01-01 00:00:00.000006593,0.0450519999999999
1970-01-01 00:00:00.000006594,0.012177
1970-01-01 00:00:00.000006595,0.03998
1970-01-01 00:00:00.000006596,0.089036
1970-01-01 00:00:00.000006597,0.106011
1970-01-01 00:00:00.000006598,0.133617
1970-01-01 00:00:00.000006599,0.166495
1970-01-01 00:00:00.000006600,0.192936
1970-01-01 00:00:00.000006601,0.205546
1970-01-01 00:00:00.000006602,0.155372
1970-01-01 00:00:00.000006603,0.1244099999999999
1970-01-01 00:00:00.000006604,0.115889
1970-01-01 00:00:00.000006605,0.1275599999999999
1970-01-01 00:00:00.000006606,0.082788
1970-01-01 00:00:00.000006607,-0.030108
1970-01-01 00:00:00.000006608,-0.0823049999999999
1970-01-01 00:00:00.000006609,-0.113133
1970-01-01 00:00:00.000006610,-0.138601
1970-01-01 00:00:00.000006611,-0.140735
1970-01-01 00:00:00.000006612,-0.101368
1970-01-01 00:00:00.000006613,-0.063016
1970-01-01 00:00:00.000006614,-0.0513659999999999
1970-01-01 00:00:00.000006615,0.029497
1970-01-01 00:00:00.000006616,0.102888
1970-01-01 00:00:00.000006617,0.060084
1970-01-01 00:00:00.000006618,0.0311819999999999
1970-01-01 00:00:00.000006619,0.085603
1970-01-01 00:00:00.000006620,0.1434
1970-01-01 00:00:00.000006621,0.073234
1970-01-01 00:00:00.000006622,-0.015156
1970-01-01 00:00:00.000006623,-0.1398
1970-01-01 00:00:00.000006624,-0.184569
1970-01-01 00:00:00.000006625,-0.07716
1970-01-01 00:00:00.000006626,0.053951
1970-01-01 00:00:00.000006627,0.0688309999999999
1970-01-01 00:00:00.000006628,0.075365
1970-01-01 00:00:00.000006629,0.012683
1970-01-01 00:00:00.000006630,-0.12037
1970-01-01 00:00:00.000006631,-0.211961
1970-01-01 00:00:00.000006632,-0.206698
1970-01-01 00:00:00.000006633,-0.173764
1970-01-01 00:00:00.000006634,-0.118423
1970-01-01 00:00:00.000006635,-0.058761
1970-01-01 00:00:00.000006636,-0.023413
1970-01-01 00:00:00.000006637,0.020228
1970-01-01 00:00:00.000006638,0.045844
1970-01-01 00:00:00.000006639,0.076821
1970-01-01 00:00:00.000006640,0.145043
1970-01-01 00:00:00.000006641,0.1789099999999999
1970-01-01 00:00:00.000006642,0.1907599999999999
1970-01-01 00:00:00.000006643,0.206923
1970-01-01 00:00:00.000006644,0.24628
1970-01-01 00:00:00.000006645,0.156873
1970-01-01 00:00:00.000006646,0.7485569999999999
1970-01-01 00:00:00.000006647,0.756247
1970-01-01 00:00:00.000006648,-0.347665
1970-01-01 00:00:00.000006649,0.2302199999999999
1970-01-01 00:00:00.000006650,0.085284
1970-01-01 00:00:00.000006651,-0.460006
1970-01-01 00:00:00.000006652,-0.1476309999999999
1970-01-01 00:00:00.000006653,-0.0200599999999999
1970-01-01 00:00:00.000006654,-0.032697
1970-01-01 00:00:00.000006655,0.241034
1970-01-01 00:00:00.000006656,0.4123189999999999
1970-01-01 00:00:00.000006657,0.093933
1970-01-01 00:00:00.000006658,-0.421175
1970-01-01 00:00:00.000006659,-0.314539
1970-01-01 00:00:00.000006660,-0.02795
1970-01-01 00:00:00.000006661,0.04583
1970-01-01 00:00:00.000006662,-0.057497
1970-01-01 00:00:00.000006663,-0.213067
1970-01-01 00:00:00.000006664,-0.2493989999999999
1970-01-01 00:00:00.000006665,-0.1472109999999999
1970-01-01 00:00:00.000006666,0.048636
1970-01-01 00:00:00.000006667,0.1827609999999999
1970-01-01 00:00:00.000006668,0.1466829999999999
1970-01-01 00:00:00.000006669,0.051075
1970-01-01 00:00:00.000006670,-0.00743
1970-01-01 00:00:00.000006671,0.0841659999999999
1970-01-01 00:00:00.000006672,0.258813
1970-01-01 00:00:00.000006673,0.381377
1970-01-01 00:00:00.000006674,0.449627
1970-01-01 00:00:00.000006675,0.477413
1970-01-01 00:00:00.000006676,0.455133
1970-01-01 00:00:00.000006677,0.381828
1970-01-01 00:00:00.000006678,0.337175
1970-01-01 00:00:00.000006679,0.261757
1970-01-01 00:00:00.000006680,0.221563
1970-01-01 00:00:00.000006681,0.144928
1970-01-01 00:00:00.000006682,0.103554
1970-01-01 00:00:00.000006683,0.065324
1970-01-01 00:00:00.000006684,0.131246
1970-01-01 00:00:00.000006685,0.21528
1970-01-01 00:00:00.000006686,0.074392
1970-01-01 00:00:00.000006687,-0.065169
1970-01-01 00:00:00.000006688,0.154038
1970-01-01 00:00:00.000006689,0.490893
1970-01-01 00:00:00.000006690,0.512157
1970-01-01 00:00:00.000006691,0.429184
1970-01-01 00:00:00.000006692,0.266496
1970-01-01 00:00:00.000006693,0.023893
1970-01-01 00:00:00.000006694,-0.12618
1970-01-01 00:00:00.000006695,-0.180534
1970-01-01 00:00:00.000006696,-0.268969
1970-01-01 00:00:00.000006697,-0.363722
1970-01-01 00:00:00.000006698,-0.244476
1970-01-01 00:00:00.000006699,-0.0742
1970-01-01 00:00:00.000006700,-0.000744
1970-01-01 00:00:00.000006701,-0.023153
1970-01-01 00:00:00.000006702,-0.065755
1970-01-01 00:00:00.000006703,-0.086048
1970-01-01 00:00:00.000006704,-0.030723
1970-01-01 00:00:00.000006705,0.072475
1970-01-01 00:00:00.000006706,0.183065
1970-01-01 00:00:00.000006707,0.2031329999999999
1970-01-01 00:00:00.000006708,0.189329
1970-01-01 00:00:00.000006709,0.043512
1970-01-01 00:00:00.000006710,-0.082071
1970-01-01 00:00:00.000006711,-0.1224519999999999
1970-01-01 00:00:00.000006712,-0.126716
1970-01-01 00:00:00.000006713,-0.079873
1970-01-01 00:00:00.000006714,-0.067129
1970-01-01 00:00:00.000006715,-0.091752
1970-01-01 00:00:00.000006716,-0.066149
1970-01-01 00:00:00.000006717,-0.04695
1970-01-01 00:00:00.000006718,0.038362
1970-01-01 00:00:00.000006719,0.110764
1970-01-01 00:00:00.000006720,0.166164
1970-01-01 00:00:00.000006721,0.198093
1970-01-01 00:00:00.000006722,0.290828
1970-01-01 00:00:00.000006723,0.2865
1970-01-01 00:00:00.000006724,0.266347
1970-01-01 00:00:00.000006725,0.29943
1970-01-01 00:00:00.000006726,0.300539
1970-01-01 00:00:00.000006727,0.274987
1970-01-01 00:00:00.000006728,0.275948
1970-01-01 00:00:00.000006729,0.316334
1970-01-01 00:00:00.000006730,0.377025
1970-01-01 00:00:00.000006731,0.392965
1970-01-01 00:00:00.000006732,0.394014
1970-01-01 00:00:00.000006733,0.398234
1970-01-01 00:00:00.000006734,0.332136
1970-01-01 00:00:00.000006735,0.319331
1970-01-01 00:00:00.000006736,0.312949
1970-01-01 00:00:00.000006737,0.312921
1970-01-01 00:00:00.000006738,0.310749
1970-01-01 00:00:00.000006739,0.298887
1970-01-01 00:00:00.000006740,0.279632
1970-01-01 00:00:00.000006741,0.25619
1970-01-01 00:00:00.000006742,0.2327949999999999
1970-01-01 00:00:00.000006743,0.20724
1970-01-01 00:00:00.000006744,0.193388
1970-01-01 00:00:00.000006745,0.194454
1970-01-01 00:00:00.000006746,0.190217
1970-01-01 00:00:00.000006747,0.168961
1970-01-01 00:00:00.000006748,0.143449
1970-01-01 00:00:00.000006749,0.120057
1970-01-01 00:00:00.000006750,0.101972
1970-01-01 00:00:00.000006751,0.083889
1970-01-01 00:00:00.000006752,0.080702
1970-01-01 00:00:00.000006753,0.097761
1970-01-01 00:00:00.000006754,0.109493
1970-01-01 00:00:00.000006755,0.1201619999999999
1970-01-01 00:00:00.000006756,0.124423
1970-01-01 00:00:00.000006757,0.1244359999999999
1970-01-01 00:00:00.000006758,0.140421
1970-01-01 00:00:00.000006759,0.161718
1970-01-01 00:00:00.000006760,0.192564
1970-01-01 00:00:00.000006761,0.234056
1970-01-01 00:00:00.000006762,0.271319
1970-01-01 00:00:00.000006763,0.305376
1970-01-01 00:00:00.000006764,0.346912
1970-01-01 00:00:00.000006765,0.378884
1970-01-01 00:00:00.000006766,0.39805
1970-01-01 00:00:00.000006767,0.4002199999999999
1970-01-01 00:00:00.000006768,0.392836
1970-01-01 00:00:00.000006769,0.390782
1970-01-01 00:00:00.000006770,0.397227
1970-01-01 00:00:00.000006771,0.403652
1970-01-01 00:00:00.000006772,0.4079
1970-01-01 00:00:00.000006773,0.400397
1970-01-01 00:00:00.000006774,0.392855
1970-01-01 00:00:00.000006775,0.39807
1970-01-01 00:00:00.000006776,0.402233
1970-01-01 00:00:00.000006777,0.414916
1970-01-01 00:00:00.000006778,0.4212359999999999
1970-01-01 00:00:00.000006779,0.407343
1970-01-01 00:00:00.000006780,0.374292
1970-01-01 00:00:00.000006781,0.348726
1970-01-01 00:00:00.000006782,0.319977
1970-01-01 00:00:00.000006783,0.283769
1970-01-01 00:00:00.000006784,0.272067
1970-01-01 00:00:00.000006785,0.242245
1970-01-01 00:00:00.000006786,0.213453
1970-01-01 00:00:00.000006787,0.183618
1970-01-01 00:00:00.000006788,0.154854
1970-01-01 00:00:00.000006789,0.121826
1970-01-01 00:00:00.000006790,0.0887429999999999
1970-01-01 00:00:00.000006791,0.056821
1970-01-01 00:00:00.000006792,0.0291769999999999
1970-01-01 00:00:00.000006793,0.0004759999999999
1970-01-01 00:00:00.000006794,-0.036722
1970-01-01 00:00:00.000006795,-0.072882
1970-01-01 00:00:00.000006796,-0.106925
1970-01-01 00:00:00.000006797,-0.148472
1970-01-01 00:00:00.000006798,-0.167684
1970-01-01 00:00:00.000006799,-0.143255
1970-01-01 00:00:00.000006800,-0.102875
1970-01-01 00:00:00.000006801,-0.061432
1970-01-01 00:00:00.000006802,-0.0316899999999999
1970-01-01 00:00:00.000006803,-0.01792
1970-01-01 00:00:00.000006804,-0.000936
1970-01-01 00:00:00.000006805,-0.000965
1970-01-01 00:00:00.000006806,-0.013746
1970-01-01 00:00:00.000006807,-0.027554
1970-01-01 00:00:00.000006808,-0.037146
1970-01-01 00:00:00.000006809,-0.041424
1970-01-01 00:00:00.000006810,-0.037169
1970-01-01 00:00:00.000006811,-0.035003
1970-01-01 00:00:00.000006812,-0.0328279999999999
1970-01-01 00:00:00.000006813,-0.028523
1970-01-01 00:00:00.000006814,-0.029531
1970-01-01 00:00:00.000006815,-0.038034
1970-01-01 00:00:00.000006816,-0.051862
1970-01-01 00:00:00.000006817,-0.061453
1970-01-01 00:00:00.000006818,-0.049742
1970-01-01 00:00:00.000006819,-0.0306089999999999
1970-01-01 00:00:00.000006820,-0.004011
1970-01-01 00:00:00.000006821,0.020469
1970-01-01 00:00:00.000006822,0.036451
1970-01-01 00:00:00.000006823,0.040721
1970-01-01 00:00:00.000006824,0.042891
1970-01-01 00:00:00.000006825,0.044007
1970-01-01 00:00:00.000006826,0.047255
1970-01-01 00:00:00.000006827,0.048381
1970-01-01 00:00:00.000006828,0.051609
1970-01-01 00:00:00.000006829,0.061249
1970-01-01 00:00:00.000006830,0.081545
1970-01-01 00:00:00.000006831,0.1092809999999999
1970-01-01 00:00:00.000006832,0.115727
1970-01-01 00:00:00.000006833,0.102998
1970-01-01 00:00:00.000006834,0.080665
1970-01-01 00:00:00.000006835,0.085961
1970-01-01 00:00:00.000006836,0.088073
1970-01-01 00:00:00.000006837,0.109342
1970-01-01 00:00:00.000006838,0.142299
1970-01-01 00:00:00.000006839,0.1614519999999999
1970-01-01 00:00:00.000006840,0.159335
1970-01-01 00:00:00.000006841,0.13698
1970-01-01 00:00:00.000006842,0.098737
1970-01-01 00:00:00.000006843,0.059416
1970-01-01 00:00:00.000006844,0.037117
1970-01-01 00:00:00.000006845,0.040323
1970-01-01 00:00:00.000006846,0.056239
1970-01-01 00:00:00.000006847,0.071091
1970-01-01 00:00:00.000006848,0.092338
1970-01-01 00:00:00.000006849,0.129524
1970-01-01 00:00:00.000006850,0.131563
1970-01-01 00:00:00.000006851,0.169817
1970-01-01 00:00:00.000006852,0.207026
1970-01-01 00:00:00.000006853,0.224094
1970-01-01 00:00:00.000006854,0.268998
1970-01-01 00:00:00.000006855,0.215745
1970-01-01 00:00:00.000006856,0.175313
1970-01-01 00:00:00.000006857,0.183856
1970-01-01 00:00:00.000006858,0.192392
1970-01-01 00:00:00.000006859,0.227582
1970-01-01 00:00:00.000006860,0.259519
1970-01-01 00:00:00.000006861,0.2212039999999999
1970-01-01 00:00:00.000006862,0.2286989999999999
1970-01-01 00:00:00.000006863,0.251092
1970-01-01 00:00:00.000006864,0.245797
1970-01-01 00:00:00.000006865,0.217048
1970-01-01 00:00:00.000006866,0.188273
1970-01-01 00:00:00.000006867,0.174387
1970-01-01 00:00:00.000006868,0.157301
1970-01-01 00:00:00.000006869,0.120001
1970-01-01 00:00:00.000006870,0.089055
1970-01-01 00:00:00.000006871,0.087936
1970-01-01 00:00:00.000006872,0.109174
1970-01-01 00:00:00.000006873,0.136782
1970-01-01 00:00:00.000006874,0.15591
1970-01-01 00:00:00.000006875,0.16118
1970-01-01 00:00:00.000006876,0.167514
1970-01-01 00:00:00.000006877,0.181338
1970-01-01 00:00:00.000006878,0.170682
1970-01-01 00:00:00.000006879,0.176021
1970-01-01 00:00:00.000006880,0.169689
1970-01-01 00:00:00.000006881,0.174026
1970-01-01 00:00:00.000006882,0.161318
1970-01-01 00:00:00.000006883,0.147547
1970-01-01 00:00:00.000006884,0.149718
1970-01-01 00:00:00.000006885,0.1635619999999999
1970-01-01 00:00:00.000006886,0.172074
1970-01-01 00:00:00.000006887,0.174176
1970-01-01 00:00:00.000006888,0.165635
1970-01-01 00:00:00.000006889,0.151767
1970-01-01 00:00:00.000006890,0.110238
1970-01-01 00:00:00.000006891,0.10807
1970-01-01 00:00:00.000006892,0.1101619999999999
1970-01-01 00:00:00.000006893,0.097325
1970-01-01 00:00:00.000006894,0.053684
1970-01-01 00:00:00.000006895,0.01002
1970-01-01 00:00:00.000006896,-0.011227
1970-01-01 00:00:00.000006897,-0.000458
1970-01-01 00:00:00.000006898,0.01453
1970-01-01 00:00:00.000006899,0.0263
1970-01-01 00:00:00.000006900,0.105196
1970-01-01 00:00:00.000006901,0.070017
1970-01-01 00:00:00.000006902,0.082901
1970-01-01 00:00:00.000006903,0.034957
1970-01-01 00:00:00.000006904,0.018946
1970-01-01 00:00:00.000006905,0.009337
1970-01-01 00:00:00.000006906,0.012454
1970-01-01 00:00:00.000006907,0.0187069999999999
1970-01-01 00:00:00.000006908,0.071835
1970-01-01 00:00:00.000006909,0.129351
1970-01-01 00:00:00.000006910,0.156072
1970-01-01 00:00:00.000006911,0.15727
1970-01-01 00:00:00.000006912,0.148833
1970-01-01 00:00:00.000006913,0.109473
1970-01-01 00:00:00.000006914,0.07542
1970-01-01 00:00:00.000006915,0.061505
1970-01-01 00:00:00.000006916,0.069842
1970-01-01 00:00:00.000006917,0.096237
1970-01-01 00:00:00.000006918,0.120592
1970-01-01 00:00:00.000006919,0.142955
1970-01-01 00:00:00.000006920,0.152605
1970-01-01 00:00:00.000006921,0.144179
1970-01-01 00:00:00.000006922,0.138901
1970-01-01 00:00:00.000006923,0.125088
1970-01-01 00:00:00.000006924,0.107014
1970-01-01 00:00:00.000006925,0.107038
1970-01-01 00:00:00.000006926,0.084675
1970-01-01 00:00:00.000006927,0.059121
1970-01-01 00:00:00.000006928,0.0293569999999999
1970-01-01 00:00:00.000006929,0.0177319999999999
1970-01-01 00:00:00.000006930,0.020984
1970-01-01 00:00:00.000006931,0.021033
1970-01-01 00:00:00.000006932,0.01576
1970-01-01 00:00:00.000006933,0.010449
1970-01-01 00:00:00.000006934,0.022151
1970-01-01 00:00:00.000006935,0.033777
1970-01-01 00:00:00.000006936,0.012369
1970-01-01 00:00:00.000006937,0.0037869999999999
1970-01-01 00:00:00.000006938,0.012264
1970-01-01 00:00:00.000006939,0.034599
1970-01-01 00:00:00.000006940,0.050525
1970-01-01 00:00:00.000006941,0.0803059999999999
1970-01-01 00:00:00.000006942,0.1037119999999999
1970-01-01 00:00:00.000006943,0.10365
1970-01-01 00:00:00.000006944,0.122764
1970-01-01 00:00:00.000006945,0.133422
1970-01-01 00:00:00.000006946,0.139869
1970-01-01 00:00:00.000006947,0.121806
1970-01-01 00:00:00.000006948,0.109089
1970-01-01 00:00:00.000006949,0.100633
1970-01-01 00:00:00.000006950,0.085775
1970-01-01 00:00:00.000006951,0.080491
1970-01-01 00:00:00.000006952,0.0762289999999999
1970-01-01 00:00:00.000006953,0.075157
1970-01-01 00:00:00.000006954,0.061321
1970-01-01 00:00:00.000006955,0.0336259999999999
1970-01-01 00:00:00.000006956,0.011237
1970-01-01 00:00:00.000006957,-0.001572
1970-01-01 00:00:00.000006958,-0.010125
1970-01-01 00:00:00.000006959,-0.013358
1970-01-01 00:00:00.000006960,-0.021914
1970-01-01 00:00:00.000006961,-0.031535
1970-01-01 00:00:00.000006962,-0.041138
1970-01-01 00:00:00.000006963,-0.053923
1970-01-01 00:00:00.000006964,-0.066715
1970-01-01 00:00:00.000006965,-0.073103
1970-01-01 00:00:00.000006966,-0.091163
1970-01-01 00:00:00.000006967,-0.11455
1970-01-01 00:00:00.000006968,-0.133701
1970-01-01 00:00:00.000006969,-0.147559
1970-01-01 00:00:00.000006970,-0.158236
1970-01-01 00:00:00.000006971,-0.162523
1970-01-01 00:00:00.000006972,-0.1763829999999999
1970-01-01 00:00:00.000006973,-0.194489
1970-01-01 00:00:00.000006974,-0.208344
1970-01-01 00:00:00.000006975,-0.219011
1970-01-01 00:00:00.000006976,-0.21799
1970-01-01 00:00:00.000006977,-0.197802
1970-01-01 00:00:00.000006978,-0.177609
1970-01-01 00:00:00.000006979,-0.164884
1970-01-01 00:00:00.000006980,-0.168116
1970-01-01 00:00:00.000006981,-0.174496
1970-01-01 00:00:00.000006982,-0.1925329999999999
1970-01-01 00:00:00.000006983,-0.202059
1970-01-01 00:00:00.000006984,-0.1903089999999999
1970-01-01 00:00:00.000006985,-0.170069
1970-01-01 00:00:00.000006986,-0.158338
1970-01-01 00:00:00.000006987,-0.155157
1970-01-01 00:00:00.000006988,-0.140249
1970-01-01 00:00:00.000006989,-0.1253119999999999
1970-01-01 00:00:00.000006990,-0.116799
1970-01-01 00:00:00.000006991,-0.096565
1970-01-01 00:00:00.000006992,-0.06284
1970-01-01 00:00:00.000006993,-0.028763
1970-01-01 00:00:00.000006994,-0.013871
1970-01-01 00:00:00.000006995,-0.0085379999999999
1970-01-01 00:00:00.000006996,0.008528
1970-01-01 00:00:00.000006997,0.02986
1970-01-01 00:00:00.000006998,0.042673
1970-01-01 00:00:00.000006999,0.044844
1970-01-01 00:00:00.000007000,0.0413959999999999
1970-01-01 00:00:00.000007001,0.042462
1970-01-01 00:00:00.000007002,0.058396
1970-01-01 00:00:00.000007003,0.089219
1970-01-01 00:00:00.000007004,0.128546
1970-01-01 00:00:00.000007005,0.167914
1970-01-01 00:00:00.000007006,0.192411
1970-01-01 00:00:00.000007007,0.198867
1970-01-01 00:00:00.000007008,0.190421
1970-01-01 00:00:00.000007009,0.17027
1970-01-01 00:00:00.000007010,0.141592
1970-01-01 00:00:00.000007011,0.088408
1970-01-01 00:00:00.000007012,0.021309
1970-01-01 00:00:00.000007013,-0.054359
1970-01-01 00:00:00.000007014,-0.134351
1970-01-01 00:00:00.000007015,-0.201526
1970-01-01 00:00:00.000007016,-0.217625
1970-01-01 00:00:00.000007017,-0.2008
1970-01-01 00:00:00.000007018,-0.180596
1970-01-01 00:00:00.000007019,-0.135851
1970-01-01 00:00:00.000007020,-0.096347
1970-01-01 00:00:00.000007021,-0.063208
1970-01-01 00:00:00.000007022,-0.025849
1970-01-01 00:00:00.000007023,0.00407
1970-01-01 00:00:00.000007024,0.027482
1970-01-01 00:00:00.000007025,0.047641
1970-01-01 00:00:00.000007026,0.039198
1970-01-01 00:00:00.000007027,0.001991
1970-01-01 00:00:00.000007028,-0.0352
1970-01-01 00:00:00.000007029,-0.017149
1970-01-01 00:00:00.000007030,0.011509
1970-01-01 00:00:00.000007031,0.007147
1970-01-01 00:00:00.000007032,-0.022782
1970-01-01 00:00:00.000007033,-0.046304
1970-01-01 00:00:00.000007034,-0.048501
1970-01-01 00:00:00.000007035,-0.060273
1970-01-01 00:00:00.000007036,-0.083722
1970-01-01 00:00:00.000007037,-0.108238
1970-01-01 00:00:00.000007038,-0.1252609999999999
1970-01-01 00:00:00.000007039,-0.144393
1970-01-01 00:00:00.000007040,-0.153941
1970-01-01 00:00:00.000007041,-0.138991
1970-01-01 00:00:00.000007042,-0.108079
1970-01-01 00:00:00.000007043,-0.070775
1970-01-01 00:00:00.000007044,-0.0558279999999999
1970-01-01 00:00:00.000007045,-0.050449
1970-01-01 00:00:00.000007046,-0.060894
1970-01-01 00:00:00.000007047,-0.07151
1970-01-01 00:00:00.000007048,-0.071479
1970-01-01 00:00:00.000007049,-0.077859
1970-01-01 00:00:00.000007050,-0.082105
1970-01-01 00:00:00.000007051,-0.090639
1970-01-01 00:00:00.000007052,-0.0885389999999999
1970-01-01 00:00:00.000007053,-0.081123
1970-01-01 00:00:00.000007054,-0.070509
1970-01-01 00:00:00.000007055,-0.051351
1970-01-01 00:00:00.000007056,-0.032149
1970-01-01 00:00:00.000007057,-0.022519
1970-01-01 00:00:00.000007058,-0.029905
1970-01-01 00:00:00.000007059,-0.043651
1970-01-01 00:00:00.000007060,-0.056324
1970-01-01 00:00:00.000007061,-0.083935
1970-01-01 00:00:00.000007062,-0.127578
1970-01-01 00:00:00.000007063,-0.173413
1970-01-01 00:00:00.000007064,-0.211853
1970-01-01 00:00:00.000007065,-0.223692
1970-01-01 00:00:00.000007066,-0.202461
1970-01-01 00:00:00.000007067,-0.158834
1970-01-01 00:00:00.000007068,-0.103448
1970-01-01 00:00:00.000007069,-0.052302
1970-01-01 00:00:00.000007070,-0.019262
1970-01-01 00:00:00.000007071,-0.0086129999999999
1970-01-01 00:00:00.000007072,-0.037369
1970-01-01 00:00:00.000007073,-0.083176
1970-01-01 00:00:00.000007074,-0.109813
1970-01-01 00:00:00.000007075,-0.100255
1970-01-01 00:00:00.000007076,-0.06724
1970-01-01 00:00:00.000007077,-0.024645
1970-01-01 00:00:00.000007078,0.015821
1970-01-01 00:00:00.000007079,0.030724
1970-01-01 00:00:00.000007080,0.032866
1970-01-01 00:00:00.000007081,0.043542
1970-01-01 00:00:00.000007082,0.069132
1970-01-01 00:00:00.000007083,0.091525
1970-01-01 00:00:00.000007084,0.1032759999999999
1970-01-01 00:00:00.000007085,0.095846
1970-01-01 00:00:00.000007086,0.086288
1970-01-01 00:00:00.000007087,0.076713
1970-01-01 00:00:00.000007088,0.084175
1970-01-01 00:00:00.000007089,0.09056
1970-01-01 00:00:00.000007090,0.088419
1970-01-01 00:00:00.000007091,0.076712
1970-01-01 00:00:00.000007092,0.067128
1970-01-01 00:00:00.000007093,0.063925
1970-01-01 00:00:00.000007094,0.069235
1970-01-01 00:00:00.000007095,0.071362
1970-01-01 00:00:00.000007096,0.0617809999999999
1970-01-01 00:00:00.000007097,0.04581
1970-01-01 00:00:00.000007098,0.0319589999999999
1970-01-01 00:00:00.000007099,0.025547
1970-01-01 00:00:00.000007100,0.024475
1970-01-01 00:00:00.000007101,0.017043
1970-01-01 00:00:00.000007102,-0.0031829999999999
1970-01-01 00:00:00.000007103,-0.021277
1970-01-01 00:00:00.000007104,-0.030873
1970-01-01 00:00:00.000007105,-0.030905
1970-01-01 00:00:00.000007106,-0.032005
1970-01-01 00:00:00.000007107,-0.032031
1970-01-01 00:00:00.000007108,-0.034172
1970-01-01 00:00:00.000007109,-0.03526
1970-01-01 00:00:00.000007110,-0.031027
1970-01-01 00:00:00.000007111,-0.019329
1970-01-01 00:00:00.000007112,-0.008673
1970-01-01 00:00:00.000007113,-0.006522
1970-01-01 00:00:00.000007114,-0.006493
1970-01-01 00:00:00.000007115,-0.010739
1970-01-01 00:00:00.000007116,-0.012834
1970-01-01 00:00:00.000007117,-0.009615
1970-01-01 00:00:00.000007118,-0.004266
1970-01-01 00:00:00.000007119,-0.001056
1970-01-01 00:00:00.000007120,0.005344
1970-01-01 00:00:00.000007121,0.006374
1970-01-01 00:00:00.000007122,0.0041979999999999
1970-01-01 00:00:00.000007123,0.005222
1970-01-01 00:00:00.000007124,0.014783
1970-01-01 00:00:00.000007125,0.019002
1970-01-01 00:00:00.000007126,0.013655
1970-01-01 00:00:00.000007127,0.004059
1970-01-01 00:00:00.000007128,-0.011916
1970-01-01 00:00:00.000007129,-0.022546
1970-01-01 00:00:00.000007130,-0.0299709999999999
1970-01-01 00:00:00.000007131,-0.040602
1970-01-01 00:00:00.000007132,-0.046135
1970-01-01 00:00:00.000007133,-0.049321
1970-01-01 00:00:00.000007134,-0.0599679999999999
1970-01-01 00:00:00.000007135,-0.067432
1970-01-01 00:00:00.000007136,-0.056802
1970-01-01 00:00:00.000007137,-0.051533
1970-01-01 00:00:00.000007138,-0.054773
1970-01-01 00:00:00.000007139,-0.04841
1970-01-01 00:00:00.000007140,-0.038851
1970-01-01 00:00:00.000007141,-0.026122
1970-01-01 00:00:00.000007142,-0.0166
1970-01-01 00:00:00.000007143,-0.031516
1970-01-01 00:00:00.000007144,-0.050692
1970-01-01 00:00:00.000007145,-0.0592059999999999
1970-01-01 00:00:00.000007146,-0.061308
1970-01-01 00:00:00.000007147,-0.0538419999999999
1970-01-01 00:00:00.000007148,-0.064497
1970-01-01 00:00:00.000007149,-0.09733
1970-01-01 00:00:00.000007150,-0.113316
1970-01-01 00:00:00.000007151,-0.099499
1970-01-01 00:00:00.000007152,-0.067565
1970-01-01 00:00:00.000007153,-0.0260129999999999
1970-01-01 00:00:00.000007154,0.025155
1970-01-01 00:00:00.000007155,0.078495
1970-01-01 00:00:00.000007156,0.140425
1970-01-01 00:00:00.000007157,0.075938
1970-01-01 00:00:00.000007158,-0.168933
1970-01-01 00:00:00.000007159,-0.455626
1970-01-01 00:00:00.000007160,-0.594028
1970-01-01 00:00:00.000007161,-0.5536399999999999
1970-01-01 00:00:00.000007162,-0.429284
1970-01-01 00:00:00.000007163,-0.316586
1970-01-01 00:00:00.000007164,-0.244202
1970-01-01 00:00:00.000007165,-0.217515
1970-01-01 00:00:00.000007166,-0.304907
1970-01-01 00:00:00.000007167,-0.3891
1970-01-01 00:00:00.000007168,-0.334803
1970-01-01 00:00:00.000007169,-0.152646
1970-01-01 00:00:00.000007170,0.009384
1970-01-01 00:00:00.000007171,-0.0619929999999999
1970-01-01 00:00:00.000007172,-0.320269
1970-01-01 00:00:00.000007173,-0.367503
1970-01-01 00:00:00.000007174,-0.505267
1970-01-01 00:00:00.000007175,-0.739545
1970-01-01 00:00:00.000007176,-0.704563
1970-01-01 00:00:00.000007177,-0.490903
1970-01-01 00:00:00.000007178,-0.305721
1970-01-01 00:00:00.000007179,-0.1426089999999999
1970-01-01 00:00:00.000007180,0.077183
1970-01-01 00:00:00.000007181,0.323337
1970-01-01 00:00:00.000007182,-0.129801
1970-01-01 00:00:00.000007183,-1.202989
1970-01-01 00:00:00.000007184,-1.618366
1970-01-01 00:00:00.000007185,-0.851635
1970-01-01 00:00:00.000007186,-0.578735
1970-01-01 00:00:00.000007187,-0.7443649999999999
1970-01-01 00:00:00.000007188,-0.765556
1970-01-01 00:00:00.000007189,-0.101105
1970-01-01 00:00:00.000007190,0.563077
1970-01-01 00:00:00.000007191,0.655064
1970-01-01 00:00:00.000007192,0.288434
1970-01-01 00:00:00.000007193,-0.099138
1970-01-01 00:00:00.000007194,-0.259641
1970-01-01 00:00:00.000007195,-0.221532
1970-01-01 00:00:00.000007196,-0.232051
1970-01-01 00:00:00.000007197,-0.434533
1970-01-01 00:00:00.000007198,-0.639889
1970-01-01 00:00:00.000007199,-0.6144649999999999
1970-01-01 00:00:00.000007200,-0.490868
1970-01-01 00:00:00.000007201,-0.358315
1970-01-01 00:00:00.000007202,-0.222042
1970-01-01 00:00:00.000007203,-0.072599
1970-01-01 00:00:00.000007204,-0.045672
1970-01-01 00:00:00.000007205,0.01279
1970-01-01 00:00:00.000007206,0.197685
1970-01-01 00:00:00.000007207,0.529227
1970-01-01 00:00:00.000007208,0.543104
1970-01-01 00:00:00.000007209,0.226842
1970-01-01 00:00:00.000007210,-0.085355
1970-01-01 00:00:00.000007211,-0.5174810000000001
1970-01-01 00:00:00.000007212,-0.5337069999999999
1970-01-01 00:00:00.000007213,-0.005938
1970-01-01 00:00:00.000007214,0.255665
1970-01-01 00:00:00.000007215,0.035038
1970-01-01 00:00:00.000007216,-0.323464
1970-01-01 00:00:00.000007217,-0.534863
1970-01-01 00:00:00.000007218,-0.493126
1970-01-01 00:00:00.000007219,-0.361014
1970-01-01 00:00:00.000007220,-0.239461
1970-01-01 00:00:00.000007221,-0.22127
1970-01-01 00:00:00.000007222,-0.213788
1970-01-01 00:00:00.000007223,-0.136017
1970-01-01 00:00:00.000007224,-0.049766
1970-01-01 00:00:00.000007225,0.0130669999999999
1970-01-01 00:00:00.000007226,0.019491
1970-01-01 00:00:00.000007227,-0.001839
1970-01-01 00:00:00.000007228,0.010937
1970-01-01 00:00:00.000007229,0.058891
1970-01-01 00:00:00.000007230,0.092971
1970-01-01 00:00:00.000007231,0.129167
1970-01-01 00:00:00.000007232,0.151605
1970-01-01 00:00:00.000007233,0.138875
1970-01-01 00:00:00.000007234,0.173003
1970-01-01 00:00:00.000007235,0.204982
1970-01-01 00:00:00.000007236,0.1623349999999999
1970-01-01 00:00:00.000007237,0.103738
1970-01-01 00:00:00.000007238,0.0568929999999999
1970-01-01 00:00:00.000007239,0.040906
1970-01-01 00:00:00.000007240,0.087742
1970-01-01 00:00:00.000007241,0.107922
1970-01-01 00:00:00.000007242,0.075934
1970-01-01 00:00:00.000007243,0.05672
1970-01-01 00:00:00.000007244,0.042876
1970-01-01 00:00:00.000007245,0.036496
1970-01-01 00:00:00.000007246,0.004604
1970-01-01 00:00:00.000007247,-0.0497079999999999
1970-01-01 00:00:00.000007248,-0.05083
1970-01-01 00:00:00.000007249,-0.015798
1970-01-01 00:00:00.000007250,0.039504
1970-01-01 00:00:00.000007251,0.080024
1970-01-01 00:00:00.000007252,0.046049
1970-01-01 00:00:00.000007253,-0.041137
1970-01-01 00:00:00.000007254,-0.097442
1970-01-01 00:00:00.000007255,-0.101675
1970-01-01 00:00:00.000007256,-0.099605
1970-01-01 00:00:00.000007257,-0.089029
1970-01-01 00:00:00.000007258,-0.076283
1970-01-01 00:00:00.000007259,-0.03582
1970-01-01 00:00:00.000007260,-0.000675
1970-01-01 00:00:00.000007261,0.001392
1970-01-01 00:00:00.000007262,0.019452
1970-01-01 00:00:00.000007263,0.0216069999999999
1970-01-01 00:00:00.000007264,0.014225
1970-01-01 00:00:00.000007265,0.011139
1970-01-01 00:00:00.000007266,-0.0004559999999999
1970-01-01 00:00:00.000007267,-0.046188
1970-01-01 00:00:00.000007268,-0.085584
1970-01-01 00:00:00.000007269,-0.092981
1970-01-01 00:00:00.000007270,-0.074896
1970-01-01 00:00:00.000007271,-0.07171
1970-01-01 00:00:00.000007272,-0.083501
1970-01-01 00:00:00.000007273,-0.084759
1970-01-01 00:00:00.000007274,-0.046603
1970-01-01 00:00:00.000007275,0.002274
1970-01-01 00:00:00.000007276,0.000182
1970-01-01 00:00:00.000007277,0.000206
1970-01-01 00:00:00.000007278,0.063083
1970-01-01 00:00:00.000007279,0.084461
1970-01-01 00:00:00.000007280,0.0376839999999999
1970-01-01 00:00:00.000007281,0.010009
1970-01-01 00:00:00.000007282,0.035616
1970-01-01 00:00:00.000007283,0.066541
1970-01-01 00:00:00.000007284,0.066578
1970-01-01 00:00:00.000007285,0.031454
1970-01-01 00:00:00.000007286,0.029283
1970-01-01 00:00:00.000007287,0.057921
1970-01-01 00:00:00.000007288,0.097158
1970-01-01 00:00:00.000007289,0.155603
1970-01-01 00:00:00.000007290,0.186367
1970-01-01 00:00:00.000007291,0.16829
1970-01-01 00:00:00.000007292,0.156659
1970-01-01 00:00:00.000007293,0.203589
1970-01-01 00:00:00.000007294,0.202667
1970-01-01 00:00:00.000007295,0.147503
1970-01-01 00:00:00.000007296,0.135802
1970-01-01 00:00:00.000007297,0.153894
1970-01-01 00:00:00.000007298,0.152847
1970-01-01 00:00:00.000007299,0.190135
1970-01-01 00:00:00.000007300,0.196458
1970-01-01 00:00:00.000007301,0.1665829999999999
1970-01-01 00:00:00.000007302,0.103838
1970-01-01 00:00:00.000007303,-0.007888
1970-01-01 00:00:00.000007304,-0.041743
1970-01-01 00:00:00.000007305,0.023121
1970-01-01 00:00:00.000007306,0.083701
1970-01-01 00:00:00.000007307,0.033592
1970-01-01 00:00:00.000007308,-0.102736
1970-01-01 00:00:00.000007309,-0.163518
1970-01-01 00:00:00.000007310,-0.001769
1970-01-01 00:00:00.000007311,0.231382
1970-01-01 00:00:00.000007312,0.251528
1970-01-01 00:00:00.000007313,0.137666
1970-01-01 00:00:00.000007314,0.022691
1970-01-01 00:00:00.000007315,-0.050749
1970-01-01 00:00:00.000007316,-0.070874
1970-01-01 00:00:00.000007317,-0.010018
1970-01-01 00:00:00.000007318,0.011423
1970-01-01 00:00:00.000007319,-0.02786
1970-01-01 00:00:00.000007320,-0.044843
1970-01-01 00:00:00.000007321,-0.056546
1970-01-01 00:00:00.000007322,-0.068286
1970-01-01 00:00:00.000007323,-0.071543
1970-01-01 00:00:00.000007324,-0.084475
1970-01-01 00:00:00.000007325,-0.065445
1970-01-01 00:00:00.000007326,-0.024021
1970-01-01 00:00:00.000007327,-0.021933
1970-01-01 00:00:00.000007328,-0.054946
1970-01-01 00:00:00.000007329,-0.060232
1970-01-01 00:00:00.000007330,-0.048491
1970-01-01 00:00:00.000007331,-0.058083
1970-01-01 00:00:00.000007332,-0.074063
1970-01-01 00:00:00.000007333,-0.085794
1970-01-01 00:00:00.000007334,-0.093237
1970-01-01 00:00:00.000007335,-0.095334
1970-01-01 00:00:00.000007336,-0.110174
1970-01-01 00:00:00.000007337,-0.106946
1970-01-01 00:00:00.000007338,-0.084562
1970-01-01 00:00:00.000007339,-0.085654
1970-01-01 00:00:00.000007340,-0.08672
1970-01-01 00:00:00.000007341,-0.0643799999999999
1970-01-01 00:00:00.000007342,-0.034585
1970-01-01 00:00:00.000007343,-0.010119
1970-01-01 00:00:00.000007344,0.02502
1970-01-01 00:00:00.000007345,0.030318
1970-01-01 00:00:00.000007346,0.033505
1970-01-01 00:00:00.000007347,0.050585
1970-01-01 00:00:00.000007348,0.048516
1970-01-01 00:00:00.000007349,0.031546
1970-01-01 00:00:00.000007350,0.03053
1970-01-01 00:00:00.000007351,0.0359019999999999
1970-01-01 00:00:00.000007352,0.036483
1970-01-01 00:00:00.000007353,0.040752
1970-01-01 00:00:00.000007354,0.0567299999999999
1970-01-01 00:00:00.000007355,0.059772
1970-01-01 00:00:00.000007356,0.0661419999999999
1970-01-01 00:00:00.000007357,0.092701
1970-01-01 00:00:00.000007358,0.1181619999999999
1970-01-01 00:00:00.000007359,0.124477
1970-01-01 00:00:00.000007360,0.10522
1970-01-01 00:00:00.000007361,0.064686
1970-01-01 00:00:00.000007362,0.021616
1970-01-01 00:00:00.000007363,0.001425
1970-01-01 00:00:00.000007364,0.0302029999999999
1970-01-01 00:00:00.000007365,0.048329
1970-01-01 00:00:00.000007366,0.035591
1970-01-01 00:00:00.000007367,0.006898
1970-01-01 00:00:00.000007368,0.003767
1970-01-01 00:00:00.000007369,-0.001515
1970-01-01 00:00:00.000007370,-0.013669
1970-01-01 00:00:00.000007371,-0.033839
1970-01-01 00:00:00.000007372,-0.049749
1970-01-01 00:00:00.000007373,-0.06145
1970-01-01 00:00:00.000007374,-0.0689559999999999
1970-01-01 00:00:00.000007375,-0.084987
1970-01-01 00:00:00.000007376,-0.087214
1970-01-01 00:00:00.000007377,-0.028741
1970-01-01 00:00:00.000007378,0.022296
1970-01-01 00:00:00.000007379,0.031508
1970-01-01 00:00:00.000007380,-0.008954
1970-01-01 00:00:00.000007381,-0.014254
1970-01-01 00:00:00.000007382,0.01771
1970-01-01 00:00:00.000007383,0.039027
1970-01-01 00:00:00.000007384,0.033731
1970-01-01 00:00:00.000007385,0.0146
1970-01-01 00:00:00.000007386,-0.0065829999999999
1970-01-01 00:00:00.000007387,-0.006566
1970-01-01 00:00:00.000007388,-0.0023239999999999
1970-01-01 00:00:00.000007389,-0.005536
1970-01-01 00:00:00.000007390,0.005068
1970-01-01 00:00:00.000007391,0.0391139999999999
1970-01-01 00:00:00.000007392,0.083807
1970-01-01 00:00:00.000007393,0.073133
1970-01-01 00:00:00.000007394,0.04043
1970-01-01 00:00:00.000007395,0.021289
1970-01-01 00:00:00.000007396,0.019176
1970-01-01 00:00:00.000007397,0.014943
1970-01-01 00:00:00.000007398,0.012822
1970-01-01 00:00:00.000007399,0.022432
1970-01-01 00:00:00.000007400,0.0299259999999999
1970-01-01 00:00:00.000007401,0.01934
1970-01-01 00:00:00.000007402,0.0133419999999999
1970-01-01 00:00:00.000007403,0.003828
1970-01-01 00:00:00.000007404,-0.0067769999999999
1970-01-01 00:00:00.000007405,-0.012087
1970-01-01 00:00:00.000007406,-0.0259529999999999
1970-01-01 00:00:00.000007407,-0.043066
1970-01-01 00:00:00.000007408,-0.02185
1970-01-01 00:00:00.000007409,0.0387589999999999
1970-01-01 00:00:00.000007410,0.083393
1970-01-01 00:00:00.000007411,0.092883
1970-01-01 00:00:00.000007412,0.079051
1970-01-01 00:00:00.000007413,0.076931
1970-01-01 00:00:00.000007414,0.058821
1970-01-01 00:00:00.000007415,0.010922
1970-01-01 00:00:00.000007416,-0.001837
1970-01-01 00:00:00.000007417,-0.01032
1970-01-01 00:00:00.000007418,-0.017831
1970-01-01 00:00:00.000007419,-0.003958
1970-01-01 00:00:00.000007420,0.004556
1970-01-01 00:00:00.000007421,0.014119
1970-01-01 00:00:00.000007422,0.021555
1970-01-01 00:00:00.000007423,0.0279449999999999
1970-01-01 00:00:00.000007424,0.019425
1970-01-01 00:00:00.000007425,0.013053
1970-01-01 00:00:00.000007426,0.004539
1970-01-01 00:00:00.000007427,-0.00533
1970-01-01 00:00:00.000007428,-0.017057
1970-01-01 00:00:00.000007429,-0.022384
1970-01-01 00:00:00.000007430,-0.009602
1970-01-01 00:00:00.000007431,-0.00215
1970-01-01 00:00:00.000007432,-0.002147
1970-01-01 00:00:00.000007433,-0.001078
1970-01-01 00:00:00.000007434,-0.011106
1970-01-01 00:00:00.000007435,-0.012179
1970-01-01 00:00:00.000007436,-0.010045
1970-01-01 00:00:00.000007437,-0.007902
1970-01-01 00:00:00.000007438,-0.010029
1970-01-01 00:00:00.000007439,-0.014294
1970-01-01 00:00:00.000007440,-0.0089819999999999
1970-01-01 00:00:00.000007441,-0.007928
1970-01-01 00:00:00.000007442,-0.0051119999999999
1970-01-01 00:00:00.000007443,0.000206
1970-01-01 00:00:00.000007444,-0.0051119999999999
1970-01-01 00:00:00.000007445,-0.008292
1970-01-01 00:00:00.000007446,-0.004031
1970-01-01 00:00:00.000007447,0.002356
1970-01-01 00:00:00.000007448,0.000226
1970-01-01 00:00:00.000007449,-0.008296
1970-01-01 00:00:00.000007450,-0.010011
1970-01-01 00:00:00.000007451,-0.004672
1970-01-01 00:00:00.000007452,-0.002534
1970-01-01 00:00:00.000007453,-0.003599
1970-01-01 00:00:00.000007454,-0.005738
1970-01-01 00:00:00.000007455,-0.007861
1970-01-01 00:00:00.000007456,-0.008923
1970-01-01 00:00:00.000007457,-0.003589
1970-01-01 00:00:00.000007458,-0.005695
1970-01-01 00:00:00.000007459,-0.001948
1970-01-01 00:00:00.000007460,-0.008331
1970-01-01 00:00:00.000007461,-0.00834
1970-01-01 00:00:00.000007462,-0.005145
1970-01-01 00:00:00.000007463,-0.010444
1970-01-01 00:00:00.000007464,-0.01364
1970-01-01 00:00:00.000007465,-0.0019379999999999
1970-01-01 00:00:00.000007466,0.004158
1970-01-01 00:00:00.000007467,0.00735
1970-01-01 00:00:00.000007468,0.002016
1970-01-01 00:00:00.000007469,0.00414
1970-01-01 00:00:00.000007470,0.009472
1970-01-01 00:00:00.000007471,0.014802
1970-01-01 00:00:00.000007472,0.020127
1970-01-01 00:00:00.000007473,0.013757
1970-01-01 00:00:00.000007474,0.0041789999999999
1970-01-01 00:00:00.000007475,-0.0001699999999999
1970-01-01 00:00:00.000007476,-0.005499
1970-01-01 00:00:00.000007477,-0.0161639999999999
1970-01-01 00:00:00.000007478,-0.032173
1970-01-01 00:00:00.000007479,-0.037514
1970-01-01 00:00:00.000007480,-0.041785
1970-01-01 00:00:00.000007481,-0.04605
1970-01-01 00:00:00.000007482,-0.054558
1970-01-01 00:00:00.000007483,-0.05987
1970-01-01 00:00:00.000007484,-0.056659
1970-01-01 00:00:00.000007485,-0.066222
1970-01-01 00:00:00.000007486,-0.070459
1970-01-01 00:00:00.000007487,-0.068302
1970-01-01 00:00:00.000007488,-0.059748
1970-01-01 00:00:00.000007489,-0.043772
1970-01-01 00:00:00.000007490,-0.0341029999999999
1970-01-01 00:00:00.000007491,-0.013907
1970-01-01 00:00:00.000007492,0.004159
1970-01-01 00:00:00.000007493,0.004146
1970-01-01 00:00:00.000007494,0.010527
1970-01-01 00:00:00.000007495,0.0265089999999999
1970-01-01 00:00:00.000007496,0.042486
1970-01-01 00:00:00.000007497,0.054219
1970-01-01 00:00:00.000007498,0.06285
1970-01-01 00:00:00.000007499,0.050074
1970-01-01 00:00:00.000007500,0.046892
1970-01-01 00:00:00.000007501,0.047961
1970-01-01 00:00:00.000007502,0.052222
1970-01-01 00:00:00.000007503,0.053282
1970-01-01 00:00:00.000007504,0.052202
1970-01-01 00:00:00.000007505,0.048983
1970-01-01 00:00:00.000007506,0.03622
1970-01-01 00:00:00.000007507,0.029847
1970-01-01 00:00:00.000007508,0.028782
1970-01-01 00:00:00.000007509,0.030916
1970-01-01 00:00:00.000007510,0.028781
1970-01-01 00:00:00.000007511,0.024539
1970-01-01 00:00:00.000007512,0.019216
1970-01-01 00:00:00.000007513,0.011775
1970-01-01 00:00:00.000007514,0.004595
1970-01-01 00:00:00.000007515,0.003512
1970-01-01 00:00:00.000007516,-0.000772
1970-01-01 00:00:00.000007517,-0.008236
1970-01-01 00:00:00.000007518,-0.002921
1970-01-01 00:00:00.000007519,-0.00079
1970-01-01 00:00:00.000007520,-0.0039829999999999
1970-01-01 00:00:00.000007521,-0.006132
1970-01-01 00:00:00.000007522,-0.006451
1970-01-01 00:00:00.000007523,-0.00752
1970-01-01 00:00:00.000007524,0.005259
1970-01-01 00:00:00.000007525,0.001017
1970-01-01 00:00:00.000007526,-0.009642
1970-01-01 00:00:00.000007527,-0.013899
1970-01-01 00:00:00.000007528,-0.0171039999999999
1970-01-01 00:00:00.000007529,-0.014975
1970-01-01 00:00:00.000007530,-0.007148
1970-01-01 00:00:00.000007531,-0.00714
1970-01-01 00:00:00.000007532,-0.009259
1970-01-01 00:00:00.000007533,-0.007137
1970-01-01 00:00:00.000007534,-0.003952
1970-01-01 00:00:00.000007535,0.00139
1970-01-01 00:00:00.000007536,0.004593
1970-01-01 00:00:00.000007537,0.0014089999999999
1970-01-01 00:00:00.000007538,0.007533
1970-01-01 00:00:00.000007539,0.007525
1970-01-01 00:00:00.000007540,0.005406
1970-01-01 00:00:00.000007541,0.005395
1970-01-01 00:00:00.000007542,0.002194
1970-01-01 00:00:00.000007543,0.005374
1970-01-01 00:00:00.000007544,0.005378
1970-01-01 00:00:00.000007545,0.008581
1970-01-01 00:00:00.000007546,0.011322
1970-01-01 00:00:00.000007547,0.012404
1970-01-01 00:00:00.000007548,0.013465
1970-01-01 00:00:00.000007549,0.0155889999999999
1970-01-01 00:00:00.000007550,0.010256
1970-01-01 00:00:00.000007551,0.000647
1970-01-01 00:00:00.000007552,0.000616
1970-01-01 00:00:00.000007553,0.005939
1970-01-01 00:00:00.000007554,0.016595
1970-01-01 00:00:00.000007555,0.0130979999999999
1970-01-01 00:00:00.000007556,0.00886
1970-01-01 00:00:00.000007557,0.013131
1970-01-01 00:00:00.000007558,0.015269
1970-01-01 00:00:00.000007559,0.012081
1970-01-01 00:00:00.000007560,0.017388
1970-01-01 00:00:00.000007561,0.01314
1970-01-01 00:00:00.000007562,0.017276
1970-01-01 00:00:00.000007563,0.00339
1970-01-01 00:00:00.000007564,0.005504
1970-01-01 00:00:00.000007565,0.0118909999999999
1970-01-01 00:00:00.000007566,0.008729
1970-01-01 00:00:00.000007567,0.017266
1970-01-01 00:00:00.000007568,0.0204729999999999
1970-01-01 00:00:00.000007569,0.013066
1970-01-01 00:00:00.000007570,0.005589
1970-01-01 00:00:00.000007571,0.010923
1970-01-01 00:00:00.000007572,0.018361
1970-01-01 00:00:00.000007573,0.0151449999999999
1970-01-01 00:00:00.000007574,0.0204139999999999
1970-01-01 00:00:00.000007575,0.032089
1970-01-01 00:00:00.000007576,0.042718
1970-01-01 00:00:00.000007577,0.051236
1970-01-01 00:00:00.000007578,0.053374
1970-01-01 00:00:00.000007579,0.036251
1970-01-01 00:00:00.000007580,0.023511
1970-01-01 00:00:00.000007581,0.020343
1970-01-01 00:00:00.000007582,0.0161
1970-01-01 00:00:00.000007583,0.0150319999999999
1970-01-01 00:00:00.000007584,0.01715
1970-01-01 00:00:00.000007585,0.019281
1970-01-01 00:00:00.000007586,0.013798
1970-01-01 00:00:00.000007587,0.008511
1970-01-01 00:00:00.000007588,0.005315
1970-01-01 00:00:00.000007589,0.015954
1970-01-01 00:00:00.000007590,0.019126
1970-01-01 00:00:00.000007591,0.021248
1970-01-01 00:00:00.000007592,0.028699
1970-01-01 00:00:00.000007593,0.028685
1970-01-01 00:00:00.000007594,0.029731
1970-01-01 00:00:00.000007595,0.039064
1970-01-01 00:00:00.000007596,0.040129
1970-01-01 00:00:00.000007597,0.032694
1970-01-01 00:00:00.000007598,0.030568
1970-01-01 00:00:00.000007599,0.006076
1970-01-01 00:00:00.000007600,0.021013
1970-01-01 00:00:00.000007601,0.032688
1970-01-01 00:00:00.000007602,0.029491
1970-01-01 00:00:00.000007603,0.0228039999999999
1970-01-01 00:00:00.000007604,0.036644
1970-01-01 00:00:00.000007605,0.040905
1970-01-01 00:00:00.000007606,0.041967
1970-01-01 00:00:00.000007607,0.036647
1970-01-01 00:00:00.000007608,0.038769
1970-01-01 00:00:00.000007609,0.014283
1970-01-01 00:00:00.000007610,0.033457
1970-01-01 00:00:00.000007611,0.042548
1970-01-01 00:00:00.000007612,0.036153
1970-01-01 00:00:00.000007613,0.028689
1970-01-01 00:00:00.000007614,0.019105
1970-01-01 00:00:00.000007615,0.015897
1970-01-01 00:00:00.000007616,0.015894
1970-01-01 00:00:00.000007617,0.014828
1970-01-01 00:00:00.000007618,0.004187
1970-01-01 00:00:00.000007619,0.01426
1970-01-01 00:00:00.000007620,0.009999
1970-01-01 00:00:00.000007621,0.004677
1970-01-01 00:00:00.000007622,0.008927
1970-01-01 00:00:00.000007623,0.009989
1970-01-01 00:00:00.000007624,0.006797
1970-01-01 00:00:00.000007625,0.002544
1970-01-01 00:00:00.000007626,-0.006103
1970-01-01 00:00:00.000007627,-0.011425
1970-01-01 00:00:00.000007628,-0.007168
1970-01-01 00:00:00.000007629,-0.000774
1970-01-01 00:00:00.000007630,0.00456
1970-01-01 00:00:00.000007631,0.0066939999999999
1970-01-01 00:00:00.000007632,0.000314
1970-01-01 00:00:00.000007633,-0.001811
1970-01-01 00:00:00.000007634,0.001731
1970-01-01 00:00:00.000007635,0.009204
1970-01-01 00:00:00.000007636,0.009242
1970-01-01 00:00:00.000007637,0.004988
1970-01-01 00:00:00.000007638,0.0070989999999999
1970-01-01 00:00:00.000007639,0.011325
1970-01-01 00:00:00.000007640,0.0134759999999999
1970-01-01 00:00:00.000007641,0.015608
1970-01-01 00:00:00.000007642,0.011336
1970-01-01 00:00:00.000007643,-0.006575
1970-01-01 00:00:00.000007644,-0.009793
1970-01-01 00:00:00.000007645,0.004079
1970-01-01 00:00:00.000007646,0.024324
1970-01-01 00:00:00.000007647,0.038172
1970-01-01 00:00:00.000007648,0.013681
1970-01-01 00:00:00.000007649,-0.022514
1970-01-01 00:00:00.000007650,-0.032105
1970-01-01 00:00:00.000007651,-0.02015
1970-01-01 00:00:00.000007652,0.003249
1970-01-01 00:00:00.000007653,0.008548
1970-01-01 00:00:00.000007654,0.0011
1970-01-01 00:00:00.000007655,1.3e-05
1970-01-01 00:00:00.000007656,-0.0031969999999999
1970-01-01 00:00:00.000007657,-0.005309
1970-01-01 00:00:00.000007658,-0.007999
1970-01-01 00:00:00.000007659,-0.009059
1970-01-01 00:00:00.000007660,-0.00907
1970-01-01 00:00:00.000007661,0.003649
1970-01-01 00:00:00.000007662,0.011059
1970-01-01 00:00:00.000007663,0.009992
1970-01-01 00:00:00.000007664,-0.010213
1970-01-01 00:00:00.000007665,-0.028292
1970-01-01 00:00:00.000007666,-0.025483
1970-01-01 00:00:00.000007667,-0.013775
1970-01-01 00:00:00.000007668,-0.016957
1970-01-01 00:00:00.000007669,-0.0211979999999999
1970-01-01 00:00:00.000007670,-0.016922
1970-01-01 00:00:00.000007671,-0.012684
1970-01-01 00:00:00.000007672,-0.014831
1970-01-01 00:00:00.000007673,-0.012709
1970-01-01 00:00:00.000007674,-0.013762
1970-01-01 00:00:00.000007675,-0.0151069999999999
1970-01-01 00:00:00.000007676,-0.02146
1970-01-01 00:00:00.000007677,-0.032104
1970-01-01 00:00:00.000007678,-0.033229
1970-01-01 00:00:00.000007679,-0.038583
1970-01-01 00:00:00.000007680,-0.033279
1970-01-01 00:00:00.000007681,-0.01624
1970-01-01 00:00:00.000007682,-0.013279
1970-01-01 00:00:00.000007683,-0.012188
1970-01-01 00:00:00.000007684,-0.014273
1970-01-01 00:00:00.000007685,-0.015305
1970-01-01 00:00:00.000007686,-0.015309
1970-01-01 00:00:00.000007687,-0.001472
1970-01-01 00:00:00.000007688,0.019812
1970-01-01 00:00:00.000007689,0.031516
1970-01-01 00:00:00.000007690,0.0291839999999999
1970-01-01 00:00:00.000007691,0.029125
1970-01-01 00:00:00.000007692,0.036584
1970-01-01 00:00:00.000007693,0.051551
1970-01-01 00:00:00.000007694,0.0548409999999999
1970-01-01 00:00:00.000007695,0.0219259999999999
1970-01-01 00:00:00.000007696,0.02188
1970-01-01 00:00:00.000007697,0.0601919999999999
1970-01-01 00:00:00.000007698,0.080422
1970-01-01 00:00:00.000007699,0.083591
1970-01-01 00:00:00.000007700,0.056953
1970-01-01 00:00:00.000007701,0.0367199999999999
1970-01-01 00:00:00.000007702,0.025027
1970-01-01 00:00:00.000007703,0.023951
1970-01-01 00:00:00.000007704,0.034556
1970-01-01 00:00:00.000007705,0.04841
1970-01-01 00:00:00.000007706,0.0582149999999999
1970-01-01 00:00:00.000007707,0.0061
1970-01-01 00:00:00.000007708,0.0146419999999999
1970-01-01 00:00:00.000007709,0.022063
1970-01-01 00:00:00.000007710,0.013559
1970-01-01 00:00:00.000007711,-0.0301089999999999
1970-01-01 00:00:00.000007712,0.010268
1970-01-01 00:00:00.000007713,0.02835
1970-01-01 00:00:00.000007714,0.034711
1970-01-01 00:00:00.000007715,0.021214
1970-01-01 00:00:00.000007716,0.004146
1970-01-01 00:00:00.000007717,-0.003317
1970-01-01 00:00:00.000007718,0.0073219999999999
1970-01-01 00:00:00.000007719,0.028602
1970-01-01 00:00:00.000007720,0.052022
1970-01-01 00:00:00.000007721,0.044637
1970-01-01 00:00:00.000007722,0.0159419999999999
1970-01-01 00:00:00.000007723,-0.008259
1970-01-01 00:00:00.000007724,-0.022096
1970-01-01 00:00:00.000007725,-0.023188
1970-01-01 00:00:00.000007726,-0.020033
1970-01-01 00:00:00.000007727,0.000148
1970-01-01 00:00:00.000007728,0.009665
1970-01-01 00:00:00.000007729,0.013986
1970-01-01 00:00:00.000007730,0.0127549999999999
1970-01-01 00:00:00.000007731,-0.005258
1970-01-01 00:00:00.000007732,-0.033976
1970-01-01 00:00:00.000007733,-0.031851
1970-01-01 00:00:00.000007734,-0.008449
1970-01-01 00:00:00.000007735,0.001085
1970-01-01 00:00:00.000007736,-0.008564
1970-01-01 00:00:00.000007737,-0.004378
1970-01-01 00:00:00.000007738,0.01687
1970-01-01 00:00:00.000007739,0.025847
1970-01-01 00:00:00.000007740,0.00784
1970-01-01 00:00:00.000007741,-0.028283
1970-01-01 00:00:00.000007742,-0.049564
1970-01-01 00:00:00.000007743,-0.0581
1970-01-01 00:00:00.000007744,-0.055965
1970-01-01 00:00:00.000007745,-0.051686
1970-01-01 00:00:00.000007746,-0.037887
1970-01-01 00:00:00.000007747,-0.022576
1970-01-01 00:00:00.000007748,0.00193
1970-01-01 00:00:00.000007749,0.0030039999999999
1970-01-01 00:00:00.000007750,-0.016176
1970-01-01 00:00:00.000007751,-0.0406339999999999
1970-01-01 00:00:00.000007752,-0.044871
1970-01-01 00:00:00.000007753,-0.045924
1970-01-01 00:00:00.000007754,-0.041249
1970-01-01 00:00:00.000007755,-0.03174
1970-01-01 00:00:00.000007756,-0.020115
1970-01-01 00:00:00.000007757,-0.008468
1970-01-01 00:00:00.000007758,6.8e-05
1970-01-01 00:00:00.000007759,-0.0019879999999999
1970-01-01 00:00:00.000007760,-0.022142
1970-01-01 00:00:00.000007761,-0.039137
1970-01-01 00:00:00.000007762,-0.048018
1970-01-01 00:00:00.000007763,-0.061837
1970-01-01 00:00:00.000007764,-0.071406
1970-01-01 00:00:00.000007765,-0.059734
1970-01-01 00:00:00.000007766,-0.043844
1970-01-01 00:00:00.000007767,-0.038584
1970-01-01 00:00:00.000007768,-0.0120299999999999
1970-01-01 00:00:00.000007769,0.01135
1970-01-01 00:00:00.000007770,0.0178
1970-01-01 00:00:00.000007771,-0.0088849999999999
1970-01-01 00:00:00.000007772,-0.039692
1970-01-01 00:00:00.000007773,-0.057772
1970-01-01 00:00:00.000007774,-0.0588259999999999
1970-01-01 00:00:00.000007775,-0.05776
1970-01-01 00:00:00.000007776,-0.041841
1970-01-01 00:00:00.000007777,-0.018493
1970-01-01 00:00:00.000007778,0.000792
1970-01-01 00:00:00.000007779,0.018858
1970-01-01 00:00:00.000007780,0.017802
1970-01-01 00:00:00.000007781,0.011445
1970-01-01 00:00:00.000007782,-0.005546
1970-01-01 00:00:00.000007783,-0.022562
1970-01-01 00:00:00.000007784,-0.035308
1970-01-01 00:00:00.000007785,-0.038479
1970-01-01 00:00:00.000007786,-0.0306
1970-01-01 00:00:00.000007787,-0.025284
1970-01-01 00:00:00.000007788,-0.022111
1970-01-01 00:00:00.000007789,-0.010431
1970-01-01 00:00:00.000007790,-0.00405
1970-01-01 00:00:00.000007791,-0.001924
1970-01-01 00:00:00.000007792,0.002336
1970-01-01 00:00:00.000007793,0.001285
1970-01-01 00:00:00.000007794,-0.006153
1970-01-01 00:00:00.000007795,-0.008762
1970-01-01 00:00:00.000007796,-0.007697
1970-01-01 00:00:00.000007797,-0.0023829999999999
1970-01-01 00:00:00.000007798,0.002954
1970-01-01 00:00:00.000007799,0.008268
1970-01-01 00:00:00.000007800,0.003994
1970-01-01 00:00:00.000007801,0.001857
1970-01-01 00:00:00.000007802,0.010087
1970-01-01 00:00:00.000007803,0.007956
1970-01-01 00:00:00.000007804,0.011148
1970-01-01 00:00:00.000007805,0.014336
1970-01-01 00:00:00.000007806,0.001556
1970-01-01 00:00:00.000007807,-0.00483
1970-01-01 00:00:00.000007808,-0.004842
1970-01-01 00:00:00.000007809,-0.002724
1970-01-01 00:00:00.000007810,-0.006171
1970-01-01 00:00:00.000007811,-0.00829
1970-01-01 00:00:00.000007812,-0.0082709999999999
1970-01-01 00:00:00.000007813,-0.019982
1970-01-01 00:00:00.000007814,-0.026374
1970-01-01 00:00:00.000007815,-0.025311
1970-01-01 00:00:00.000007816,-0.021049
1970-01-01 00:00:00.000007817,-0.030644
1970-01-01 00:00:00.000007818,-0.02535
1970-01-01 00:00:00.000007819,-0.0119189999999999
1970-01-01 00:00:00.000007820,-0.016173
1970-01-01 00:00:00.000007821,-0.019357
1970-01-01 00:00:00.000007822,-0.016141
1970-01-01 00:00:00.000007823,-0.0129509999999999
1970-01-01 00:00:00.000007824,-0.004444
1970-01-01 00:00:00.000007825,-0.003382
1970-01-01 00:00:00.000007826,-0.012415
1970-01-01 00:00:00.000007827,-0.020939
1970-01-01 00:00:00.000007828,-0.025179
1970-01-01 00:00:00.000007829,-0.0166669999999999
1970-01-01 00:00:00.000007830,-0.01773
1970-01-01 00:00:00.000007831,-0.017745
1970-01-01 00:00:00.000007832,-0.01881
1970-01-01 00:00:00.000007833,-0.020932
1970-01-01 00:00:00.000007834,-0.016335
1970-01-01 00:00:00.000007835,-0.011035
1970-01-01 00:00:00.000007836,-0.011059
1970-01-01 00:00:00.000007837,-0.0078599999999999
1970-01-01 00:00:00.000007838,-0.00997
1970-01-01 00:00:00.000007839,-0.017403
1970-01-01 00:00:00.000007840,-0.015257
1970-01-01 00:00:00.000007841,-0.018469
1970-01-01 00:00:00.000007842,-0.015269
1970-01-01 00:00:00.000007843,-0.015071
1970-01-01 00:00:00.000007844,-0.011878
1970-01-01 00:00:00.000007845,-0.016151
1970-01-01 00:00:00.000007846,-0.017236
1970-01-01 00:00:00.000007847,-0.010843
1970-01-01 00:00:00.000007848,-0.008712
1970-01-01 00:00:00.000007849,-0.0118959999999999
1970-01-01 00:00:00.000007850,-0.010511
1970-01-01 00:00:00.000007851,-0.010498
1970-01-01 00:00:00.000007852,-0.006238
1970-01-01 00:00:00.000007853,-0.005171
1970-01-01 00:00:00.000007854,-0.004117
1970-01-01 00:00:00.000007855,-0.0041119999999999
1970-01-01 00:00:00.000007856,-0.005184
1970-01-01 00:00:00.000007857,-0.0083769999999999
1970-01-01 00:00:00.000007858,0.001205
1970-01-01 00:00:00.000007859,-0.0016239999999999
1970-01-01 00:00:00.000007860,-0.0090739999999999
1970-01-01 00:00:00.000007861,-0.010134
1970-01-01 00:00:00.000007862,-0.008013
1970-01-01 00:00:00.000007863,-0.002698
1970-01-01 00:00:00.000007864,0.0005099999999999
1970-01-01 00:00:00.000007865,-0.000557
1970-01-01 00:00:00.000007866,-0.002693
1970-01-01 00:00:00.000007867,-0.006528
1970-01-01 00:00:00.000007868,-0.006517
1970-01-01 00:00:00.000007869,-0.003309
1970-01-01 00:00:00.000007870,0.003083
1970-01-01 00:00:00.000007871,0.003082
1970-01-01 00:00:00.000007872,-0.0001139999999999
1970-01-01 00:00:00.000007873,-0.001172
1970-01-01 00:00:00.000007874,0.002017
1970-01-01 00:00:00.000007875,0.0045899999999999
1970-01-01 00:00:00.000007876,0.005659
1970-01-01 00:00:00.000007877,0.003532
1970-01-01 00:00:00.000007878,0.000348
1970-01-01 00:00:00.000007879,0.001408
1970-01-01 00:00:00.000007880,0.0088709999999999
1970-01-01 00:00:00.000007881,0.0131539999999999
1970-01-01 00:00:00.000007882,0.010393
1970-01-01 00:00:00.000007883,0.002941
1970-01-01 00:00:00.000007884,-0.001328
1970-01-01 00:00:00.000007885,-0.000277
1970-01-01 00:00:00.000007886,0.005042
1970-01-01 00:00:00.000007887,0.013529
1970-01-01 00:00:00.000007888,0.011377
1970-01-01 00:00:00.000007889,0.006032
1970-01-01 00:00:00.000007890,0.003902
1970-01-01 00:00:00.000007891,-0.004248
1970-01-01 00:00:00.000007892,-0.008462
1970-01-01 00:00:00.000007893,-0.014799
1970-01-01 00:00:00.000007894,-0.019011
1970-01-01 00:00:00.000007895,-0.012641
1970-01-01 00:00:00.000007896,-0.004146
1970-01-01 00:00:00.000007897,0.010739
1970-01-01 00:00:00.000007898,0.017393
1970-01-01 00:00:00.000007899,0.0184389999999999
1970-01-01 00:00:00.000007900,0.014173
1970-01-01 00:00:00.000007901,0.012056
1970-01-01 00:00:00.000007902,0.019508
1970-01-01 00:00:00.000007903,0.020585
1970-01-01 00:00:00.000007904,0.008883
1970-01-01 00:00:00.000007905,0.0035479999999999
1970-01-01 00:00:00.000007906,-0.006038
1970-01-01 00:00:00.000007907,-0.002665
1970-01-01 00:00:00.000007908,0.006914
1970-01-01 00:00:00.000007909,0.003695
1970-01-01 00:00:00.000007910,0.001565
1970-01-01 00:00:00.000007911,-0.01654
1970-01-01 00:00:00.000007912,-0.021877
1970-01-01 00:00:00.000007913,-0.01656
1970-01-01 00:00:00.000007914,-0.012315
1970-01-01 00:00:00.000007915,-0.006944
1970-01-01 00:00:00.000007916,-0.014398
1970-01-01 00:00:00.000007917,-0.019736
1970-01-01 00:00:00.000007918,-0.021843
1970-01-01 00:00:00.000007919,-0.02395
1970-01-01 00:00:00.000007920,-0.027137
1970-01-01 00:00:00.000007921,-0.0345829999999999
1970-01-01 00:00:00.000007922,-0.0399399999999999
1970-01-01 00:00:00.000007923,-0.045278
1970-01-01 00:00:00.000007924,-0.046355
1970-01-01 00:00:00.000007925,-0.047437
1970-01-01 00:00:00.000007926,-0.047444
1970-01-01 00:00:00.000007927,-0.042115
1970-01-01 00:00:00.000007928,-0.039954
1970-01-01 00:00:00.000007929,-0.043128
1970-01-01 00:00:00.000007930,-0.044181
1970-01-01 00:00:00.000007931,-0.03889
1970-01-01 00:00:00.000007932,-0.037831
1970-01-01 00:00:00.000007933,-0.038899
1970-01-01 00:00:00.000007934,-0.0335839999999999
1970-01-01 00:00:00.000007935,-0.0421
1970-01-01 00:00:00.000007936,-0.041036
1970-01-01 00:00:00.000007937,-0.041038
1970-01-01 00:00:00.000007938,-0.04848
1970-01-01 00:00:00.000007939,-0.044328
1970-01-01 00:00:00.000007940,-0.040077
1970-01-01 00:00:00.000007941,-0.036889
1970-01-01 00:00:00.000007942,-0.036873
1970-01-01 00:00:00.000007943,-0.032597
1970-01-01 00:00:00.000007944,-0.028345
1970-01-01 00:00:00.000007945,-0.027284
1970-01-01 00:00:00.000007946,-0.026223
1970-01-01 00:00:00.000007947,-0.023027
1970-01-01 00:00:00.000007948,-0.02088
1970-01-01 00:00:00.000007949,-0.015547
1970-01-01 00:00:00.000007950,-0.009155
1970-01-01 00:00:00.000007951,-0.004903
1970-01-01 00:00:00.000007952,-0.005952
1970-01-01 00:00:00.000007953,0.011079
1970-01-01 00:00:00.000007954,0.014268
1970-01-01 00:00:00.000007955,0.013438
1970-01-01 00:00:00.000007956,0.007047
1970-01-01 00:00:00.000007957,0.0113
1970-01-01 00:00:00.000007958,0.012384
1970-01-01 00:00:00.000007959,0.009222
1970-01-01 00:00:00.000007960,0.008138
1970-01-01 00:00:00.000007961,-0.0014449999999999
1970-01-01 00:00:00.000007962,0.005561
1970-01-01 00:00:00.000007963,0.015134
1970-01-01 00:00:00.000007964,0.010881
1970-01-01 00:00:00.000007965,0.010877
1970-01-01 00:00:00.000007966,0.002334
1970-01-01 00:00:00.000007967,-0.008315
1970-01-01 00:00:00.000007968,0.001265
1970-01-01 00:00:00.000007969,0.001277
1970-01-01 00:00:00.000007970,-0.006397
1970-01-01 00:00:00.000007971,-0.0149229999999999
1970-01-01 00:00:00.000007972,-0.011739
1970-01-01 00:00:00.000007973,-0.0095959999999999
1970-01-01 00:00:00.000007974,-0.010642
1970-01-01 00:00:00.000007975,-0.011701
1970-01-01 00:00:00.000007976,-0.01277
1970-01-01 00:00:00.000007977,-0.012758
1970-01-01 00:00:00.000007978,-0.008621
1970-01-01 00:00:00.000007979,-0.006502
1970-01-01 00:00:00.000007980,-0.008628
1970-01-01 00:00:00.000007981,-0.0054399999999999
1970-01-01 00:00:00.000007982,0.00202
1970-01-01 00:00:00.000007983,0.008411
1970-01-01 00:00:00.000007984,0.007349
1970-01-01 00:00:00.000007985,0.009479
1970-01-01 00:00:00.000007986,0.009465
1970-01-01 00:00:00.000007987,0.010187
1970-01-01 00:00:00.000007988,0.015509
1970-01-01 00:00:00.000007989,0.003796
1970-01-01 00:00:00.000007990,0.003777
1970-01-01 00:00:00.000007991,-0.001535
1970-01-01 00:00:00.000007992,-0.011115
1970-01-01 00:00:00.000007993,-0.01538
1970-01-01 00:00:00.000007994,-0.026705
1970-01-01 00:00:00.000007995,-0.035196
1970-01-01 00:00:00.000007996,-0.041557
1970-01-01 00:00:00.000007997,-0.040471
1970-01-01 00:00:00.000007998,-0.028783
1970-01-01 00:00:00.000007999,-0.035209
1970-01-01 00:00:00.000008000,-0.025661
1970-01-01 00:00:00.000008001,-0.025686
1970-01-01 00:00:00.000008002,-0.038263
1970-01-01 00:00:00.000008003,-0.039322
1970-01-01 00:00:00.000008004,-0.037163
1970-01-01 00:00:00.000008005,-0.02437
1970-01-01 00:00:00.000008006,-0.0179509999999999
1970-01-01 00:00:00.000008007,-0.020066
1970-01-01 00:00:00.000008008,-0.017919
1970-01-01 00:00:00.000008009,-0.014719
1970-01-01 00:00:00.000008010,-0.003846
1970-01-01 00:00:00.000008011,-0.0017289999999999
1970-01-01 00:00:00.000008012,0.007842
1970-01-01 00:00:00.000008013,0.0046429999999999
1970-01-01 00:00:00.000008014,0.004634
1970-01-01 00:00:00.000008015,0.0003689999999999
1970-01-01 00:00:00.000008016,-0.007089
1970-01-01 00:00:00.000008017,-0.010277
1970-01-01 00:00:00.000008018,-0.0070519999999999
1970-01-01 00:00:00.000008019,0.009062
1970-01-01 00:00:00.000008020,0.02078
1970-01-01 00:00:00.000008021,0.0101549999999999
1970-01-01 00:00:00.000008022,0.008027
1970-01-01 00:00:00.000008023,0.009097
1970-01-01 00:00:00.000008024,0.0133599999999999
1970-01-01 00:00:00.000008025,0.020799
1970-01-01 00:00:00.000008026,0.01241
1970-01-01 00:00:00.000008027,0.008158
1970-01-01 00:00:00.000008028,0.011347
1970-01-01 00:00:00.000008029,0.007091
1970-01-01 00:00:00.000008030,0.009202
1970-01-01 00:00:00.000008031,0.002817
1970-01-01 00:00:00.000008032,-0.013159
1970-01-01 00:00:00.000008033,-0.020611
1970-01-01 00:00:00.000008034,-0.017438
1970-01-01 00:00:00.000008035,-0.007442
1970-01-01 00:00:00.000008036,-0.0053219999999999
1970-01-01 00:00:00.000008037,-0.010652
1970-01-01 00:00:00.000008038,-0.024492
1970-01-01 00:00:00.000008039,-0.023434
1970-01-01 00:00:00.000008040,-0.013844
1970-01-01 00:00:00.000008041,-0.012773
1970-01-01 00:00:00.000008042,-0.011208
1970-01-01 00:00:00.000008043,-0.013333
1970-01-01 00:00:00.000008044,-0.012267
1970-01-01 00:00:00.000008045,-0.006944
1970-01-01 00:00:00.000008046,-0.001626
1970-01-01 00:00:00.000008047,-0.000545
1970-01-01 00:00:00.000008048,0.000522
1970-01-01 00:00:00.000008049,-0.000545
1970-01-01 00:00:00.000008050,-0.000188
1970-01-01 00:00:00.000008051,0.014716
1970-01-01 00:00:00.000008052,0.008351
1970-01-01 00:00:00.000008053,0.00303
1970-01-01 00:00:00.000008054,0.004083
1970-01-01 00:00:00.000008055,0.003002
1970-01-01 00:00:00.000008056,0.01151
1970-01-01 00:00:00.000008057,0.01577
1970-01-01 00:00:00.000008058,0.012563
1970-01-01 00:00:00.000008059,0.005254
1970-01-01 00:00:00.000008060,0.004188
1970-01-01 00:00:00.000008061,-0.001127
1970-01-01 00:00:00.000008062,-0.003257
1970-01-01 00:00:00.000008063,0.004188
1970-01-01 00:00:00.000008064,-0.0032649999999999
1970-01-01 00:00:00.000008065,0.002038
1970-01-01 00:00:00.000008066,-0.002167
1970-01-01 00:00:00.000008067,-0.00324
1970-01-01 00:00:00.000008068,0.0095319999999999
1970-01-01 00:00:00.000008069,0.006337
1970-01-01 00:00:00.000008070,0.008467
1970-01-01 00:00:00.000008071,-5.7e-05
1970-01-01 00:00:00.000008072,-0.017082
1970-01-01 00:00:00.000008073,-0.019187
1970-01-01 00:00:00.000008074,-0.009375
1970-01-01 00:00:00.000008075,-0.002971
1970-01-01 00:00:00.000008076,0.006586
1970-01-01 00:00:00.000008077,0.020409
1970-01-01 00:00:00.000008078,0.029985
1970-01-01 00:00:00.000008079,0.040652
1970-01-01 00:00:00.000008080,0.047044
1970-01-01 00:00:00.000008081,0.044897
1970-01-01 00:00:00.000008082,0.040625
1970-01-01 00:00:00.000008083,0.035446
1970-01-01 00:00:00.000008084,0.01415
1970-01-01 00:00:00.000008085,0.001383
1970-01-01 00:00:00.000008086,-0.005005
1970-01-01 00:00:00.000008087,-0.000768
1970-01-01 00:00:00.000008088,-0.006074
1970-01-01 00:00:00.000008089,0.000302
1970-01-01 00:00:00.000008090,0.003545
1970-01-01 00:00:00.000008091,0.004614
1970-01-01 00:00:00.000008092,0.012076
1970-01-01 00:00:00.000008093,0.00783
1970-01-01 00:00:00.000008094,0.000366
1970-01-01 00:00:00.000008095,-0.0156009999999999
1970-01-01 00:00:00.000008096,-0.029443
1970-01-01 00:00:00.000008097,-0.031573
1970-01-01 00:00:00.000008098,-0.0337149999999999
1970-01-01 00:00:00.000008099,-0.030538
1970-01-01 00:00:00.000008100,-0.018836
1970-01-01 00:00:00.000008101,-0.00605
1970-01-01 00:00:00.000008102,-0.001786
1970-01-01 00:00:00.000008103,-0.000725
1970-01-01 00:00:00.000008104,-0.004998
1970-01-01 00:00:00.000008105,-0.015666
1970-01-01 00:00:00.000008106,-0.027397
1970-01-01 00:00:00.000008107,-0.032717
1970-01-01 00:00:00.000008108,-0.038031
1970-01-01 00:00:00.000008109,-0.041208
1970-01-01 00:00:00.000008110,-0.036929
1970-01-01 00:00:00.000008111,-0.035847
1970-01-01 00:00:00.000008112,-0.032664
1970-01-01 00:00:00.000008113,-0.016694
1970-01-01 00:00:00.000008114,-0.003082
1970-01-01 00:00:00.000008115,0.004375
1970-01-01 00:00:00.000008116,0.013963
1970-01-01 00:00:00.000008117,0.02036
1970-01-01 00:00:00.000008118,0.02251
1970-01-01 00:00:00.000008119,0.019316
1970-01-01 00:00:00.000008120,0.0076209999999999
1970-01-01 00:00:00.000008121,0.004445
1970-01-01 00:00:00.000008122,0.007638
1970-01-01 00:00:00.000008123,0.008422
1970-01-01 00:00:00.000008124,0.010537
1970-01-01 00:00:00.000008125,0.0116189999999999
1970-01-01 00:00:00.000008126,0.012667
1970-01-01 00:00:00.000008127,0.019058
1970-01-01 00:00:00.000008128,0.023323
1970-01-01 00:00:00.000008129,0.025468
1970-01-01 00:00:00.000008130,0.014825
1970-01-01 00:00:00.000008131,0.005138
1970-01-01 00:00:00.000008132,-0.007668
1970-01-01 00:00:00.000008133,-0.011928
1970-01-01 00:00:00.000008134,-0.018316
1970-01-01 00:00:00.000008135,-0.033236
1970-01-01 00:00:00.000008136,-0.031127
1970-01-01 00:00:00.000008137,-0.026891
1970-01-01 00:00:00.000008138,-0.03103
1970-01-01 00:00:00.000008139,-0.025722
1970-01-01 00:00:00.000008140,-0.028906
1970-01-01 00:00:00.000008141,-0.032092
1970-01-01 00:00:00.000008142,-0.020367
1970-01-01 00:00:00.000008143,-0.017127
1970-01-01 00:00:00.000008144,-0.017093
1970-01-01 00:00:00.000008145,-0.00431
1970-01-01 00:00:00.000008146,0.010968
1970-01-01 00:00:00.000008147,0.020556
1970-01-01 00:00:00.000008148,0.023757
1970-01-01 00:00:00.000008149,0.0237819999999999
1970-01-01 00:00:00.000008150,0.028062
1970-01-01 00:00:00.000008151,0.030197
1970-01-01 00:00:00.000008152,0.027014
1970-01-01 00:00:00.000008153,0.029129
1970-01-01 00:00:00.000008154,0.035494
1970-01-01 00:00:00.000008155,0.036719
1970-01-01 00:00:00.000008156,0.0356779999999999
1970-01-01 00:00:00.000008157,0.03783
1970-01-01 00:00:00.000008158,0.044194
1970-01-01 00:00:00.000008159,0.041005
1970-01-01 00:00:00.000008160,0.058012
1970-01-01 00:00:00.000008161,0.056986
1970-01-01 00:00:00.000008162,0.047415
1970-01-01 00:00:00.000008163,0.046293
1970-01-01 00:00:00.000008164,0.049457
1970-01-01 00:00:00.000008165,0.043068
1970-01-01 00:00:00.000008166,0.040938
1970-01-01 00:00:00.000008167,0.02815
1970-01-01 00:00:00.000008168,0.023893
1970-01-01 00:00:00.000008169,0.0153889999999999
1970-01-01 00:00:00.000008170,0.015409
1970-01-01 00:00:00.000008171,0.017681
1970-01-01 00:00:00.000008172,0.019815
1970-01-01 00:00:00.000008173,0.0134169999999999
1970-01-01 00:00:00.000008174,0.0038
1970-01-01 00:00:00.000008175,-0.005822
1970-01-01 00:00:00.000008176,-0.015432
1970-01-01 00:00:00.000008177,-0.017563
1970-01-01 00:00:00.000008178,-0.018624
1970-01-01 00:00:00.000008179,-0.02368
1970-01-01 00:00:00.000008180,-0.017281
1970-01-01 00:00:00.000008181,-0.019381
1970-01-01 00:00:00.000008182,-0.012965
1970-01-01 00:00:00.000008183,-0.00551
1970-01-01 00:00:00.000008184,-0.0097819999999999
1970-01-01 00:00:00.000008185,0.000865
1970-01-01 00:00:00.000008186,0.01248
1970-01-01 00:00:00.000008187,0.001816
1970-01-01 00:00:00.000008188,0.000742
1970-01-01 00:00:00.000008189,0.002861
1970-01-01 00:00:00.000008190,0.000726
1970-01-01 00:00:00.000008191,0.002865
1970-01-01 00:00:00.000008192,0.0017829999999999
1970-01-01 00:00:00.000008193,0.0007099999999999
1970-01-01 00:00:00.000008194,-0.005129
1970-01-01 00:00:00.000008195,-0.006174
1970-01-01 00:00:00.000008196,-0.007237
1970-01-01 00:00:00.000008197,-0.012562
1970-01-01 00:00:00.000008198,-0.016831
1970-01-01 00:00:00.000008199,-0.017902
1970-01-01 00:00:00.000008200,-0.014698
1970-01-01 00:00:00.000008201,-0.0104459999999999
1970-01-01 00:00:00.000008202,-0.011505
1970-01-01 00:00:00.000008203,-0.007958
1970-01-01 00:00:00.000008204,0.005876
1970-01-01 00:00:00.000008205,0.020782
1970-01-01 00:00:00.000008206,0.022916
1970-01-01 00:00:00.000008207,0.024
1970-01-01 00:00:00.000008208,0.020831
1970-01-01 00:00:00.000008209,0.016551
1970-01-01 00:00:00.000008210,0.008017
1970-01-01 00:00:00.000008211,0.009633
1970-01-01 00:00:00.000008212,0.008576
1970-01-01 00:00:00.000008213,-0.005264
1970-01-01 00:00:00.000008214,-0.004199
1970-01-01 00:00:00.000008215,-0.001008
1970-01-01 00:00:00.000008216,0.00326
1970-01-01 00:00:00.000008217,0.00221
1970-01-01 00:00:00.000008218,0.003273
1970-01-01 00:00:00.000008219,0.001959
1970-01-01 00:00:00.000008220,0.004078
1970-01-01 00:00:00.000008221,0.0093879999999999
1970-01-01 00:00:00.000008222,0.006196
1970-01-01 00:00:00.000008223,0.006184
1970-01-01 00:00:00.000008224,0.006185
1970-01-01 00:00:00.000008225,0.006186
1970-01-01 00:00:00.000008226,0.005141
1970-01-01 00:00:00.000008227,0.004994
1970-01-01 00:00:00.000008228,0.000728
1970-01-01 00:00:00.000008229,0.003919
1970-01-01 00:00:00.000008230,0.015637
1970-01-01 00:00:00.000008231,0.019906
1970-01-01 00:00:00.000008232,0.014578
1970-01-01 00:00:00.000008233,0.005023
1970-01-01 00:00:00.000008234,-0.002349
1970-01-01 00:00:00.000008235,0.002976
1970-01-01 00:00:00.000008236,0.0029289999999999
1970-01-01 00:00:00.000008237,0.019933
1970-01-01 00:00:00.000008238,0.010359
1970-01-01 00:00:00.000008239,0.009322
1970-01-01 00:00:00.000008240,0.005138
1970-01-01 00:00:00.000008241,-0.0139569999999999
1970-01-01 00:00:00.000008242,-0.016169
1970-01-01 00:00:00.000008243,0.012513
1970-01-01 00:00:00.000008244,0.039057
1970-01-01 00:00:00.000008245,0.0496459999999999
1970-01-01 00:00:00.000008246,0.052807
1970-01-01 00:00:00.000008247,0.052814
1970-01-01 00:00:00.000008248,0.059225
1970-01-01 00:00:00.000008249,0.064585
1970-01-01 00:00:00.000008250,0.058209
1970-01-01 00:00:00.000008251,0.0570679999999999
1970-01-01 00:00:00.000008252,0.034742
1970-01-01 00:00:00.000008253,0.04217
1970-01-01 00:00:00.000008254,0.046386
1970-01-01 00:00:00.000008255,0.040987
1970-01-01 00:00:00.000008256,0.031333
1970-01-01 00:00:00.000008257,0.025996
1970-01-01 00:00:00.000008258,0.022838
1970-01-01 00:00:00.000008259,0.023863
1970-01-01 00:00:00.000008260,0.011131
1970-01-01 00:00:00.000008261,0.00156
1970-01-01 00:00:00.000008262,0.003702
1970-01-01 00:00:00.000008263,0.033549
1970-01-01 00:00:00.000008264,0.087866
1970-01-01 00:00:00.000008265,0.175226
1970-01-01 00:00:00.000008266,0.2240599999999999
1970-01-01 00:00:00.000008267,0.254871
1970-01-01 00:00:00.000008268,0.256917
1970-01-01 00:00:00.000008269,0.282553
1970-01-01 00:00:00.000008270,0.3230949999999999
1970-01-01 00:00:00.000008271,0.354066
1970-01-01 00:00:00.000008272,0.381792
1970-01-01 00:00:00.000008273,0.429733
1970-01-01 00:00:00.000008274,0.490506
1970-01-01 00:00:00.000008275,0.544751
1970-01-01 00:00:00.000008276,0.601264
1970-01-01 00:00:00.000008277,0.6641090000000001
1970-01-01 00:00:00.000008278,0.687523
1970-01-01 00:00:00.000008279,0.680048
1970-01-01 00:00:00.000008280,0.635296
1970-01-01 00:00:00.000008281,0.623567
1970-01-01 00:00:00.000008282,0.570364
1970-01-01 00:00:00.000008283,0.525624
1970-01-01 00:00:00.000008284,0.580132
1970-01-01 00:00:00.000008285,0.5332479999999999
1970-01-01 00:00:00.000008286,0.4114819999999999
1970-01-01 00:00:00.000008287,0.3517139999999999
1970-01-01 00:00:00.000008288,0.253773
1970-01-01 00:00:00.000008289,0.184482
1970-01-01 00:00:00.000008290,0.129054
1970-01-01 00:00:00.000008291,0.067291
1970-01-01 00:00:00.000008292,0.009779
1970-01-01 00:00:00.000008293,-0.048808
1970-01-01 00:00:00.000008294,-0.099947
1970-01-01 00:00:00.000008295,-0.13726
1970-01-01 00:00:00.000008296,-0.1713589999999999
1970-01-01 00:00:00.000008297,-0.209703
1970-01-01 00:00:00.000008298,-0.25766
1970-01-01 00:00:00.000008299,-0.300327
1970-01-01 00:00:00.000008300,-0.286552
1970-01-01 00:00:00.000008301,-0.24719
1970-01-01 00:00:00.000008302,-0.130121
1970-01-01 00:00:00.000008303,0.0295149999999999
1970-01-01 00:00:00.000008304,0.231542
1970-01-01 00:00:00.000008305,0.307511
1970-01-01 00:00:00.000008306,0.376036
1970-01-01 00:00:00.000008307,0.381627
1970-01-01 00:00:00.000008308,0.321129
1970-01-01 00:00:00.000008309,0.274424
1970-01-01 00:00:00.000008310,0.307586
1970-01-01 00:00:00.000008311,0.365159
1970-01-01 00:00:00.000008312,0.407826
1970-01-01 00:00:00.000008313,0.4259729999999999
1970-01-01 00:00:00.000008314,0.401446
1970-01-01 00:00:00.000008315,0.36085
1970-01-01 00:00:00.000008316,0.352155
1970-01-01 00:00:00.000008317,0.370164
1970-01-01 00:00:00.000008318,0.428655
1970-01-01 00:00:00.000008319,0.453057
1970-01-01 00:00:00.000008320,0.452877
1970-01-01 00:00:00.000008321,0.4792439999999999
1970-01-01 00:00:00.000008322,0.387656
1970-01-01 00:00:00.000008323,0.321633
1970-01-01 00:00:00.000008324,0.281284
1970-01-01 00:00:00.000008325,0.224932
1970-01-01 00:00:00.000008326,0.18662
1970-01-01 00:00:00.000008327,0.113133
1970-01-01 00:00:00.000008328,0.0501529999999999
1970-01-01 00:00:00.000008329,-0.003231
1970-01-01 00:00:00.000008330,-0.062911
1970-01-01 00:00:00.000008331,-0.109824
1970-01-01 00:00:00.000008332,-0.158826
1970-01-01 00:00:00.000008333,-0.204602
1970-01-01 00:00:00.000008334,-0.240805
1970-01-01 00:00:00.000008335,-0.260007
1970-01-01 00:00:00.000008336,-0.283457
1970-01-01 00:00:00.000008337,-0.303694
1970-01-01 00:00:00.000008338,-0.320742
1970-01-01 00:00:00.000008339,-0.33993
1970-01-01 00:00:00.000008340,-0.351645
1970-01-01 00:00:00.000008341,-0.351637
1970-01-01 00:00:00.000008342,-0.356989
1970-01-01 00:00:00.000008343,-0.349579
1970-01-01 00:00:00.000008344,-0.325125
1970-01-01 00:00:00.000008345,-0.318723
1970-01-01 00:00:00.000008346,-0.320834
1970-01-01 00:00:00.000008347,-0.341047
1970-01-01 00:00:00.000008348,-0.36239
1970-01-01 00:00:00.000008349,-0.359255
1970-01-01 00:00:00.000008350,-0.326202
1970-01-01 00:00:00.000008351,-0.3069409999999999
1970-01-01 00:00:00.000008352,-0.281312
1970-01-01 00:00:00.000008353,-0.266368
1970-01-01 00:00:00.000008354,-0.264221
1970-01-01 00:00:00.000008355,-0.2407969999999999
1970-01-01 00:00:00.000008356,-0.2014119999999999
1970-01-01 00:00:00.000008357,-0.1801019999999999
1970-01-01 00:00:00.000008358,-0.157764
1970-01-01 00:00:00.000008359,-0.125843
1970-01-01 00:00:00.000008360,-0.142915
1970-01-01 00:00:00.000008361,-0.112076
1970-01-01 00:00:00.000008362,-0.0833629999999999
1970-01-01 00:00:00.000008363,-0.088693
1970-01-01 00:00:00.000008364,-0.089746
1970-01-01 00:00:00.000008365,-0.081245
1970-01-01 00:00:00.000008366,-0.071664
1970-01-01 00:00:00.000008367,-0.074836
1970-01-01 00:00:00.000008368,-0.074811
1970-01-01 00:00:00.000008369,-0.074772
1970-01-01 00:00:00.000008370,-0.077934
1970-01-01 00:00:00.000008371,-0.079023
1970-01-01 00:00:00.000008372,-0.082328
1970-01-01 00:00:00.000008373,-0.067437
1970-01-01 00:00:00.000008374,-0.05149
1970-01-01 00:00:00.000008375,-0.040829
1970-01-01 00:00:00.000008376,-0.035501
1970-01-01 00:00:00.000008377,-0.034404
1970-01-01 00:00:00.000008378,-0.032248
1970-01-01 00:00:00.000008379,-0.027967
1970-01-01 00:00:00.000008380,-0.024738
1970-01-01 00:00:00.000008381,-0.013015
1970-01-01 00:00:00.000008382,-0.0066
1970-01-01 00:00:00.000008383,0.006202
1970-01-01 00:00:00.000008384,-0.0118959999999999
1970-01-01 00:00:00.000008385,-0.009756
1970-01-01 00:00:00.000008386,-0.018289
1970-01-01 00:00:00.000008387,-0.019343
1970-01-01 00:00:00.000008388,-0.015073
1970-01-01 00:00:00.000008389,-0.006569
1970-01-01 00:00:00.000008390,0.0051329999999999
1970-01-01 00:00:00.000008391,0.009423
1970-01-01 00:00:00.000008392,0.001985
1970-01-01 00:00:00.000008393,0.005189
1970-01-01 00:00:00.000008394,0.006275
1970-01-01 00:00:00.000008395,0.010555
1970-01-01 00:00:00.000008396,0.026525
1970-01-01 00:00:00.000008397,0.024375
1970-01-01 00:00:00.000008398,0.00415
1970-01-01 00:00:00.000008399,0.004163
1970-01-01 00:00:00.000008400,0.015879
1970-01-01 00:00:00.000008401,0.020155
1970-01-01 00:00:00.000008402,0.025463
1970-01-01 00:00:00.000008403,0.016941
1970-01-01 00:00:00.000008404,0.015892
1970-01-01 00:00:00.000008405,0.02441
1970-01-01 00:00:00.000008406,0.035086
1970-01-01 00:00:00.000008407,0.035097
1970-01-01 00:00:00.000008408,0.031901
1970-01-01 00:00:00.000008409,0.032947
1970-01-01 00:00:00.000008410,0.032948
1970-01-01 00:00:00.000008411,0.031879
1970-01-01 00:00:00.000008412,0.0297449999999999
1970-01-01 00:00:00.000008413,0.032941
1970-01-01 00:00:00.000008414,0.0223
1970-01-01 00:00:00.000008415,0.016977
1970-01-01 00:00:00.000008416,0.016973
1970-01-01 00:00:00.000008417,0.022307
1970-01-01 00:00:00.000008418,0.019128
1970-01-01 00:00:00.000008419,0.01059
1970-01-01 00:00:00.000008420,0.003109
1970-01-01 00:00:00.000008421,0.004167
1970-01-01 00:00:00.000008422,0.012601
1970-01-01 00:00:00.000008423,0.016865
1970-01-01 00:00:00.000008424,0.012625
1970-01-01 00:00:00.000008425,-0.000151
1970-01-01 00:00:00.000008426,-0.0065349999999999
1970-01-01 00:00:00.000008427,-0.007603
1970-01-01 00:00:00.000008428,-0.008665
1970-01-01 00:00:00.000008429,-0.010796
1970-01-01 00:00:00.000008430,-0.0065439999999999
1970-01-01 00:00:00.000008431,0.0221889999999999
1970-01-01 00:00:00.000008432,-0.010823
1970-01-01 00:00:00.000008433,-0.0214639999999999
1970-01-01 00:00:00.000008434,-0.006562
1970-01-01 00:00:00.000008435,-0.006564
1970-01-01 00:00:00.000008436,-0.01081
1970-01-01 00:00:00.000008437,-0.018278
1970-01-01 00:00:00.000008438,-0.011893
1970-01-01 00:00:00.000008439,0.009346
1970-01-01 00:00:00.000008440,-0.019406
1970-01-01 00:00:00.000008441,-0.022561
1970-01-01 00:00:00.000008442,-0.030022
1970-01-01 00:00:00.000008443,-0.03215
1970-01-01 00:00:00.000008444,-0.019355
1970-01-01 00:00:00.000008445,0.0274899999999999
1970-01-01 00:00:00.000008446,-0.004458
1970-01-01 00:00:00.000008447,-0.021496
1970-01-01 00:00:00.000008448,-0.018302
1970-01-01 00:00:00.000008449,-0.0169099999999999
1970-01-01 00:00:00.000008450,-0.017995
1970-01-01 00:00:00.000008451,-0.010562
1970-01-01 00:00:00.000008452,-0.019074
1970-01-01 00:00:00.000008453,-0.012671
1970-01-01 00:00:00.000008454,-0.022227
1970-01-01 00:00:00.000008455,0.001214
1970-01-01 00:00:00.000008456,-0.005102
1970-01-01 00:00:00.000008457,-0.0178669999999999
1970-01-01 00:00:00.000008458,-0.010421
1970-01-01 00:00:00.000008459,0.010842
1970-01-01 00:00:00.000008460,0.022543
1970-01-01 00:00:00.000008461,0.020421
1970-01-01 00:00:00.000008462,0.003386
1970-01-01 00:00:00.000008463,-0.0094069999999999
1970-01-01 00:00:00.000008464,-0.0295509999999999
1970-01-01 00:00:00.000008465,-0.054022
1970-01-01 00:00:00.000008466,-0.0657399999999999
1970-01-01 00:00:00.000008467,-0.030622
1970-01-01 00:00:00.000008468,-0.0572299999999999
1970-01-01 00:00:00.000008469,-0.063624
1970-01-01 00:00:00.000008470,-0.065777
1970-01-01 00:00:00.000008471,-0.061527
1970-01-01 00:00:00.000008472,-0.044506
1970-01-01 00:00:00.000008473,-0.031559
1970-01-01 00:00:00.000008474,-0.024071
1970-01-01 00:00:00.000008475,-0.0134159999999999
1970-01-01 00:00:00.000008476,-0.018716
1970-01-01 00:00:00.000008477,-0.021886
1970-01-01 00:00:00.000008478,-0.013368
1970-01-01 00:00:00.000008479,-0.015491
1970-01-01 00:00:00.000008480,-0.017388
1970-01-01 00:00:00.000008481,-0.011041
1970-01-01 00:00:00.000008482,-0.005737
1970-01-01 00:00:00.000008483,0.000654
1970-01-01 00:00:00.000008484,0.008111
1970-01-01 00:00:00.000008485,0.0134419999999999
1970-01-01 00:00:00.000008486,0.013478
1970-01-01 00:00:00.000008487,-0.002494
1970-01-01 00:00:00.000008488,-0.016331
1970-01-01 00:00:00.000008489,-0.018162
1970-01-01 00:00:00.000008490,-0.007515
1970-01-01 00:00:00.000008491,0.0084459999999999
1970-01-01 00:00:00.000008492,0.020145
1970-01-01 00:00:00.000008493,0.025497
1970-01-01 00:00:00.000008494,0.028714
1970-01-01 00:00:00.000008495,0.020219
1970-01-01 00:00:00.000008496,-1.1e-05
1970-01-01 00:00:00.000008497,-0.021085
1970-01-01 00:00:00.000008498,-0.055185
1970-01-01 00:00:00.000008499,-0.076537
1970-01-01 00:00:00.000008500,-0.071283
1970-01-01 00:00:00.000008501,-0.0542259999999999
1970-01-01 00:00:00.000008502,-0.0637549999999999
1970-01-01 00:00:00.000008503,-0.075419
1970-01-01 00:00:00.000008504,-0.065145
1970-01-01 00:00:00.000008505,-0.052338
1970-01-01 00:00:00.000008506,-0.035252
1970-01-01 00:00:00.000008507,-0.017153
1970-01-01 00:00:00.000008508,-0.01504
1970-01-01 00:00:00.000008509,0.011511
1970-01-01 00:00:00.000008510,-0.004501
1970-01-01 00:00:00.000008511,-0.005606
1970-01-01 00:00:00.000008512,-0.002802
1970-01-01 00:00:00.000008513,-0.012385
1970-01-01 00:00:00.000008514,-0.021951
1970-01-01 00:00:00.000008515,-0.0070069999999999
1970-01-01 00:00:00.000008516,0.004757
1970-01-01 00:00:00.000008517,0.0090569999999999
1970-01-01 00:00:00.000008518,0.017575
1970-01-01 00:00:00.000008519,0.001621
1970-01-01 00:00:00.000008520,-0.000521
1970-01-01 00:00:00.000008521,0.015929
1970-01-01 00:00:00.000008522,0.022309
1970-01-01 00:00:00.000008523,0.019101
1970-01-01 00:00:00.000008524,0.019081
1970-01-01 00:00:00.000008525,0.022272
1970-01-01 00:00:00.000008526,0.030811
1970-01-01 00:00:00.000008527,0.034019
1970-01-01 00:00:00.000008528,0.027634
1970-01-01 00:00:00.000008529,0.024703
1970-01-01 00:00:00.000008530,0.024712
1970-01-01 00:00:00.000008531,0.022586
1970-01-01 00:00:00.000008532,0.0215169999999999
1970-01-01 00:00:00.000008533,0.023633
1970-01-01 00:00:00.000008534,0.0183139999999999
1970-01-01 00:00:00.000008535,0.011929
1970-01-01 00:00:00.000008536,0.008738
1970-01-01 00:00:00.000008537,0.0030489999999999
1970-01-01 00:00:00.000008538,0.003065
1970-01-01 00:00:00.000008539,0.007314
1970-01-01 00:00:00.000008540,0.0062369999999999
1970-01-01 00:00:00.000008541,0.016874
1970-01-01 00:00:00.000008542,0.023256
1970-01-01 00:00:00.000008543,0.023287
1970-01-01 00:00:00.000008544,0.021168
1970-01-01 00:00:00.000008545,0.022928
1970-01-01 00:00:00.000008546,0.02184
1970-01-01 00:00:00.000008547,0.0154539999999999
1970-01-01 00:00:00.000008548,0.013327
1970-01-01 00:00:00.000008549,0.006947
1970-01-01 00:00:00.000008550,-0.000503
1970-01-01 00:00:00.000008551,0.003761
1970-01-01 00:00:00.000008552,0.010604
1970-01-01 00:00:00.000008553,0.018049
1970-01-01 00:00:00.000008554,0.011655
1970-01-01 00:00:00.000008555,0.007391
1970-01-01 00:00:00.000008556,0.0031379999999999
1970-01-01 00:00:00.000008557,-7e-05
1970-01-01 00:00:00.000008558,-0.001132
1970-01-01 00:00:00.000008559,-7.099999999999999e-05
1970-01-01 00:00:00.000008560,-0.001055
1970-01-01 00:00:00.000008561,0.00106
1970-01-01 00:00:00.000008562,-4e-06
1970-01-01 00:00:00.000008563,0.001057
1970-01-01 00:00:00.000008564,0.0021219999999999
1970-01-01 00:00:00.000008565,0.002134
1970-01-01 00:00:00.000008566,0.002135
1970-01-01 00:00:00.000008567,0.004277
1970-01-01 00:00:00.000008568,-0.0063729999999999
1970-01-01 00:00:00.000008569,-0.016134
1970-01-01 00:00:00.000008570,-0.0193039999999999
1970-01-01 00:00:00.000008571,-0.015
1970-01-01 00:00:00.000008572,-0.017117
1970-01-01 00:00:00.000008573,-0.020312
1970-01-01 00:00:00.000008574,-0.007545
1970-01-01 00:00:00.000008575,0.009467
1970-01-01 00:00:00.000008576,0.019823
1970-01-01 00:00:00.000008577,0.033649
1970-01-01 00:00:00.000008578,0.037882
1970-01-01 00:00:00.000008579,0.034677
1970-01-01 00:00:00.000008580,0.022944
1970-01-01 00:00:00.000008581,0.017595
1970-01-01 00:00:00.000008582,0.00482
1970-01-01 00:00:00.000008583,0.004822
1970-01-01 00:00:00.000008584,0.001652
1970-01-01 00:00:00.000008585,-0.010392
1970-01-01 00:00:00.000008586,-0.0284899999999999
1970-01-01 00:00:00.000008587,-0.035916
1970-01-01 00:00:00.000008588,-0.047603
1970-01-01 00:00:00.000008589,-0.0624889999999999
1970-01-01 00:00:00.000008590,-0.064619
1970-01-01 00:00:00.000008591,-0.058224
1970-01-01 00:00:00.000008592,-0.050763
1970-01-01 00:00:00.000008593,-0.055321
1970-01-01 00:00:00.000008594,-0.056399
1970-01-01 00:00:00.000008595,-0.055339
1970-01-01 00:00:00.000008596,-0.046837
1970-01-01 00:00:00.000008597,-0.040481
1970-01-01 00:00:00.000008598,-0.037297
1970-01-01 00:00:00.000008599,-0.028783
1970-01-01 00:00:00.000008600,-0.022571
1970-01-01 00:00:00.000008601,-0.025751
1970-01-01 00:00:00.000008602,-0.033201
1970-01-01 00:00:00.000008603,-0.036397
1970-01-01 00:00:00.000008604,-0.041736
1970-01-01 00:00:00.000008605,-0.033238
1970-01-01 00:00:00.000008606,-0.048174
1970-01-01 00:00:00.000008607,-0.057789
1970-01-01 00:00:00.000008608,-0.047222
1970-01-01 00:00:00.000008609,-0.048299
1970-01-01 00:00:00.000008610,-0.065286
1970-01-01 00:00:00.000008611,-0.10037
1970-01-01 00:00:00.000008612,-0.089705
1970-01-01 00:00:00.000008613,-0.091788
1970-01-01 00:00:00.000008614,-0.106654
1970-01-01 00:00:00.000008615,-0.088561
1970-01-01 00:00:00.000008616,-0.067267
1970-01-01 00:00:00.000008617,-0.056842
1970-01-01 00:00:00.000008618,-0.0281279999999999
1970-01-01 00:00:00.000008619,-0.002597
1970-01-01 00:00:00.000008620,0.009095
1970-01-01 00:00:00.000008621,0.008038
1970-01-01 00:00:00.000008622,0.0069989999999999
1970-01-01 00:00:00.000008623,-0.007901
1970-01-01 00:00:00.000008624,-0.016109
1970-01-01 00:00:00.000008625,-0.012874
1970-01-01 00:00:00.000008626,-0.009686
1970-01-01 00:00:00.000008627,-0.017119
1970-01-01 00:00:00.000008628,-0.004364
1970-01-01 00:00:00.000008629,0.016929
1970-01-01 00:00:00.000008630,0.023311
1970-01-01 00:00:00.000008631,0.030764
1970-01-01 00:00:00.000008632,0.036086
1970-01-01 00:00:00.000008633,0.038895
1970-01-01 00:00:00.000008634,0.038892
1970-01-01 00:00:00.000008635,0.038895
1970-01-01 00:00:00.000008636,0.035719
1970-01-01 00:00:00.000008637,0.032543
1970-01-01 00:00:00.000008638,0.0261579999999999
1970-01-01 00:00:00.000008639,0.020836
1970-01-01 00:00:00.000008640,0.022979
1970-01-01 00:00:00.000008641,0.022982
1970-01-01 00:00:00.000008642,0.021896
1970-01-01 00:00:00.000008643,0.024027
1970-01-01 00:00:00.000008644,0.02828
1970-01-01 00:00:00.000008645,0.025072
1970-01-01 00:00:00.000008646,0.027191
1970-01-01 00:00:00.000008647,0.030375
1970-01-01 00:00:00.000008648,0.039974
1970-01-01 00:00:00.000008649,0.031447
1970-01-01 00:00:00.000008650,0.017594
1970-01-01 00:00:00.000008651,0.015483
1970-01-01 00:00:00.000008652,0.018694
1970-01-01 00:00:00.000008653,0.0123209999999999
1970-01-01 00:00:00.000008654,0.011266
1970-01-01 00:00:00.000008655,0.003804
1970-01-01 00:00:00.000008656,0.0037939999999999
1970-01-01 00:00:00.000008657,0.013365
1970-01-01 00:00:00.000008658,0.0165449999999999
1970-01-01 00:00:00.000008659,0.01586
1970-01-01 00:00:00.000008660,0.013722
1970-01-01 00:00:00.000008661,0.017984
1970-01-01 00:00:00.000008662,0.023301
1970-01-01 00:00:00.000008663,0.022251
1970-01-01 00:00:00.000008664,0.015872
1970-01-01 00:00:00.000008665,0.014819
1970-01-01 00:00:00.000008666,0.006296
1970-01-01 00:00:00.000008667,0.007349
1970-01-01 00:00:00.000008668,0.014046
1970-01-01 00:00:00.000008669,0.017231
1970-01-01 00:00:00.000008670,0.020423
1970-01-01 00:00:00.000008671,0.025742
1970-01-01 00:00:00.000008672,0.022555
1970-01-01 00:00:00.000008673,0.02257
1970-01-01 00:00:00.000008674,0.0161849999999999
1970-01-01 00:00:00.000008675,0.010971
1970-01-01 00:00:00.000008676,0.00671
1970-01-01 00:00:00.000008677,0.006735
1970-01-01 00:00:00.000008678,0.008893
1970-01-01 00:00:00.000008679,0.006758
1970-01-01 00:00:00.000008680,0.011007
1970-01-01 00:00:00.000008681,0.013118
1970-01-01 00:00:00.000008682,0.014162
1970-01-01 00:00:00.000008683,0.020313
1970-01-01 00:00:00.000008684,0.02667
1970-01-01 00:00:00.000008685,0.025578
1970-01-01 00:00:00.000008686,0.024498
1970-01-01 00:00:00.000008687,0.02239
1970-01-01 00:00:00.000008688,0.01924
1970-01-01 00:00:00.000008689,-0.000949
1970-01-01 00:00:00.000008690,-0.012641
1970-01-01 00:00:00.000008691,-0.020091
1970-01-01 00:00:00.000008692,-0.017202
1970-01-01 00:00:00.000008693,-0.0076319999999999
1970-01-01 00:00:00.000008694,0.005111
1970-01-01 00:00:00.000008695,0.015745
1970-01-01 00:00:00.000008696,0.021052
1970-01-01 00:00:00.000008697,0.022108
1970-01-01 00:00:00.000008698,0.015744
1970-01-01 00:00:00.000008699,0.005115
1970-01-01 00:00:00.000008700,-0.0091019999999999
1970-01-01 00:00:00.000008701,-0.01232
1970-01-01 00:00:00.000008702,-0.00913
1970-01-01 00:00:00.000008703,-0.00276
1970-01-01 00:00:00.000008704,0.003619
1970-01-01 00:00:00.000008705,0.0068189999999999
1970-01-01 00:00:00.000008706,0.011084
1970-01-01 00:00:00.000008707,0.004281
1970-01-01 00:00:00.000008708,-0.005284
1970-01-01 00:00:00.000008709,-0.01166
1970-01-01 00:00:00.000008710,-0.015929
1970-01-01 00:00:00.000008711,-0.014875
1970-01-01 00:00:00.000008712,-0.01701
1970-01-01 00:00:00.000008713,-0.007427
1970-01-01 00:00:00.000008714,2.3e-05
1970-01-01 00:00:00.000008715,0.00748
1970-01-01 00:00:00.000008716,0.016626
1970-01-01 00:00:00.000008717,0.0261899999999999
1970-01-01 00:00:00.000008718,0.029379
1970-01-01 00:00:00.000008719,0.0155229999999999
1970-01-01 00:00:00.000008720,0.012277
1970-01-01 00:00:00.000008721,0.014383
1970-01-01 00:00:00.000008722,0.010133
1970-01-01 00:00:00.000008723,-0.003006
1970-01-01 00:00:00.000008724,-0.040241
1970-01-01 00:00:00.000008725,-0.096647
1970-01-01 00:00:00.000008726,-0.1424359999999999
1970-01-01 00:00:00.000008727,-0.1647799999999999
1970-01-01 00:00:00.000008728,-0.17864
1970-01-01 00:00:00.000008729,-0.201042
1970-01-01 00:00:00.000008730,-0.209619
1970-01-01 00:00:00.000008731,-0.192597
1970-01-01 00:00:00.000008732,-0.156746
1970-01-01 00:00:00.000008733,-0.181228
1970-01-01 00:00:00.000008734,-0.219558
1970-01-01 00:00:00.000008735,-0.276035
1970-01-01 00:00:00.000008736,-0.385866
1970-01-01 00:00:00.000008737,-0.305828
1970-01-01 00:00:00.000008738,-0.353753
1970-01-01 00:00:00.000008739,-0.405953
1970-01-01 00:00:00.000008740,-0.421109
1970-01-01 00:00:00.000008741,-0.394516
1970-01-01 00:00:00.000008742,-0.3700449999999999
1970-01-01 00:00:00.000008743,-0.393496
1970-01-01 00:00:00.000008744,-0.437181
1970-01-01 00:00:00.000008745,-0.492538
1970-01-01 00:00:00.000008746,-0.491433
1970-01-01 00:00:00.000008747,-0.463732
1970-01-01 00:00:00.000008748,-0.418994
1970-01-01 00:00:00.000008749,-0.410499
1970-01-01 00:00:00.000008750,-0.444606
1970-01-01 00:00:00.000008751,-0.456319
1970-01-01 00:00:00.000008752,-0.440292
1970-01-01 00:00:00.000008753,-0.4178989999999999
1970-01-01 00:00:00.000008754,-0.406141
1970-01-01 00:00:00.000008755,-0.415796
1970-01-01 00:00:00.000008756,-0.39127
1970-01-01 00:00:00.000008757,-0.371016
1970-01-01 00:00:00.000008758,-0.364627
1970-01-01 00:00:00.000008759,-0.3508
1970-01-01 00:00:00.000008760,-0.3178
1970-01-01 00:00:00.000008761,-0.274105
1970-01-01 00:00:00.000008762,-0.261367
1970-01-01 00:00:00.000008763,-0.262415
1970-01-01 00:00:00.000008764,-0.257029
1970-01-01 00:00:00.000008765,-0.226034
1970-01-01 00:00:00.000008766,-0.244184
1970-01-01 00:00:00.000008767,-0.278235
1970-01-01 00:00:00.000008768,-0.278228
1970-01-01 00:00:00.000008769,-0.2366889999999999
1970-01-01 00:00:00.000008770,-0.22291
1970-01-01 00:00:00.000008771,-0.215453
1970-01-01 00:00:00.000008772,-0.1973349999999999
1970-01-01 00:00:00.000008773,-0.180289
1970-01-01 00:00:00.000008774,-0.139759
1970-01-01 00:00:00.000008775,-0.100368
1970-01-01 00:00:00.000008776,-0.07482
1970-01-01 00:00:00.000008777,-0.030095
1970-01-01 00:00:00.000008778,0.02208
1970-01-01 00:00:00.000008779,0.053823
1970-01-01 00:00:00.000008780,0.082558
1970-01-01 00:00:00.000008781,0.117696
1970-01-01 00:00:00.000008782,0.136846
1970-01-01 00:00:00.000008783,0.158128
1970-01-01 00:00:00.000008784,0.198569
1970-01-01 00:00:00.000008785,0.228385
1970-01-01 00:00:00.000008786,0.250755
1970-01-01 00:00:00.000008787,0.282727
1970-01-01 00:00:00.000008788,0.313603
1970-01-01 00:00:00.000008789,0.324226
1970-01-01 00:00:00.000008790,0.334877
1970-01-01 00:00:00.000008791,0.384949
1970-01-01 00:00:00.000008792,0.4392899999999999
1970-01-01 00:00:00.000008793,0.456359
1970-01-01 00:00:00.000008794,0.446843
1970-01-01 00:00:00.000008795,0.4383359999999999
1970-01-01 00:00:00.000008796,0.418102
1970-01-01 00:00:00.000008797,0.4021139999999999
1970-01-01 00:00:00.000008798,0.405296
1970-01-01 00:00:00.000008799,0.432953
1970-01-01 00:00:00.000008800,0.437262
1970-01-01 00:00:00.000008801,0.443665
1970-01-01 00:00:00.000008802,0.4468789999999999
1970-01-01 00:00:00.000008803,0.427777
1970-01-01 00:00:00.000008804,0.426759
1970-01-01 00:00:00.000008805,0.464071
1970-01-01 00:00:00.000008806,0.487533
1970-01-01 00:00:00.000008807,0.487587
1970-01-01 00:00:00.000008808,0.484404
1970-01-01 00:00:00.000008809,0.4769739999999999
1970-01-01 00:00:00.000008810,0.4631189999999999
1970-01-01 00:00:00.000008811,0.418412
1970-01-01 00:00:00.000008812,0.409852
1970-01-01 00:00:00.000008813,0.419382
1970-01-01 00:00:00.000008814,0.422574
1970-01-01 00:00:00.000008815,0.40128
1970-01-01 00:00:00.000008816,0.371463
1970-01-01 00:00:00.000008817,0.36083
1970-01-01 00:00:00.000008818,0.378946
1970-01-01 00:00:00.000008819,0.384237
1970-01-01 00:00:00.000008820,0.363992
1970-01-01 00:00:00.000008821,0.3458969999999999
1970-01-01 00:00:00.000008822,0.321398
1970-01-01 00:00:00.000008823,0.292615
1970-01-01 00:00:00.000008824,0.276624
1970-01-01 00:00:00.000008825,0.257432
1970-01-01 00:00:00.000008826,0.228694
1970-01-01 00:00:00.000008827,0.2339889999999999
1970-01-01 00:00:00.000008828,0.2169179999999999
1970-01-01 00:00:00.000008829,0.190272
1970-01-01 00:00:00.000008830,0.13383
1970-01-01 00:00:00.000008831,0.1218619999999999
1970-01-01 00:00:00.000008832,0.089911
1970-01-01 00:00:00.000008833,0.072889
1970-01-01 00:00:00.000008834,0.028112
1970-01-01 00:00:00.000008835,-0.000666
1970-01-01 00:00:00.000008836,0.013198
1970-01-01 00:00:00.000008837,0.002543
1970-01-01 00:00:00.000008838,-0.022984
1970-01-01 00:00:00.000008839,-0.044277
1970-01-01 00:00:00.000008840,-0.048567
1970-01-01 00:00:00.000008841,-0.0539399999999999
1970-01-01 00:00:00.000008842,-0.058216
1970-01-01 00:00:00.000008843,-0.062494
1970-01-01 00:00:00.000008844,-0.077405
1970-01-01 00:00:00.000008845,-0.097645
1970-01-01 00:00:00.000008846,-0.110448
1970-01-01 00:00:00.000008847,-0.1115309999999999
1970-01-01 00:00:00.000008848,-0.108344
1970-01-01 00:00:00.000008849,-0.1211059999999999
1970-01-01 00:00:00.000008850,-0.136022
1970-01-01 00:00:00.000008851,-0.1434619999999999
1970-01-01 00:00:00.000008852,-0.156225
1970-01-01 00:00:00.000008853,-0.166855
1970-01-01 00:00:00.000008854,-0.16153
1970-01-01 00:00:00.000008855,-0.159425
1970-01-01 00:00:00.000008856,-0.157319
1970-01-01 00:00:00.000008857,-0.157334
1970-01-01 00:00:00.000008858,-0.157361
1970-01-01 00:00:00.000008859,-0.147777
1970-01-01 00:00:00.000008860,-0.13498
1970-01-01 00:00:00.000008861,-0.126439
1970-01-01 00:00:00.000008862,-0.114727
1970-01-01 00:00:00.000008863,-0.114725
1970-01-01 00:00:00.000008864,-0.1093789999999999
1970-01-01 00:00:00.000008865,-0.108287
1970-01-01 00:00:00.000008866,-0.104022
1970-01-01 00:00:00.000008867,-0.108289
1970-01-01 00:00:00.000008868,-0.139205
1970-01-01 00:00:00.000008869,-0.07741
1970-01-01 00:00:00.000008870,-0.0710269999999999
1970-01-01 00:00:00.000008871,-0.071012
1970-01-01 00:00:00.000008872,-0.048637
1970-01-01 00:00:00.000008873,-0.042239
1970-01-01 00:00:00.000008874,-0.047563
1970-01-01 00:00:00.000008875,-0.039024
1970-01-01 00:00:00.000008876,-0.033663
1970-01-01 00:00:00.000008877,-0.033635
1970-01-01 00:00:00.000008878,-0.033601
1970-01-01 00:00:00.000008879,-0.031457
1970-01-01 00:00:00.000008880,-0.034638
1970-01-01 00:00:00.000008881,-0.0391269999999999
1970-01-01 00:00:00.000008882,-0.043426
1970-01-01 00:00:00.000008883,-0.040291
1970-01-01 00:00:00.000008884,-0.02543
1970-01-01 00:00:00.000008885,-0.022261
1970-01-01 00:00:00.000008886,-0.027591
1970-01-01 00:00:00.000008887,-0.0233349999999999
1970-01-01 00:00:00.000008888,-0.016922
1970-01-01 00:00:00.000008889,-0.017986
1970-01-01 00:00:00.000008890,-0.0136979999999999
1970-01-01 00:00:00.000008891,-0.008376
1970-01-01 00:00:00.000008892,-0.014752
1970-01-01 00:00:00.000008893,-0.01262
1970-01-01 00:00:00.000008894,-0.005189
1970-01-01 00:00:00.000008895,-0.003084
1970-01-01 00:00:00.000008896,-0.000965
1970-01-01 00:00:00.000008897,0.001188
1970-01-01 00:00:00.000008898,0.002283
1970-01-01 00:00:00.000008899,0.005574
1970-01-01 00:00:00.000008900,0.012001
1970-01-01 00:00:00.000008901,0.015224
1970-01-01 00:00:00.000008902,0.007769
1970-01-01 00:00:00.000008903,0.0024289999999999
1970-01-01 00:00:00.000008904,0.004542
1970-01-01 00:00:00.000008905,0.0098459999999999
1970-01-01 00:00:00.000008906,0.01514
1970-01-01 00:00:00.000008907,0.03216
1970-01-01 00:00:00.000008908,0.039618
1970-01-01 00:00:00.000008909,0.0396209999999999
1970-01-01 00:00:00.000008910,0.03431
1970-01-01 00:00:00.000008911,0.0300579999999999
1970-01-01 00:00:00.000008912,0.0332579999999999
1970-01-01 00:00:00.000008913,0.0300639999999999
1970-01-01 00:00:00.000008914,0.024737
1970-01-01 00:00:00.000008915,0.021533
1970-01-01 00:00:00.000008916,0.0204729999999999
1970-01-01 00:00:00.000008917,0.025785
1970-01-01 00:00:00.000008918,0.024712
1970-01-01 00:00:00.000008919,0.021502
1970-01-01 00:00:00.000008920,0.016182
1970-01-01 00:00:00.000008921,0.015094
1970-01-01 00:00:00.000008922,0.014028
1970-01-01 00:00:00.000008923,0.0129629999999999
1970-01-01 00:00:00.000008924,0.012971
1970-01-01 00:00:00.000008925,0.005515
1970-01-01 00:00:00.000008926,0.006581
1970-01-01 00:00:00.000008927,0.006585
1970-01-01 00:00:00.000008928,0.0055119999999999
1970-01-01 00:00:00.000008929,0.003374
1970-01-01 00:00:00.000008930,-0.010467
1970-01-01 00:00:00.000008931,-0.018986
1970-01-01 00:00:00.000008932,-0.018045
1970-01-01 00:00:00.000008933,-0.009504
1970-01-01 00:00:00.000008934,0.002239
1970-01-01 00:00:00.000008935,0.001181
1970-01-01 00:00:00.000008936,0.0054259999999999
1970-01-01 00:00:00.000008937,0.0075379999999999
1970-01-01 00:00:00.000008938,0.013949
1970-01-01 00:00:00.000008939,0.01926
1970-01-01 00:00:00.000008940,0.0213949999999999
1970-01-01 00:00:00.000008941,0.012889
1970-01-01 00:00:00.000008942,0.002251
1970-01-01 00:00:00.000008943,0.000124
1970-01-01 00:00:00.000008944,0.000127
1970-01-01 00:00:00.000008945,0.002432
1970-01-01 00:00:00.000008946,0.006709
1970-01-01 00:00:00.000008947,0.003515
1970-01-01 00:00:00.000008948,0.002449
1970-01-01 00:00:00.000008949,0.005637
1970-01-01 00:00:00.000008950,0.008822
1970-01-01 00:00:00.000008951,0.001358
1970-01-01 00:00:00.000008952,-0.005044
1970-01-01 00:00:00.000008953,-0.003061
1970-01-01 00:00:00.000008954,0.003327
1970-01-01 00:00:00.000008955,-0.000932
1970-01-01 00:00:00.000008956,-0.004124
1970-01-01 00:00:00.000008957,-0.010512
1970-01-01 00:00:00.000008958,-0.0126349999999999
1970-01-01 00:00:00.000008959,-0.00837
1970-01-01 00:00:00.000008960,-0.012623
1970-01-01 00:00:00.000008961,-0.012637
1970-01-01 00:00:00.000008962,-0.011761
1970-01-01 00:00:00.000008963,-0.0053659999999999
1970-01-01 00:00:00.000008964,-0.0074769999999999
1970-01-01 00:00:00.000008965,-0.009612
1970-01-01 00:00:00.000008966,-0.009609
1970-01-01 00:00:00.000008967,-0.013857
1970-01-01 00:00:00.000008968,-0.0234419999999999
1970-01-01 00:00:00.000008969,-0.022456
1970-01-01 00:00:00.000008970,-0.022472
1970-01-01 00:00:00.000008971,-0.024597
1970-01-01 00:00:00.000008972,-0.020347
1970-01-01 00:00:00.000008973,-0.012886
1970-01-01 00:00:00.000008974,-0.008624
1970-01-01 00:00:00.000008975,-0.00649
1970-01-01 00:00:00.000008976,-0.0075599999999999
1970-01-01 00:00:00.000008977,-0.005581
1970-01-01 00:00:00.000008978,-0.002386
1970-01-01 00:00:00.000008979,-0.002367
1970-01-01 00:00:00.000008980,-0.003424
1970-01-01 00:00:00.000008981,-0.005561
1970-01-01 00:00:00.000008982,-0.005569
1970-01-01 00:00:00.000008983,-0.001333
1970-01-01 00:00:00.000008984,0.006121
1970-01-01 00:00:00.000008985,0.006116
1970-01-01 00:00:00.000008986,0.007063
1970-01-01 00:00:00.000008987,0.007063
1970-01-01 00:00:00.000008988,0.00281
1970-01-01 00:00:00.000008989,0.0017399999999999
1970-01-01 00:00:00.000008990,0.003863
1970-01-01 00:00:00.000008991,0.0081129999999999
1970-01-01 00:00:00.000008992,0.016635
1970-01-01 00:00:00.000008993,0.013455
1970-01-01 00:00:00.000008994,0.007059
1970-01-01 00:00:00.000008995,0.0060009999999999
1970-01-01 00:00:00.000008996,0.000662
1970-01-01 00:00:00.000008997,0.001709
1970-01-01 00:00:00.000008998,0.007017
1970-01-01 00:00:00.000008999,0.00699
1970-01-01 00:00:00.000009000,0.0069739999999999
1970-01-01 00:00:00.000009001,0.004823
1970-01-01 00:00:00.000009002,0.001749
1970-01-01 00:00:00.000009003,0.0070799999999999
1970-01-01 00:00:00.000009004,0.011341
1970-01-01 00:00:00.000009005,0.0070989999999999
1970-01-01 00:00:00.000009006,0.000718
1970-01-01 00:00:00.000009007,-0.004604
1970-01-01 00:00:00.000009008,-0.00885
1970-01-01 00:00:00.000009009,-0.009915
1970-01-01 00:00:00.000009010,-0.0107319999999999
1970-01-01 00:00:00.000009011,-0.008601
1970-01-01 00:00:00.000009012,-0.0085849999999999
1970-01-01 00:00:00.000009013,-0.011797
1970-01-01 00:00:00.000009014,-0.008617
1970-01-01 00:00:00.000009015,-0.003286
1970-01-01 00:00:00.000009016,-0.005409
1970-01-01 00:00:00.000009017,-0.007336
1970-01-01 00:00:00.000009018,-0.008417
1970-01-01 00:00:00.000009019,-0.00629
1970-01-01 00:00:00.000009020,-0.00414
1970-01-01 00:00:00.000009021,-0.0052049999999999
1970-01-01 00:00:00.000009022,-0.009459
1970-01-01 00:00:00.000009023,-0.003068
1970-01-01 00:00:00.000009024,0.005439
1970-01-01 00:00:00.000009025,0.0065
1970-01-01 00:00:00.000009026,0.008678
1970-01-01 00:00:00.000009027,0.011863
1970-01-01 00:00:00.000009028,0.011844
1970-01-01 00:00:00.000009029,0.01079
1970-01-01 00:00:00.000009030,0.0150669999999999
1970-01-01 00:00:00.000009031,0.010813
1970-01-01 00:00:00.000009032,0.004449
1970-01-01 00:00:00.000009033,-0.001919
1970-01-01 00:00:00.000009034,-0.005131
1970-01-01 00:00:00.000009035,-0.0051329999999999
1970-01-01 00:00:00.000009036,0.002319
1970-01-01 00:00:00.000009037,0.008689
1970-01-01 00:00:00.000009038,0.002286
1970-01-01 00:00:00.000009039,0.00229
1970-01-01 00:00:00.000009040,0.004409
1970-01-01 00:00:00.000009041,0.010745
1970-01-01 00:00:00.000009042,0.009675
1970-01-01 00:00:00.000009043,0.0043409999999999
1970-01-01 00:00:00.000009044,-0.006288
1970-01-01 00:00:00.000009045,-0.014794
1970-01-01 00:00:00.000009046,-0.011621
1970-01-01 00:00:00.000009047,-0.0052299999999999
1970-01-01 00:00:00.000009048,-0.007365
1970-01-01 00:00:00.000009049,-0.012625
1970-01-01 00:00:00.000009050,-0.000931
1970-01-01 00:00:00.000009051,0.017155
1970-01-01 00:00:00.000009052,0.033142
1970-01-01 00:00:00.000009053,0.033158
1970-01-01 00:00:00.000009054,0.033152
1970-01-01 00:00:00.000009055,0.043795
1970-01-01 00:00:00.000009056,0.040618
1970-01-01 00:00:00.000009057,0.018278
1970-01-01 00:00:00.000009058,0.001339
1970-01-01 00:00:00.000009059,-0.017792
1970-01-01 00:00:00.000009060,-0.023063
1970-01-01 00:00:00.000009061,-0.013471
1970-01-01 00:00:00.000009062,-0.01029
1970-01-01 00:00:00.000009063,-0.019905
1970-01-01 00:00:00.000009064,-0.02741
1970-01-01 00:00:00.000009065,-0.012624
1970-01-01 00:00:00.000009066,0.007545
1970-01-01 00:00:00.000009067,0.0117819999999999
1970-01-01 00:00:00.000009068,0.0128469999999999
1970-01-01 00:00:00.000009069,4.6e-05
1970-01-01 00:00:00.000009070,-0.0148639999999999
1970-01-01 00:00:00.000009071,-0.018008
1970-01-01 00:00:00.000009072,-0.021138
1970-01-01 00:00:00.000009073,-0.02429
1970-01-01 00:00:00.000009074,-0.020076
1970-01-01 00:00:00.000009075,-0.007324
1970-01-01 00:00:00.000009076,-0.010528
1970-01-01 00:00:00.000009077,-0.01162
1970-01-01 00:00:00.000009078,-0.008434
1970-01-01 00:00:00.000009079,-0.022228
1970-01-01 00:00:00.000009080,-0.041335
1970-01-01 00:00:00.000009081,-0.040256
1970-01-01 00:00:00.000009082,-0.065814
1970-01-01 00:00:00.000009083,-0.076444
1970-01-01 00:00:00.000009084,-0.08286
1970-01-01 00:00:00.000009085,-0.08077
1970-01-01 00:00:00.000009086,-0.076541
1970-01-01 00:00:00.000009087,-0.046762
1970-01-01 00:00:00.000009088,-0.054246
1970-01-01 00:00:00.000009089,-0.047858
1970-01-01 00:00:00.000009090,-0.04491
1970-01-01 00:00:00.000009091,-0.0396069999999999
1970-01-01 00:00:00.000009092,-0.040691
1970-01-01 00:00:00.000009093,-0.044951
1970-01-01 00:00:00.000009094,-0.038546
1970-01-01 00:00:00.000009095,-0.017211
1970-01-01 00:00:00.000009096,-0.016111
1970-01-01 00:00:00.000009097,-0.037453
1970-01-01 00:00:00.000009098,-0.062954
1970-01-01 00:00:00.000009099,-0.075708
1970-01-01 00:00:00.000009100,-0.090627
1970-01-01 00:00:00.000009101,-0.100233
1970-01-01 00:00:00.000009102,-0.099213
1970-01-01 00:00:00.000009103,-0.088619
1970-01-01 00:00:00.000009104,-0.070569
1970-01-01 00:00:00.000009105,-0.0652929999999999
1970-01-01 00:00:00.000009106,-0.059951
1970-01-01 00:00:00.000009107,-0.0610039999999999
1970-01-01 00:00:00.000009108,-0.064187
1970-01-01 00:00:00.000009109,-0.063113
1970-01-01 00:00:00.000009110,-0.0588429999999999
1970-01-01 00:00:00.000009111,-0.053472
1970-01-01 00:00:00.000009112,-0.054458
1970-01-01 00:00:00.000009113,-0.070098
1970-01-01 00:00:00.000009114,-0.076453
1970-01-01 00:00:00.000009115,-0.082848
1970-01-01 00:00:00.000009116,-0.0956809999999999
1970-01-01 00:00:00.000009117,-0.082951
1970-01-01 00:00:00.000009118,-0.061672
1970-01-01 00:00:00.000009119,-0.045716
1970-01-01 00:00:00.000009120,-0.05107
1970-01-01 00:00:00.000009121,-0.068107
1970-01-01 00:00:00.000009122,-0.072349
1970-01-01 00:00:00.000009123,-0.066981
1970-01-01 00:00:00.000009124,-0.054164
1970-01-01 00:00:00.000009125,-0.032833
1970-01-01 00:00:00.000009126,-0.041336
1970-01-01 00:00:00.000009127,-0.058376
1970-01-01 00:00:00.000009128,-0.060498
1970-01-01 00:00:00.000009129,-0.039214
1970-01-01 00:00:00.000009130,-0.025396
1970-01-01 00:00:00.000009131,-0.024337
1970-01-01 00:00:00.000009132,-0.010512
1970-01-01 00:00:00.000009133,-0.0041259999999999
1970-01-01 00:00:00.000009134,0.001232
1970-01-01 00:00:00.000009135,-0.002995
1970-01-01 00:00:00.000009136,-0.003832
1970-01-01 00:00:00.000009137,-0.002757
1970-01-01 00:00:00.000009138,-0.010225
1970-01-01 00:00:00.000009139,-0.004922
1970-01-01 00:00:00.000009140,0.0078219999999999
1970-01-01 00:00:00.000009141,0.021629
1970-01-01 00:00:00.000009142,0.0280029999999999
1970-01-01 00:00:00.000009143,0.032237
1970-01-01 00:00:00.000009144,0.0311639999999999
1970-01-01 00:00:00.000009145,0.029033
1970-01-01 00:00:00.000009146,0.036522
1970-01-01 00:00:00.000009147,0.030149
1970-01-01 00:00:00.000009148,0.027011
1970-01-01 00:00:00.000009149,0.023841
1970-01-01 00:00:00.000009150,0.014259
1970-01-01 00:00:00.000009151,0.0110549999999999
1970-01-01 00:00:00.000009152,0.0301759999999999
1970-01-01 00:00:00.000009153,0.037622
1970-01-01 00:00:00.000009154,0.0184569999999999
1970-01-01 00:00:00.000009155,-0.004963
1970-01-01 00:00:00.000009156,-0.004974
1970-01-01 00:00:00.000009157,0.0088709999999999
1970-01-01 00:00:00.000009158,0.007817
1970-01-01 00:00:00.000009159,-0.011349
1970-01-01 00:00:00.000009160,-0.018822
1970-01-01 00:00:00.000009161,-0.008179
1970-01-01 00:00:00.000009162,0.000334
1970-01-01 00:00:00.000009163,-0.006039
1970-01-01 00:00:00.000009164,-0.031579
1970-01-01 00:00:00.000009165,-0.060328
1970-01-01 00:00:00.000009166,-0.06992
1970-01-01 00:00:00.000009167,-0.094435
1970-01-01 00:00:00.000009168,-0.1264
1970-01-01 00:00:00.000009169,-0.145584
1970-01-01 00:00:00.000009170,-0.151998
1970-01-01 00:00:00.000009171,-0.157362
1970-01-01 00:00:00.000009172,-0.16914
1970-01-01 00:00:00.000009173,-0.198981
1970-01-01 00:00:00.000009174,-0.227766
1970-01-01 00:00:00.000009175,-0.243758
1970-01-01 00:00:00.000009176,-0.223516
1970-01-01 00:00:00.000009177,-0.21711
1970-01-01 00:00:00.000009178,-0.213823
1970-01-01 00:00:00.000009179,-0.2265989999999999
1970-01-01 00:00:00.000009180,-0.274482
1970-01-01 00:00:00.000009181,-0.317065
1970-01-01 00:00:00.000009182,-0.312766
1970-01-01 00:00:00.000009183,-0.2999679999999999
1970-01-01 00:00:00.000009184,-0.301033
1970-01-01 00:00:00.000009185,-0.26905
1970-01-01 00:00:00.000009186,-0.233945
1970-01-01 00:00:00.000009187,-0.272528
1970-01-01 00:00:00.000009188,-0.318393
1970-01-01 00:00:00.000009189,-0.33868
1970-01-01 00:00:00.000009190,-0.333363
1970-01-01 00:00:00.000009191,-0.309963
1970-01-01 00:00:00.000009192,-0.3121239999999999
1970-01-01 00:00:00.000009193,-0.333446
1970-01-01 00:00:00.000009194,-0.3301719999999999
1970-01-01 00:00:00.000009195,-0.3354789999999999
1970-01-01 00:00:00.000009196,-0.374901
1970-01-01 00:00:00.000009197,-0.39191
1970-01-01 00:00:00.000009198,-0.385464
1970-01-01 00:00:00.000009199,-0.3597849999999999
1970-01-01 00:00:00.000009200,-0.38968
1970-01-01 00:00:00.000009201,-0.415216
1970-01-01 00:00:00.000009202,-0.4131039999999999
1970-01-01 00:00:00.000009203,-0.391816
1970-01-01 00:00:00.000009204,-0.374807
1970-01-01 00:00:00.000009205,-0.376958
1970-01-01 00:00:00.000009206,-0.399346
1970-01-01 00:00:00.000009207,-0.420616
1970-01-01 00:00:00.000009208,-0.482421
1970-01-01 00:00:00.000009209,-0.54535
1970-01-01 00:00:00.000009210,-0.613558
1970-01-01 00:00:00.000009211,-0.719008
1970-01-01 00:00:00.000009212,-0.814863
1970-01-01 00:00:00.000009213,-0.860655
1970-01-01 00:00:00.000009214,-0.862798
1970-01-01 00:00:00.000009215,-0.866991
1970-01-01 00:00:00.000009216,-0.8860370000000001
1970-01-01 00:00:00.000009217,-0.94903
1970-01-01 00:00:00.000009218,-1.001336
1970-01-01 00:00:00.000009219,-1.051424
1970-01-01 00:00:00.000009220,-1.086651
1970-01-01 00:00:00.000009221,-1.069643
1970-01-01 00:00:00.000009222,-1.037554
1970-01-01 00:00:00.000009223,-1.086724
1970-01-01 00:00:00.000009224,-1.140032
1970-01-01 00:00:00.000009225,-1.146499
1970-01-01 00:00:00.000009226,-1.109329
1970-01-01 00:00:00.000009227,-1.062598
1970-01-01 00:00:00.000009228,-1.09793
1970-01-01 00:00:00.000009229,-1.096041
1970-01-01 00:00:00.000009230,-1.199399
1970-01-01 00:00:00.000009231,-1.104538
1970-01-01 00:00:00.000009232,-0.945726
1970-01-01 00:00:00.000009233,-0.840052
1970-01-01 00:00:00.000009234,-0.7355430000000001
1970-01-01 00:00:00.000009235,-0.7642760000000001
1970-01-01 00:00:00.000009236,-0.8260639999999999
1970-01-01 00:00:00.000009237,-0.825832
1970-01-01 00:00:00.000009238,-0.6466569999999999
1970-01-01 00:00:00.000009239,-0.456118
1970-01-01 00:00:00.000009240,-0.385738
1970-01-01 00:00:00.000009241,-0.279197
1970-01-01 00:00:00.000009242,-0.227901
1970-01-01 00:00:00.000009243,-0.09687
1970-01-01 00:00:00.000009244,0.014012
1970-01-01 00:00:00.000009245,0.1142099999999999
1970-01-01 00:00:00.000009246,0.154685
1970-01-01 00:00:00.000009247,0.173865
1970-01-01 00:00:00.000009248,0.237706
1970-01-01 00:00:00.000009249,0.290913
1970-01-01 00:00:00.000009250,0.353774
1970-01-01 00:00:00.000009251,0.459196
1970-01-01 00:00:00.000009252,0.507121
1970-01-01 00:00:00.000009253,0.513591
1970-01-01 00:00:00.000009254,0.5626329999999999
1970-01-01 00:00:00.000009255,0.639314
1970-01-01 00:00:00.000009256,0.67343
1970-01-01 00:00:00.000009257,0.716075
1970-01-01 00:00:00.000009258,0.757595
1970-01-01 00:00:00.000009259,0.801272
1970-01-01 00:00:00.000009260,0.8545159999999999
1970-01-01 00:00:00.000009261,0.897049
1970-01-01 00:00:00.000009262,0.908703
1970-01-01 00:00:00.000009263,0.906564
1970-01-01 00:00:00.000009264,0.940679
1970-01-01 00:00:00.000009265,1.018437
1970-01-01 00:00:00.000009266,1.063219
1970-01-01 00:00:00.000009267,1.064357
1970-01-01 00:00:00.000009268,1.074006
1970-01-01 00:00:00.000009269,1.118795
1970-01-01 00:00:00.000009270,1.160424
1970-01-01 00:00:00.000009271,1.218027
1970-01-01 00:00:00.000009272,1.25219
1970-01-01 00:00:00.000009273,1.233096
1970-01-01 00:00:00.000009274,1.176757
1970-01-01 00:00:00.000009275,1.092776
1970-01-01 00:00:00.000009276,1.0767
1970-01-01 00:00:00.000009277,0.992471
1970-01-01 00:00:00.000009278,0.924003
1970-01-01 00:00:00.000009279,0.8438889999999999
1970-01-01 00:00:00.000009280,0.892543
1970-01-01 00:00:00.000009281,1.020128
1970-01-01 00:00:00.000009282,1.23603
1970-01-01 00:00:00.000009283,1.4242780000000002
1970-01-01 00:00:00.000009284,1.425402
1970-01-01 00:00:00.000009285,1.262459
1970-01-01 00:00:00.000009286,1.085946
1970-01-01 00:00:00.000009287,0.8444879999999999
1970-01-01 00:00:00.000009288,0.6115189999999999
1970-01-01 00:00:00.000009289,0.441314
1970-01-01 00:00:00.000009290,0.376245
1970-01-01 00:00:00.000009291,0.456089
1970-01-01 00:00:00.000009292,0.598704
1970-01-01 00:00:00.000009293,0.657243
1970-01-01 00:00:00.000009294,0.692298
1970-01-01 00:00:00.000009295,0.683689
1970-01-01 00:00:00.000009296,0.6484979999999999
1970-01-01 00:00:00.000009297,0.579241
1970-01-01 00:00:00.000009298,0.521668
1970-01-01 00:00:00.000009299,0.449197
1970-01-01 00:00:00.000009300,0.411923
1970-01-01 00:00:00.000009301,0.3565239999999999
1970-01-01 00:00:00.000009302,0.316071
1970-01-01 00:00:00.000009303,0.283063
1970-01-01 00:00:00.000009304,0.2457619999999999
1970-01-01 00:00:00.000009305,0.219085
1970-01-01 00:00:00.000009306,0.19347
