time_captured,ups_3_sub_4_rotationRate.x
1970-01-01 00:00:00.000000000,2.369819
1970-01-01 00:00:00.000000001,2.92888
1970-01-01 00:00:00.000000002,3.136011
1970-01-01 00:00:00.000000003,2.938044
1970-01-01 00:00:00.000000004,2.819609
1970-01-01 00:00:00.000000005,2.272017
1970-01-01 00:00:00.000000006,1.49951
1970-01-01 00:00:00.000000007,0.920829
1970-01-01 00:00:00.000000008,1.7901490000000002
1970-01-01 00:00:00.000000009,2.18469
1970-01-01 00:00:00.000000010,2.3280380000000003
1970-01-01 00:00:00.000000011,3.241574
1970-01-01 00:00:00.000000012,3.738111
1970-01-01 00:00:00.000000013,3.423055
1970-01-01 00:00:00.000000014,3.063601
1970-01-01 00:00:00.000000015,2.370339
1970-01-01 00:00:00.000000016,1.77118
1970-01-01 00:00:00.000000017,1.346573
1970-01-01 00:00:00.000000018,0.242971
1970-01-01 00:00:00.000000019,-1.273768
1970-01-01 00:00:00.000000020,-2.836274
1970-01-01 00:00:00.000000021,-3.876469
1970-01-01 00:00:00.000000022,-3.186697
1970-01-01 00:00:00.000000023,-3.932393
1970-01-01 00:00:00.000000024,-3.060128
1970-01-01 00:00:00.000000025,-1.540823
1970-01-01 00:00:00.000000026,-0.6313989999999999
1970-01-01 00:00:00.000000027,-0.924188
1970-01-01 00:00:00.000000028,-1.669509
1970-01-01 00:00:00.000000029,-2.445803
1970-01-01 00:00:00.000000030,-2.935673
1970-01-01 00:00:00.000000031,-2.833172
1970-01-01 00:00:00.000000032,-2.132002
1970-01-01 00:00:00.000000033,-0.858075
1970-01-01 00:00:00.000000034,-0.556613
1970-01-01 00:00:00.000000035,-0.944919
1970-01-01 00:00:00.000000036,-0.8694440000000001
1970-01-01 00:00:00.000000037,-0.139842
1970-01-01 00:00:00.000000038,0.190634
1970-01-01 00:00:00.000000039,-0.068383
1970-01-01 00:00:00.000000040,-0.6888489999999999
1970-01-01 00:00:00.000000041,-1.214806
1970-01-01 00:00:00.000000042,-1.444937
1970-01-01 00:00:00.000000043,-1.0919530000000002
1970-01-01 00:00:00.000000044,-0.556096
1970-01-01 00:00:00.000000045,-0.258642
1970-01-01 00:00:00.000000046,-0.250738
1970-01-01 00:00:00.000000047,-0.26408
1970-01-01 00:00:00.000000048,-0.109289
1970-01-01 00:00:00.000000049,-0.102107
1970-01-01 00:00:00.000000050,-0.41983
1970-01-01 00:00:00.000000051,-0.6846270000000001
1970-01-01 00:00:00.000000052,-0.692435
1970-01-01 00:00:00.000000053,-0.652939
1970-01-01 00:00:00.000000054,-0.637015
1970-01-01 00:00:00.000000055,-0.2119469999999999
1970-01-01 00:00:00.000000056,0.568282
1970-01-01 00:00:00.000000057,1.082275
1970-01-01 00:00:00.000000058,1.794817
1970-01-01 00:00:00.000000059,2.433098
1970-01-01 00:00:00.000000060,2.814844
1970-01-01 00:00:00.000000061,2.851572
1970-01-01 00:00:00.000000062,2.842733
1970-01-01 00:00:00.000000063,2.109051
1970-01-01 00:00:00.000000064,1.223083
1970-01-01 00:00:00.000000065,1.044146
1970-01-01 00:00:00.000000066,1.853031
1970-01-01 00:00:00.000000067,1.478117
1970-01-01 00:00:00.000000068,1.660718
1970-01-01 00:00:00.000000069,2.974075
1970-01-01 00:00:00.000000070,3.272005
1970-01-01 00:00:00.000000071,2.7879400000000003
1970-01-01 00:00:00.000000072,2.432287
1970-01-01 00:00:00.000000073,2.187006
1970-01-01 00:00:00.000000074,1.794412
1970-01-01 00:00:00.000000075,1.125487
1970-01-01 00:00:00.000000076,0.60205
1970-01-01 00:00:00.000000077,-0.277319
1970-01-01 00:00:00.000000078,-1.657123
1970-01-01 00:00:00.000000079,-3.062873
1970-01-01 00:00:00.000000080,-3.908057
1970-01-01 00:00:00.000000081,-3.137398
1970-01-01 00:00:00.000000082,-3.037845
1970-01-01 00:00:00.000000083,-2.313001
1970-01-01 00:00:00.000000084,-0.3941389999999999
1970-01-01 00:00:00.000000085,-0.353088
1970-01-01 00:00:00.000000086,-0.948125
1970-01-01 00:00:00.000000087,-1.846736
1970-01-01 00:00:00.000000088,-2.684438
1970-01-01 00:00:00.000000089,-3.273082
1970-01-01 00:00:00.000000090,-3.414904
1970-01-01 00:00:00.000000091,-2.631569
1970-01-01 00:00:00.000000092,-1.179589
1970-01-01 00:00:00.000000093,-0.356694
1970-01-01 00:00:00.000000094,0.049907
1970-01-01 00:00:00.000000095,0.039517
1970-01-01 00:00:00.000000096,-0.214309
1970-01-01 00:00:00.000000097,-0.284395
1970-01-01 00:00:00.000000098,-0.439888
1970-01-01 00:00:00.000000099,-0.972272
1970-01-01 00:00:00.000000100,-1.471667
1970-01-01 00:00:00.000000101,-1.645878
1970-01-01 00:00:00.000000102,-0.766374
1970-01-01 00:00:00.000000103,-0.414681
1970-01-01 00:00:00.000000104,-0.446252
1970-01-01 00:00:00.000000105,-0.485417
1970-01-01 00:00:00.000000106,-0.544293
1970-01-01 00:00:00.000000107,-0.546074
1970-01-01 00:00:00.000000108,-0.677005
1970-01-01 00:00:00.000000109,-0.587863
1970-01-01 00:00:00.000000110,-0.283668
1970-01-01 00:00:00.000000111,-0.114106
1970-01-01 00:00:00.000000112,-0.075603
1970-01-01 00:00:00.000000113,0.270573
1970-01-01 00:00:00.000000114,0.950808
1970-01-01 00:00:00.000000115,1.50088
1970-01-01 00:00:00.000000116,1.724252
1970-01-01 00:00:00.000000117,2.295554
1970-01-01 00:00:00.000000118,2.833559
1970-01-01 00:00:00.000000119,2.739991
1970-01-01 00:00:00.000000120,2.388363
1970-01-01 00:00:00.000000121,1.900395
1970-01-01 00:00:00.000000122,1.432303
1970-01-01 00:00:00.000000123,0.7763979999999999
1970-01-01 00:00:00.000000124,1.353169
1970-01-01 00:00:00.000000125,1.96176
1970-01-01 00:00:00.000000126,1.9509330000000005
1970-01-01 00:00:00.000000127,1.717729
1970-01-01 00:00:00.000000128,2.682052
1970-01-01 00:00:00.000000129,3.174041
1970-01-01 00:00:00.000000130,3.401212
1970-01-01 00:00:00.000000131,3.276021
1970-01-01 00:00:00.000000132,2.662966
1970-01-01 00:00:00.000000133,1.6503849999999998
1970-01-01 00:00:00.000000134,0.927224
1970-01-01 00:00:00.000000135,0.407906
1970-01-01 00:00:00.000000136,-0.0518669999999999
1970-01-01 00:00:00.000000137,-0.545489
1970-01-01 00:00:00.000000138,-1.091917
1970-01-01 00:00:00.000000139,-1.630028
1970-01-01 00:00:00.000000140,-1.884197
1970-01-01 00:00:00.000000141,-1.83101
1970-01-01 00:00:00.000000142,-1.870419
1970-01-01 00:00:00.000000143,-2.663888
1970-01-01 00:00:00.000000144,-1.949831
1970-01-01 00:00:00.000000145,-1.618638
1970-01-01 00:00:00.000000146,-1.696857
1970-01-01 00:00:00.000000147,-2.482338
1970-01-01 00:00:00.000000148,-2.886484
1970-01-01 00:00:00.000000149,-2.835797
1970-01-01 00:00:00.000000150,-2.678604
1970-01-01 00:00:00.000000151,-2.527693
1970-01-01 00:00:00.000000152,-2.379323
1970-01-01 00:00:00.000000153,-2.461416
1970-01-01 00:00:00.000000154,-2.57445
1970-01-01 00:00:00.000000155,-2.114199
1970-01-01 00:00:00.000000156,-1.71576
1970-01-01 00:00:00.000000157,-1.851592
1970-01-01 00:00:00.000000158,-1.889275
1970-01-01 00:00:00.000000159,-1.655502
1970-01-01 00:00:00.000000160,-1.2412379999999998
1970-01-01 00:00:00.000000161,-0.929623
1970-01-01 00:00:00.000000162,-0.939622
1970-01-01 00:00:00.000000163,-1.04194
1970-01-01 00:00:00.000000164,-1.131414
1970-01-01 00:00:00.000000165,-1.157167
1970-01-01 00:00:00.000000166,-1.20702
1970-01-01 00:00:00.000000167,-1.475033
1970-01-01 00:00:00.000000168,-1.6824310000000002
1970-01-01 00:00:00.000000169,-1.854502
1970-01-01 00:00:00.000000170,-1.5669540000000002
1970-01-01 00:00:00.000000171,-0.897545
1970-01-01 00:00:00.000000172,-0.543093
1970-01-01 00:00:00.000000173,-1.027645
1970-01-01 00:00:00.000000174,-1.022265
1970-01-01 00:00:00.000000175,-0.3144949999999999
1970-01-01 00:00:00.000000176,-0.2193369999999999
1970-01-01 00:00:00.000000177,-0.067226
1970-01-01 00:00:00.000000178,0.293256
1970-01-01 00:00:00.000000179,0.738694
1970-01-01 00:00:00.000000180,1.206129
1970-01-01 00:00:00.000000181,1.781051
1970-01-01 00:00:00.000000182,2.673298
1970-01-01 00:00:00.000000183,3.272704
1970-01-01 00:00:00.000000184,3.603815
1970-01-01 00:00:00.000000185,2.985265
1970-01-01 00:00:00.000000186,2.157792
1970-01-01 00:00:00.000000187,2.005882
1970-01-01 00:00:00.000000188,2.507984
1970-01-01 00:00:00.000000189,2.171109
1970-01-01 00:00:00.000000190,2.221638
1970-01-01 00:00:00.000000191,2.125193
1970-01-01 00:00:00.000000192,1.83015
1970-01-01 00:00:00.000000193,1.926285
1970-01-01 00:00:00.000000194,1.684755
1970-01-01 00:00:00.000000195,1.557876
1970-01-01 00:00:00.000000196,1.48304
1970-01-01 00:00:00.000000197,1.354614
1970-01-01 00:00:00.000000198,1.142594
1970-01-01 00:00:00.000000199,0.682794
1970-01-01 00:00:00.000000200,0.148744
1970-01-01 00:00:00.000000201,-0.541859
1970-01-01 00:00:00.000000202,-1.325811
1970-01-01 00:00:00.000000203,-1.759726
1970-01-01 00:00:00.000000204,-1.193735
1970-01-01 00:00:00.000000205,-1.073842
1970-01-01 00:00:00.000000206,-0.762254
1970-01-01 00:00:00.000000207,-0.186478
1970-01-01 00:00:00.000000208,-0.60487
1970-01-01 00:00:00.000000209,-0.865609
1970-01-01 00:00:00.000000210,-1.272106
1970-01-01 00:00:00.000000211,-1.929803
1970-01-01 00:00:00.000000212,-0.7859619999999999
1970-01-01 00:00:00.000000213,-0.670424
1970-01-01 00:00:00.000000214,-1.369035
1970-01-01 00:00:00.000000215,-1.755267
1970-01-01 00:00:00.000000216,-2.227078
1970-01-01 00:00:00.000000217,-2.810796
1970-01-01 00:00:00.000000218,-3.114049
1970-01-01 00:00:00.000000219,-2.488
1970-01-01 00:00:00.000000220,-1.430012
1970-01-01 00:00:00.000000221,-0.185419
1970-01-01 00:00:00.000000222,-0.54548
1970-01-01 00:00:00.000000223,-1.491737
1970-01-01 00:00:00.000000224,-1.587707
1970-01-01 00:00:00.000000225,-1.527832
1970-01-01 00:00:00.000000226,-1.577271
1970-01-01 00:00:00.000000227,-1.45972
1970-01-01 00:00:00.000000228,-1.309078
1970-01-01 00:00:00.000000229,-1.379808
1970-01-01 00:00:00.000000230,-1.455603
1970-01-01 00:00:00.000000231,-1.076087
1970-01-01 00:00:00.000000232,-0.54537
1970-01-01 00:00:00.000000233,-0.4511229999999999
1970-01-01 00:00:00.000000234,-0.109854
1970-01-01 00:00:00.000000235,0.091249
1970-01-01 00:00:00.000000236,0.212765
1970-01-01 00:00:00.000000237,0.405617
1970-01-01 00:00:00.000000238,0.986923
1970-01-01 00:00:00.000000239,2.074979
1970-01-01 00:00:00.000000240,2.9480880000000003
1970-01-01 00:00:00.000000241,4.104986
1970-01-01 00:00:00.000000242,3.945822
1970-01-01 00:00:00.000000243,4.086928
1970-01-01 00:00:00.000000244,3.5367620000000004
1970-01-01 00:00:00.000000245,2.582274
1970-01-01 00:00:00.000000246,2.006448
1970-01-01 00:00:00.000000247,1.450174
1970-01-01 00:00:00.000000248,2.17834
1970-01-01 00:00:00.000000249,2.283864
1970-01-01 00:00:00.000000250,2.186368
1970-01-01 00:00:00.000000251,1.614532
1970-01-01 00:00:00.000000252,1.365361
1970-01-01 00:00:00.000000253,1.388164
1970-01-01 00:00:00.000000254,1.268669
1970-01-01 00:00:00.000000255,0.8512790000000001
1970-01-01 00:00:00.000000256,0.2030809999999999
1970-01-01 00:00:00.000000257,-0.705186
1970-01-01 00:00:00.000000258,-1.847248
1970-01-01 00:00:00.000000259,-2.904244
1970-01-01 00:00:00.000000260,-3.199445
1970-01-01 00:00:00.000000261,0.475963
1970-01-01 00:00:00.000000262,1.18094
1970-01-01 00:00:00.000000263,1.2020030000000002
1970-01-01 00:00:00.000000264,-0.3065989999999999
1970-01-01 00:00:00.000000265,-0.919129
1970-01-01 00:00:00.000000266,-0.723096
1970-01-01 00:00:00.000000267,-0.44931
1970-01-01 00:00:00.000000268,-0.964045
1970-01-01 00:00:00.000000269,-0.958449
1970-01-01 00:00:00.000000270,-0.949915
1970-01-01 00:00:00.000000271,-1.074334
1970-01-01 00:00:00.000000272,-1.040874
1970-01-01 00:00:00.000000273,-0.925334
1970-01-01 00:00:00.000000274,-1.6454419999999998
1970-01-01 00:00:00.000000275,-1.886868
1970-01-01 00:00:00.000000276,-1.46289
1970-01-01 00:00:00.000000277,-1.723438
1970-01-01 00:00:00.000000278,-2.319947
1970-01-01 00:00:00.000000279,-2.213444
1970-01-01 00:00:00.000000280,-1.405801
1970-01-01 00:00:00.000000281,-0.261211
1970-01-01 00:00:00.000000282,0.128919
1970-01-01 00:00:00.000000283,-0.2966
1970-01-01 00:00:00.000000284,-0.5849340000000001
1970-01-01 00:00:00.000000285,-0.656953
1970-01-01 00:00:00.000000286,-0.79067
1970-01-01 00:00:00.000000287,-0.724137
1970-01-01 00:00:00.000000288,-0.506137
1970-01-01 00:00:00.000000289,-0.332574
1970-01-01 00:00:00.000000290,-0.230584
1970-01-01 00:00:00.000000291,0.390557
1970-01-01 00:00:00.000000292,1.148201
1970-01-01 00:00:00.000000293,2.164019
1970-01-01 00:00:00.000000294,3.4987790000000003
1970-01-01 00:00:00.000000295,4.204618
1970-01-01 00:00:00.000000296,3.889273
1970-01-01 00:00:00.000000297,4.0119370000000005
1970-01-01 00:00:00.000000298,3.789495
1970-01-01 00:00:00.000000299,3.415264
1970-01-01 00:00:00.000000300,3.136435
1970-01-01 00:00:00.000000301,2.360593
1970-01-01 00:00:00.000000302,1.087307
1970-01-01 00:00:00.000000303,0.182041
1970-01-01 00:00:00.000000304,0.460265
1970-01-01 00:00:00.000000305,0.8392940000000001
1970-01-01 00:00:00.000000306,1.3293780000000002
1970-01-01 00:00:00.000000307,1.307332
1970-01-01 00:00:00.000000308,1.33647
1970-01-01 00:00:00.000000309,1.630447
1970-01-01 00:00:00.000000310,1.775102
1970-01-01 00:00:00.000000311,1.470602
1970-01-01 00:00:00.000000312,0.982139
1970-01-01 00:00:00.000000313,0.238918
1970-01-01 00:00:00.000000314,-0.386187
1970-01-01 00:00:00.000000315,-0.895178
1970-01-01 00:00:00.000000316,-0.8400569999999999
1970-01-01 00:00:00.000000317,-0.5611659999999999
1970-01-01 00:00:00.000000318,-0.187334
1970-01-01 00:00:00.000000319,-0.464811
1970-01-01 00:00:00.000000320,-0.553625
1970-01-01 00:00:00.000000321,-0.772234
1970-01-01 00:00:00.000000322,-1.669244
1970-01-01 00:00:00.000000323,-1.913896
1970-01-01 00:00:00.000000324,-0.641439
1970-01-01 00:00:00.000000325,-0.046533
1970-01-01 00:00:00.000000326,-0.851461
1970-01-01 00:00:00.000000327,-1.120746
1970-01-01 00:00:00.000000328,-1.6013
1970-01-01 00:00:00.000000329,-2.570522
1970-01-01 00:00:00.000000330,-3.048338
1970-01-01 00:00:00.000000331,-2.360472
1970-01-01 00:00:00.000000332,-0.986469
1970-01-01 00:00:00.000000333,-0.2392659999999999
1970-01-01 00:00:00.000000334,-0.816999
1970-01-01 00:00:00.000000335,-1.670175
1970-01-01 00:00:00.000000336,-1.726016
1970-01-01 00:00:00.000000337,-1.720459
1970-01-01 00:00:00.000000338,-1.627916
1970-01-01 00:00:00.000000339,-1.541139
1970-01-01 00:00:00.000000340,-1.73246
1970-01-01 00:00:00.000000341,-1.679886
1970-01-01 00:00:00.000000342,-0.854907
1970-01-01 00:00:00.000000343,-0.772928
1970-01-01 00:00:00.000000344,-0.87345
1970-01-01 00:00:00.000000345,-0.782521
1970-01-01 00:00:00.000000346,-0.659177
1970-01-01 00:00:00.000000347,-0.127899
1970-01-01 00:00:00.000000348,0.45427
1970-01-01 00:00:00.000000349,1.053225
1970-01-01 00:00:00.000000350,1.7767380000000002
1970-01-01 00:00:00.000000351,3.056686
1970-01-01 00:00:00.000000352,3.585193
1970-01-01 00:00:00.000000353,3.55555
1970-01-01 00:00:00.000000354,3.553469
1970-01-01 00:00:00.000000355,3.353051
1970-01-01 00:00:00.000000356,2.563103
1970-01-01 00:00:00.000000357,1.989895
1970-01-01 00:00:00.000000358,1.300214
1970-01-01 00:00:00.000000359,1.816249
1970-01-01 00:00:00.000000360,1.665475
1970-01-01 00:00:00.000000361,1.445382
1970-01-01 00:00:00.000000362,2.099046
1970-01-01 00:00:00.000000363,2.0691330000000003
1970-01-01 00:00:00.000000364,1.7351740000000002
1970-01-01 00:00:00.000000365,1.528031
1970-01-01 00:00:00.000000366,1.0452709999999998
1970-01-01 00:00:00.000000367,0.4341649999999999
1970-01-01 00:00:00.000000368,-0.366946
1970-01-01 00:00:00.000000369,-1.330283
1970-01-01 00:00:00.000000370,-2.210277
1970-01-01 00:00:00.000000371,-2.650675
1970-01-01 00:00:00.000000372,-1.250551
1970-01-01 00:00:00.000000373,0.6352720000000001
1970-01-01 00:00:00.000000374,0.274808
1970-01-01 00:00:00.000000375,-0.57234
1970-01-01 00:00:00.000000376,-1.338846
1970-01-01 00:00:00.000000377,-1.156763
1970-01-01 00:00:00.000000378,-1.070055
1970-01-01 00:00:00.000000379,-0.986478
1970-01-01 00:00:00.000000380,-0.699783
1970-01-01 00:00:00.000000381,-1.29622
1970-01-01 00:00:00.000000382,-1.880319
1970-01-01 00:00:00.000000383,-2.38498
1970-01-01 00:00:00.000000384,-2.672026
1970-01-01 00:00:00.000000385,-2.260249
1970-01-01 00:00:00.000000386,-1.242476
1970-01-01 00:00:00.000000387,-0.176867
1970-01-01 00:00:00.000000388,-0.872017
1970-01-01 00:00:00.000000389,-1.793734
1970-01-01 00:00:00.000000390,-1.981548
1970-01-01 00:00:00.000000391,-1.9019580000000005
1970-01-01 00:00:00.000000392,-1.888776
1970-01-01 00:00:00.000000393,-1.6633939999999998
1970-01-01 00:00:00.000000394,-1.377504
1970-01-01 00:00:00.000000395,-1.246517
1970-01-01 00:00:00.000000396,-1.235216
1970-01-01 00:00:00.000000397,-1.278894
1970-01-01 00:00:00.000000398,-1.40575
1970-01-01 00:00:00.000000399,-0.665446
1970-01-01 00:00:00.000000400,-0.038026
1970-01-01 00:00:00.000000401,0.147307
1970-01-01 00:00:00.000000402,0.256295
1970-01-01 00:00:00.000000403,1.088886
1970-01-01 00:00:00.000000404,2.154018
1970-01-01 00:00:00.000000405,2.980386
1970-01-01 00:00:00.000000406,3.817136
1970-01-01 00:00:00.000000407,3.630756
1970-01-01 00:00:00.000000408,2.798203
1970-01-01 00:00:00.000000409,2.370705
1970-01-01 00:00:00.000000410,2.2338150000000003
1970-01-01 00:00:00.000000411,3.142442
1970-01-01 00:00:00.000000412,3.3271010000000003
1970-01-01 00:00:00.000000413,2.307101
1970-01-01 00:00:00.000000414,2.696386
1970-01-01 00:00:00.000000415,3.075007
1970-01-01 00:00:00.000000416,3.345787
1970-01-01 00:00:00.000000417,3.083332
1970-01-01 00:00:00.000000418,3.4382580000000003
1970-01-01 00:00:00.000000419,3.547965
1970-01-01 00:00:00.000000420,3.024929
1970-01-01 00:00:00.000000421,2.1979580000000003
1970-01-01 00:00:00.000000422,1.372457
1970-01-01 00:00:00.000000423,0.446672
1970-01-01 00:00:00.000000424,-0.230508
1970-01-01 00:00:00.000000425,-0.441706
1970-01-01 00:00:00.000000426,-0.526061
1970-01-01 00:00:00.000000427,-0.966476
1970-01-01 00:00:00.000000428,-1.504941
1970-01-01 00:00:00.000000429,-1.870726
1970-01-01 00:00:00.000000430,-2.542961
1970-01-01 00:00:00.000000431,-2.583342
1970-01-01 00:00:00.000000432,-3.3604190000000003
1970-01-01 00:00:00.000000433,-3.19088
1970-01-01 00:00:00.000000434,-3.070882
1970-01-01 00:00:00.000000435,-3.665091
1970-01-01 00:00:00.000000436,-3.986864
1970-01-01 00:00:00.000000437,-2.984182
1970-01-01 00:00:00.000000438,-1.454462
1970-01-01 00:00:00.000000439,-0.767759
1970-01-01 00:00:00.000000440,-0.478847
1970-01-01 00:00:00.000000441,-0.5106430000000001
1970-01-01 00:00:00.000000442,-0.648912
1970-01-01 00:00:00.000000443,-0.596063
1970-01-01 00:00:00.000000444,-0.719096
1970-01-01 00:00:00.000000445,-1.301808
1970-01-01 00:00:00.000000446,-1.706445
1970-01-01 00:00:00.000000447,-1.117903
1970-01-01 00:00:00.000000448,-0.608574
1970-01-01 00:00:00.000000449,-1.019028
1970-01-01 00:00:00.000000450,-1.269748
1970-01-01 00:00:00.000000451,-1.092663
1970-01-01 00:00:00.000000452,-1.125278
1970-01-01 00:00:00.000000453,-1.3993870000000002
1970-01-01 00:00:00.000000454,-1.3209540000000002
1970-01-01 00:00:00.000000455,-1.106365
1970-01-01 00:00:00.000000456,-0.726917
1970-01-01 00:00:00.000000457,-0.07354
1970-01-01 00:00:00.000000458,0.988372
1970-01-01 00:00:00.000000459,2.1972240000000003
1970-01-01 00:00:00.000000460,3.143236
1970-01-01 00:00:00.000000461,3.495169
1970-01-01 00:00:00.000000462,3.264498
1970-01-01 00:00:00.000000463,2.765556
1970-01-01 00:00:00.000000464,2.201504
1970-01-01 00:00:00.000000465,1.59431
1970-01-01 00:00:00.000000466,1.51889
1970-01-01 00:00:00.000000467,2.177846
1970-01-01 00:00:00.000000468,1.827749
1970-01-01 00:00:00.000000469,2.155522
1970-01-01 00:00:00.000000470,2.790277
1970-01-01 00:00:00.000000471,2.737651
1970-01-01 00:00:00.000000472,2.353784
1970-01-01 00:00:00.000000473,2.06272
1970-01-01 00:00:00.000000474,1.553869
1970-01-01 00:00:00.000000475,0.8206209999999999
1970-01-01 00:00:00.000000476,0.0136889999999999
1970-01-01 00:00:00.000000477,-1.1732049999999998
1970-01-01 00:00:00.000000478,-2.5135
1970-01-01 00:00:00.000000479,-3.46521
1970-01-01 00:00:00.000000480,-3.043175
1970-01-01 00:00:00.000000481,-3.849296
1970-01-01 00:00:00.000000482,-3.855989
1970-01-01 00:00:00.000000483,-2.63361
1970-01-01 00:00:00.000000484,-1.216414
1970-01-01 00:00:00.000000485,-0.90487
1970-01-01 00:00:00.000000486,-1.09342
1970-01-01 00:00:00.000000487,-1.241223
1970-01-01 00:00:00.000000488,-0.999865
1970-01-01 00:00:00.000000489,-0.805032
1970-01-01 00:00:00.000000490,-0.937138
1970-01-01 00:00:00.000000491,-0.4891149999999999
1970-01-01 00:00:00.000000492,-0.2143199999999999
1970-01-01 00:00:00.000000493,-0.104272
1970-01-01 00:00:00.000000494,-0.359048
1970-01-01 00:00:00.000000495,-0.5746720000000001
1970-01-01 00:00:00.000000496,-1.111961
1970-01-01 00:00:00.000000497,-1.399579
1970-01-01 00:00:00.000000498,-1.400334
1970-01-01 00:00:00.000000499,-1.323992
1970-01-01 00:00:00.000000500,-1.345479
1970-01-01 00:00:00.000000501,-1.353664
1970-01-01 00:00:00.000000502,-0.914133
1970-01-01 00:00:00.000000503,-0.250952
1970-01-01 00:00:00.000000504,0.2680599999999999
1970-01-01 00:00:00.000000505,1.101593
1970-01-01 00:00:00.000000506,1.750099
1970-01-01 00:00:00.000000507,2.211607
1970-01-01 00:00:00.000000508,2.714243
1970-01-01 00:00:00.000000509,3.184511
1970-01-01 00:00:00.000000510,3.128462
1970-01-01 00:00:00.000000511,2.423593
1970-01-01 00:00:00.000000512,1.7424099999999998
1970-01-01 00:00:00.000000513,1.37405
1970-01-01 00:00:00.000000514,2.50089
1970-01-01 00:00:00.000000515,2.814279
1970-01-01 00:00:00.000000516,1.817443
1970-01-01 00:00:00.000000517,2.459667
1970-01-01 00:00:00.000000518,2.76652
1970-01-01 00:00:00.000000519,2.0691080000000004
1970-01-01 00:00:00.000000520,1.599556
1970-01-01 00:00:00.000000521,1.23664
1970-01-01 00:00:00.000000522,0.74649
1970-01-01 00:00:00.000000523,-0.142281
1970-01-01 00:00:00.000000524,-1.537776
1970-01-01 00:00:00.000000525,-3.018701
1970-01-01 00:00:00.000000526,-4.149649
1970-01-01 00:00:00.000000527,-3.996185
1970-01-01 00:00:00.000000528,-3.941797
1970-01-01 00:00:00.000000529,-4.356686
1970-01-01 00:00:00.000000530,-4.099249
1970-01-01 00:00:00.000000531,-1.567143
1970-01-01 00:00:00.000000532,-0.724223
1970-01-01 00:00:00.000000533,-0.696293
1970-01-01 00:00:00.000000534,-0.275388
1970-01-01 00:00:00.000000535,-0.005987
1970-01-01 00:00:00.000000536,0.498501
1970-01-01 00:00:00.000000537,0.8124899999999999
1970-01-01 00:00:00.000000538,0.752726
1970-01-01 00:00:00.000000539,0.3684179999999999
1970-01-01 00:00:00.000000540,-0.162774
1970-01-01 00:00:00.000000541,-0.586904
1970-01-01 00:00:00.000000542,-2.206684
1970-01-01 00:00:00.000000543,-2.624154
1970-01-01 00:00:00.000000544,-2.922668
1970-01-01 00:00:00.000000545,-2.809226
1970-01-01 00:00:00.000000546,-1.883578
1970-01-01 00:00:00.000000547,-0.6197199999999999
1970-01-01 00:00:00.000000548,0.259802
1970-01-01 00:00:00.000000549,0.7764340000000001
1970-01-01 00:00:00.000000550,1.460878
1970-01-01 00:00:00.000000551,2.483179
1970-01-01 00:00:00.000000552,3.389513
1970-01-01 00:00:00.000000553,3.535828
1970-01-01 00:00:00.000000554,2.838948
1970-01-01 00:00:00.000000555,2.473341
1970-01-01 00:00:00.000000556,2.909131
1970-01-01 00:00:00.000000557,2.616152
1970-01-01 00:00:00.000000558,1.5272940000000002
1970-01-01 00:00:00.000000559,0.903298
1970-01-01 00:00:00.000000560,2.313416
1970-01-01 00:00:00.000000561,2.747231
1970-01-01 00:00:00.000000562,1.766491
1970-01-01 00:00:00.000000563,1.056124
1970-01-01 00:00:00.000000564,0.628654
1970-01-01 00:00:00.000000565,-0.107117
1970-01-01 00:00:00.000000566,-1.033349
1970-01-01 00:00:00.000000567,-2.562705
1970-01-01 00:00:00.000000568,-3.4617400000000003
1970-01-01 00:00:00.000000569,-3.729261
1970-01-01 00:00:00.000000570,-3.736984
1970-01-01 00:00:00.000000571,-3.28012
1970-01-01 00:00:00.000000572,-2.772327
1970-01-01 00:00:00.000000573,-1.772878
1970-01-01 00:00:00.000000574,-0.691146
1970-01-01 00:00:00.000000575,-0.576956
1970-01-01 00:00:00.000000576,-0.304195
1970-01-01 00:00:00.000000577,0.377513
1970-01-01 00:00:00.000000578,0.929453
1970-01-01 00:00:00.000000579,0.581411
1970-01-01 00:00:00.000000580,0.444287
1970-01-01 00:00:00.000000581,0.418931
1970-01-01 00:00:00.000000582,-0.8334879999999999
1970-01-01 00:00:00.000000583,-1.693787
1970-01-01 00:00:00.000000584,-1.656221
1970-01-01 00:00:00.000000585,-1.844
1970-01-01 00:00:00.000000586,-1.815361
1970-01-01 00:00:00.000000587,-1.513226
1970-01-01 00:00:00.000000588,-1.089022
1970-01-01 00:00:00.000000589,-0.6721590000000001
1970-01-01 00:00:00.000000590,-0.37938
1970-01-01 00:00:00.000000591,-0.23093
1970-01-01 00:00:00.000000592,-0.23938
1970-01-01 00:00:00.000000593,0.011289
1970-01-01 00:00:00.000000594,0.799298
1970-01-01 00:00:00.000000595,1.828657
1970-01-01 00:00:00.000000596,2.495479
1970-01-01 00:00:00.000000597,2.934774
1970-01-01 00:00:00.000000598,2.84981
1970-01-01 00:00:00.000000599,2.50037
1970-01-01 00:00:00.000000600,2.225158
1970-01-01 00:00:00.000000601,1.71429
1970-01-01 00:00:00.000000602,0.8681260000000001
1970-01-01 00:00:00.000000603,0.919816
1970-01-01 00:00:00.000000604,1.761134
1970-01-01 00:00:00.000000605,2.079492
1970-01-01 00:00:00.000000606,1.893566
1970-01-01 00:00:00.000000607,2.927078
1970-01-01 00:00:00.000000608,3.4058589999999995
1970-01-01 00:00:00.000000609,3.016097
1970-01-01 00:00:00.000000610,2.485734
1970-01-01 00:00:00.000000611,1.7966650000000002
1970-01-01 00:00:00.000000612,1.045858
1970-01-01 00:00:00.000000613,0.422421
1970-01-01 00:00:00.000000614,-0.046679
1970-01-01 00:00:00.000000615,-0.385299
1970-01-01 00:00:00.000000616,-0.709436
1970-01-01 00:00:00.000000617,-1.049715
1970-01-01 00:00:00.000000618,-1.626734
1970-01-01 00:00:00.000000619,-2.444076
1970-01-01 00:00:00.000000620,-2.511439
1970-01-01 00:00:00.000000621,-3.326992
1970-01-01 00:00:00.000000622,-2.839381
1970-01-01 00:00:00.000000623,-2.143563
1970-01-01 00:00:00.000000624,-1.754943
1970-01-01 00:00:00.000000625,-2.262011
1970-01-01 00:00:00.000000626,-2.752564
1970-01-01 00:00:00.000000627,-2.930464
1970-01-01 00:00:00.000000628,-2.884656
1970-01-01 00:00:00.000000629,-2.637706
1970-01-01 00:00:00.000000630,-2.015622
1970-01-01 00:00:00.000000631,-1.459098
1970-01-01 00:00:00.000000632,-1.311743
1970-01-01 00:00:00.000000633,-1.337662
1970-01-01 00:00:00.000000634,-1.091899
1970-01-01 00:00:00.000000635,-0.567211
1970-01-01 00:00:00.000000636,-0.275113
1970-01-01 00:00:00.000000637,-0.261393
1970-01-01 00:00:00.000000638,-0.58182
1970-01-01 00:00:00.000000639,-0.906213
1970-01-01 00:00:00.000000640,-1.029168
1970-01-01 00:00:00.000000641,0.050037
1970-01-01 00:00:00.000000642,0.351713
1970-01-01 00:00:00.000000643,0.184439
1970-01-01 00:00:00.000000644,0.154123
1970-01-01 00:00:00.000000645,0.04258
1970-01-01 00:00:00.000000646,-0.182996
1970-01-01 00:00:00.000000647,-0.258052
1970-01-01 00:00:00.000000648,-0.139743
1970-01-01 00:00:00.000000649,-0.536285
1970-01-01 00:00:00.000000650,-0.6981539999999999
1970-01-01 00:00:00.000000651,-0.985891
1970-01-01 00:00:00.000000652,-1.035871
1970-01-01 00:00:00.000000653,-1.140234
1970-01-01 00:00:00.000000654,-1.072367
1970-01-01 00:00:00.000000655,-0.910389
1970-01-01 00:00:00.000000656,-0.728534
1970-01-01 00:00:00.000000657,-0.459636
1970-01-01 00:00:00.000000658,-0.125154
1970-01-01 00:00:00.000000659,0.164177
1970-01-01 00:00:00.000000660,0.912412
1970-01-01 00:00:00.000000661,1.523735
1970-01-01 00:00:00.000000662,1.691444
1970-01-01 00:00:00.000000663,1.754306
1970-01-01 00:00:00.000000664,1.665214
1970-01-01 00:00:00.000000665,1.785668
1970-01-01 00:00:00.000000666,1.821299
1970-01-01 00:00:00.000000667,1.836447
1970-01-01 00:00:00.000000668,1.437968
1970-01-01 00:00:00.000000669,1.563177
1970-01-01 00:00:00.000000670,2.079815
1970-01-01 00:00:00.000000671,1.833422
1970-01-01 00:00:00.000000672,1.465219
1970-01-01 00:00:00.000000673,1.4528450000000002
1970-01-01 00:00:00.000000674,1.7062119999999998
1970-01-01 00:00:00.000000675,2.227561
1970-01-01 00:00:00.000000676,2.057395
1970-01-01 00:00:00.000000677,1.553351
1970-01-01 00:00:00.000000678,1.185926
1970-01-01 00:00:00.000000679,0.744999
1970-01-01 00:00:00.000000680,0.230729
1970-01-01 00:00:00.000000681,-0.113409
1970-01-01 00:00:00.000000682,-0.424412
1970-01-01 00:00:00.000000683,-0.692638
1970-01-01 00:00:00.000000684,-0.862734
1970-01-01 00:00:00.000000685,-0.6805979999999999
1970-01-01 00:00:00.000000686,-0.5858260000000001
1970-01-01 00:00:00.000000687,-1.032044
1970-01-01 00:00:00.000000688,-1.269783
1970-01-01 00:00:00.000000689,-1.081597
1970-01-01 00:00:00.000000690,-0.8610639999999999
1970-01-01 00:00:00.000000691,-0.63622
1970-01-01 00:00:00.000000692,-0.559942
1970-01-01 00:00:00.000000693,-1.832444
1970-01-01 00:00:00.000000694,-1.97879
1970-01-01 00:00:00.000000695,-2.318259
1970-01-01 00:00:00.000000696,-2.912909
1970-01-01 00:00:00.000000697,-2.5605130000000003
1970-01-01 00:00:00.000000698,-2.439473
1970-01-01 00:00:00.000000699,-2.605799
1970-01-01 00:00:00.000000700,-2.414203
1970-01-01 00:00:00.000000701,-2.121386
1970-01-01 00:00:00.000000702,-2.188483
1970-01-01 00:00:00.000000703,-2.221627
1970-01-01 00:00:00.000000704,-1.88178
1970-01-01 00:00:00.000000705,-1.447279
1970-01-01 00:00:00.000000706,-1.363831
1970-01-01 00:00:00.000000707,-1.256053
1970-01-01 00:00:00.000000708,-0.7858350000000001
1970-01-01 00:00:00.000000709,-0.626862
1970-01-01 00:00:00.000000710,-0.735773
1970-01-01 00:00:00.000000711,-0.710187
1970-01-01 00:00:00.000000712,-0.712601
1970-01-01 00:00:00.000000713,-0.8574350000000001
1970-01-01 00:00:00.000000714,-0.955111
1970-01-01 00:00:00.000000715,-1.258549
1970-01-01 00:00:00.000000716,-1.5868799999999998
1970-01-01 00:00:00.000000717,-1.435966
1970-01-01 00:00:00.000000718,-0.961747
1970-01-01 00:00:00.000000719,-0.757613
1970-01-01 00:00:00.000000720,-0.303209
1970-01-01 00:00:00.000000721,0.145214
1970-01-01 00:00:00.000000722,0.080704
1970-01-01 00:00:00.000000723,1.075187
1970-01-01 00:00:00.000000724,2.26592
1970-01-01 00:00:00.000000725,3.558613
1970-01-01 00:00:00.000000726,4.612929
1970-01-01 00:00:00.000000727,4.727087
1970-01-01 00:00:00.000000728,3.724653
1970-01-01 00:00:00.000000729,2.749926
1970-01-01 00:00:00.000000730,2.5969450000000003
1970-01-01 00:00:00.000000731,2.498352
1970-01-01 00:00:00.000000732,2.740486
1970-01-01 00:00:00.000000733,3.144007
1970-01-01 00:00:00.000000734,3.033207
1970-01-01 00:00:00.000000735,3.280129
1970-01-01 00:00:00.000000736,3.83381
1970-01-01 00:00:00.000000737,3.979117
1970-01-01 00:00:00.000000738,4.069774
1970-01-01 00:00:00.000000739,3.907173
1970-01-01 00:00:00.000000740,3.412758
1970-01-01 00:00:00.000000741,2.751118
1970-01-01 00:00:00.000000742,1.853875
1970-01-01 00:00:00.000000743,1.070551
1970-01-01 00:00:00.000000744,0.553185
1970-01-01 00:00:00.000000745,0.238679
1970-01-01 00:00:00.000000746,0.016806
1970-01-01 00:00:00.000000747,-0.077284
1970-01-01 00:00:00.000000748,-0.26274
1970-01-01 00:00:00.000000749,-0.550184
1970-01-01 00:00:00.000000750,-1.068314
1970-01-01 00:00:00.000000751,-1.449145
1970-01-01 00:00:00.000000752,-1.301774
1970-01-01 00:00:00.000000753,-1.740991
1970-01-01 00:00:00.000000754,-2.6696470000000003
1970-01-01 00:00:00.000000755,-3.204928
1970-01-01 00:00:00.000000756,-3.696816000000001
1970-01-01 00:00:00.000000757,-3.880394
1970-01-01 00:00:00.000000758,-3.635821
1970-01-01 00:00:00.000000759,-3.3527690000000003
1970-01-01 00:00:00.000000760,-3.550086
1970-01-01 00:00:00.000000761,-4.0372900000000005
1970-01-01 00:00:00.000000762,-4.390891000000001
1970-01-01 00:00:00.000000763,-4.146563
1970-01-01 00:00:00.000000764,-3.770703
1970-01-01 00:00:00.000000765,-2.4550080000000003
1970-01-01 00:00:00.000000766,-0.309707
1970-01-01 00:00:00.000000767,0.5263220000000001
1970-01-01 00:00:00.000000768,-0.15655
1970-01-01 00:00:00.000000769,-1.085819
1970-01-01 00:00:00.000000770,-1.400832
1970-01-01 00:00:00.000000771,-1.354176
1970-01-01 00:00:00.000000772,-1.438808
1970-01-01 00:00:00.000000773,-1.755757
1970-01-01 00:00:00.000000774,-1.038332
1970-01-01 00:00:00.000000775,-0.948142
1970-01-01 00:00:00.000000776,-0.984576
1970-01-01 00:00:00.000000777,-0.791759
1970-01-01 00:00:00.000000778,-0.58331
1970-01-01 00:00:00.000000779,-0.353385
1970-01-01 00:00:00.000000780,-0.232855
1970-01-01 00:00:00.000000781,0.258086
1970-01-01 00:00:00.000000782,1.12334
1970-01-01 00:00:00.000000783,2.043815
1970-01-01 00:00:00.000000784,2.81375
1970-01-01 00:00:00.000000785,3.079882
1970-01-01 00:00:00.000000786,2.9684310000000003
1970-01-01 00:00:00.000000787,2.634697
1970-01-01 00:00:00.000000788,1.922174
1970-01-01 00:00:00.000000789,0.993139
1970-01-01 00:00:00.000000790,0.714378
1970-01-01 00:00:00.000000791,2.2096310000000003
1970-01-01 00:00:00.000000792,2.632822
1970-01-01 00:00:00.000000793,1.791898
1970-01-01 00:00:00.000000794,2.637274
1970-01-01 00:00:00.000000795,3.00486
1970-01-01 00:00:00.000000796,2.577213
1970-01-01 00:00:00.000000797,2.42468
1970-01-01 00:00:00.000000798,2.167291
1970-01-01 00:00:00.000000799,1.593488
1970-01-01 00:00:00.000000800,0.970874
1970-01-01 00:00:00.000000801,0.317302
1970-01-01 00:00:00.000000802,-0.975638
1970-01-01 00:00:00.000000803,-2.558727
1970-01-01 00:00:00.000000804,-3.969451
1970-01-01 00:00:00.000000805,-3.511124
1970-01-01 00:00:00.000000806,-3.562653
1970-01-01 00:00:00.000000807,-3.413215
1970-01-01 00:00:00.000000808,-2.469476
1970-01-01 00:00:00.000000809,-1.222264
1970-01-01 00:00:00.000000810,-1.306844
1970-01-01 00:00:00.000000811,-1.856668
1970-01-01 00:00:00.000000812,-2.212989
1970-01-01 00:00:00.000000813,-1.99994
1970-01-01 00:00:00.000000814,-1.129185
1970-01-01 00:00:00.000000815,-1.0814
1970-01-01 00:00:00.000000816,-1.25823
1970-01-01 00:00:00.000000817,-1.080401
1970-01-01 00:00:00.000000818,-0.683682
1970-01-01 00:00:00.000000819,-0.365802
1970-01-01 00:00:00.000000820,-0.547892
1970-01-01 00:00:00.000000821,-0.955931
1970-01-01 00:00:00.000000822,-1.430448
1970-01-01 00:00:00.000000823,-1.761566
1970-01-01 00:00:00.000000824,-1.527911
1970-01-01 00:00:00.000000825,-0.8581270000000001
1970-01-01 00:00:00.000000826,-1.055432
1970-01-01 00:00:00.000000827,-1.0050059999999998
1970-01-01 00:00:00.000000828,-0.706145
1970-01-01 00:00:00.000000829,-0.301551
1970-01-01 00:00:00.000000830,-0.063199
1970-01-01 00:00:00.000000831,0.226859
1970-01-01 00:00:00.000000832,0.478168
1970-01-01 00:00:00.000000833,0.402551
1970-01-01 00:00:00.000000834,0.1774099999999999
1970-01-01 00:00:00.000000835,0.274502
1970-01-01 00:00:00.000000836,0.955112
1970-01-01 00:00:00.000000837,1.875218
1970-01-01 00:00:00.000000838,2.8065740000000003
1970-01-01 00:00:00.000000839,3.863139
1970-01-01 00:00:00.000000840,3.818153
1970-01-01 00:00:00.000000841,3.006408
1970-01-01 00:00:00.000000842,2.607177
1970-01-01 00:00:00.000000843,2.2515560000000003
1970-01-01 00:00:00.000000844,1.90926
1970-01-01 00:00:00.000000845,0.999452
1970-01-01 00:00:00.000000846,1.143939
1970-01-01 00:00:00.000000847,1.838298
1970-01-01 00:00:00.000000848,2.28686
1970-01-01 00:00:00.000000849,2.695435
1970-01-01 00:00:00.000000850,3.849686
1970-01-01 00:00:00.000000851,4.005240000000001
1970-01-01 00:00:00.000000852,4.33201
1970-01-01 00:00:00.000000853,3.867284
1970-01-01 00:00:00.000000854,3.086577
1970-01-01 00:00:00.000000855,2.530867
1970-01-01 00:00:00.000000856,1.887805
1970-01-01 00:00:00.000000857,1.327042
1970-01-01 00:00:00.000000858,0.8473350000000001
1970-01-01 00:00:00.000000859,0.292351
1970-01-01 00:00:00.000000860,-0.200458
1970-01-01 00:00:00.000000861,-0.465394
1970-01-01 00:00:00.000000862,-0.605579
1970-01-01 00:00:00.000000863,-0.7011189999999999
1970-01-01 00:00:00.000000864,-0.7779159999999999
1970-01-01 00:00:00.000000865,-1.09727
1970-01-01 00:00:00.000000866,-1.572743
1970-01-01 00:00:00.000000867,-1.980353
1970-01-01 00:00:00.000000868,-1.83942
1970-01-01 00:00:00.000000869,-1.905612
1970-01-01 00:00:00.000000870,-2.1564240000000003
1970-01-01 00:00:00.000000871,-2.414015
1970-01-01 00:00:00.000000872,-2.704401
1970-01-01 00:00:00.000000873,-2.941131
1970-01-01 00:00:00.000000874,-2.901305
1970-01-01 00:00:00.000000875,-3.205426
1970-01-01 00:00:00.000000876,-3.590239
1970-01-01 00:00:00.000000877,-3.84399
1970-01-01 00:00:00.000000878,-3.745664
1970-01-01 00:00:00.000000879,-3.264866
1970-01-01 00:00:00.000000880,-2.739037
1970-01-01 00:00:00.000000881,-2.025033
1970-01-01 00:00:00.000000882,-1.21063
1970-01-01 00:00:00.000000883,-0.5008130000000001
1970-01-01 00:00:00.000000884,-0.076977
1970-01-01 00:00:00.000000885,-0.088273
1970-01-01 00:00:00.000000886,-0.261371
1970-01-01 00:00:00.000000887,-0.836942
1970-01-01 00:00:00.000000888,-1.701455
1970-01-01 00:00:00.000000889,-1.295788
1970-01-01 00:00:00.000000890,-0.448739
1970-01-01 00:00:00.000000891,0.226513
1970-01-01 00:00:00.000000892,0.154694
1970-01-01 00:00:00.000000893,0.2290559999999999
1970-01-01 00:00:00.000000894,0.251349
1970-01-01 00:00:00.000000895,0.10898
1970-01-01 00:00:00.000000896,-0.151081
1970-01-01 00:00:00.000000897,-0.501296
1970-01-01 00:00:00.000000898,-0.5416979999999999
1970-01-01 00:00:00.000000899,-0.93107
1970-01-01 00:00:00.000000900,-1.311968
1970-01-01 00:00:00.000000901,-1.641396
1970-01-01 00:00:00.000000902,-1.905326
1970-01-01 00:00:00.000000903,-2.092015
1970-01-01 00:00:00.000000904,-1.935032
1970-01-01 00:00:00.000000905,-1.329013
1970-01-01 00:00:00.000000906,-0.144203
1970-01-01 00:00:00.000000907,1.30532
1970-01-01 00:00:00.000000908,2.104997
1970-01-01 00:00:00.000000909,2.615903
1970-01-01 00:00:00.000000910,2.787338
1970-01-01 00:00:00.000000911,2.593817
1970-01-01 00:00:00.000000912,2.459059
1970-01-01 00:00:00.000000913,2.380018
1970-01-01 00:00:00.000000914,2.037232
1970-01-01 00:00:00.000000915,2.2039470000000003
1970-01-01 00:00:00.000000916,2.099709
1970-01-01 00:00:00.000000917,2.026534
1970-01-01 00:00:00.000000918,2.433865
1970-01-01 00:00:00.000000919,3.108747
1970-01-01 00:00:00.000000920,4.331972
1970-01-01 00:00:00.000000921,4.968064
1970-01-01 00:00:00.000000922,5.040648
1970-01-01 00:00:00.000000923,4.734159
1970-01-01 00:00:00.000000924,3.893795
1970-01-01 00:00:00.000000925,2.728135
1970-01-01 00:00:00.000000926,1.728016
1970-01-01 00:00:00.000000927,1.030707
1970-01-01 00:00:00.000000928,0.36555
1970-01-01 00:00:00.000000929,-0.173996
1970-01-01 00:00:00.000000930,-0.670878
1970-01-01 00:00:00.000000931,-0.682287
1970-01-01 00:00:00.000000932,-0.5127149999999999
1970-01-01 00:00:00.000000933,-0.202799
1970-01-01 00:00:00.000000934,-0.294534
1970-01-01 00:00:00.000000935,-0.847619
1970-01-01 00:00:00.000000936,-0.991504
1970-01-01 00:00:00.000000937,-1.343636
1970-01-01 00:00:00.000000938,-1.380931
1970-01-01 00:00:00.000000939,-2.103594
1970-01-01 00:00:00.000000940,-2.524876
1970-01-01 00:00:00.000000941,-2.820553
1970-01-01 00:00:00.000000942,-2.916716
1970-01-01 00:00:00.000000943,-2.906985
1970-01-01 00:00:00.000000944,-2.882184
1970-01-01 00:00:00.000000945,-2.873278
1970-01-01 00:00:00.000000946,-3.058632
1970-01-01 00:00:00.000000947,-3.299286
1970-01-01 00:00:00.000000948,-3.391785
1970-01-01 00:00:00.000000949,-3.467865
1970-01-01 00:00:00.000000950,-3.359978
1970-01-01 00:00:00.000000951,-3.2164
1970-01-01 00:00:00.000000952,-2.783493
1970-01-01 00:00:00.000000953,-2.07443
1970-01-01 00:00:00.000000954,-1.474875
1970-01-01 00:00:00.000000955,-1.264557
1970-01-01 00:00:00.000000956,-1.305749
1970-01-01 00:00:00.000000957,-1.475066
1970-01-01 00:00:00.000000958,-1.517189
1970-01-01 00:00:00.000000959,-1.534894
1970-01-01 00:00:00.000000960,-1.55255
1970-01-01 00:00:00.000000961,-1.4353479999999998
1970-01-01 00:00:00.000000962,-1.200197
1970-01-01 00:00:00.000000963,-1.178699
1970-01-01 00:00:00.000000964,-1.777413
1970-01-01 00:00:00.000000965,-1.761235
1970-01-01 00:00:00.000000966,-1.575864
1970-01-01 00:00:00.000000967,-1.572852
1970-01-01 00:00:00.000000968,-1.634734
1970-01-01 00:00:00.000000969,-1.282308
1970-01-01 00:00:00.000000970,-1.075675
1970-01-01 00:00:00.000000971,-1.229107
1970-01-01 00:00:00.000000972,-1.240552
1970-01-01 00:00:00.000000973,-1.098519
1970-01-01 00:00:00.000000974,-0.622174
1970-01-01 00:00:00.000000975,-0.1827109999999999
1970-01-01 00:00:00.000000976,-0.140397
1970-01-01 00:00:00.000000977,0.338596
1970-01-01 00:00:00.000000978,1.093776
1970-01-01 00:00:00.000000979,0.7872979999999999
1970-01-01 00:00:00.000000980,1.023716
1970-01-01 00:00:00.000000981,2.187817
1970-01-01 00:00:00.000000982,2.610027
1970-01-01 00:00:00.000000983,2.08891
1970-01-01 00:00:00.000000984,1.404922
1970-01-01 00:00:00.000000985,1.057775
1970-01-01 00:00:00.000000986,1.994723
1970-01-01 00:00:00.000000987,2.7004240000000004
1970-01-01 00:00:00.000000988,1.900173
1970-01-01 00:00:00.000000989,1.436866
1970-01-01 00:00:00.000000990,2.355048
1970-01-01 00:00:00.000000991,2.249525
1970-01-01 00:00:00.000000992,1.950551
1970-01-01 00:00:00.000000993,2.164789
1970-01-01 00:00:00.000000994,2.397031
1970-01-01 00:00:00.000000995,2.583735
1970-01-01 00:00:00.000000996,2.239785
1970-01-01 00:00:00.000000997,1.445737
1970-01-01 00:00:00.000000998,0.934755
1970-01-01 00:00:00.000000999,0.526046
1970-01-01 00:00:00.000001000,-0.0330149999999999
1970-01-01 00:00:00.000001001,-0.6478470000000001
1970-01-01 00:00:00.000001002,-1.022178
1970-01-01 00:00:00.000001003,-0.879742
1970-01-01 00:00:00.000001004,-0.377397
1970-01-01 00:00:00.000001005,-0.442675
1970-01-01 00:00:00.000001006,-0.745429
1970-01-01 00:00:00.000001007,-0.6261720000000001
1970-01-01 00:00:00.000001008,-0.260432
1970-01-01 00:00:00.000001009,-0.125522
1970-01-01 00:00:00.000001010,0.313923
1970-01-01 00:00:00.000001011,-1.1258549999999998
1970-01-01 00:00:00.000001012,-3.3987550000000004
1970-01-01 00:00:00.000001013,-1.855857
1970-01-01 00:00:00.000001014,-0.733712
1970-01-01 00:00:00.000001015,-0.626718
1970-01-01 00:00:00.000001016,-1.957004
1970-01-01 00:00:00.000001017,-3.076212
1970-01-01 00:00:00.000001018,-3.0752
1970-01-01 00:00:00.000001019,-2.772073
1970-01-01 00:00:00.000001020,-2.614878
1970-01-01 00:00:00.000001021,-2.171663
1970-01-01 00:00:00.000001022,-1.053394
1970-01-01 00:00:00.000001023,0.0532679999999999
1970-01-01 00:00:00.000001024,-0.344826
1970-01-01 00:00:00.000001025,-1.449906
1970-01-01 00:00:00.000001026,-1.512208
1970-01-01 00:00:00.000001027,-1.356682
1970-01-01 00:00:00.000001028,-0.836432
1970-01-01 00:00:00.000001029,-0.437443
1970-01-01 00:00:00.000001030,-0.197079
1970-01-01 00:00:00.000001031,0.083335
1970-01-01 00:00:00.000001032,0.651296
1970-01-01 00:00:00.000001033,0.494697
1970-01-01 00:00:00.000001034,-0.217742
1970-01-01 00:00:00.000001035,-0.120614
1970-01-01 00:00:00.000001036,0.179024
1970-01-01 00:00:00.000001037,-0.20018
1970-01-01 00:00:00.000001038,-0.604508
1970-01-01 00:00:00.000001039,-0.77405
1970-01-01 00:00:00.000001040,-0.919258
1970-01-01 00:00:00.000001041,-0.8150729999999999
1970-01-01 00:00:00.000001042,-0.574233
1970-01-01 00:00:00.000001043,-0.039525
1970-01-01 00:00:00.000001044,0.6659729999999999
1970-01-01 00:00:00.000001045,0.979622
1970-01-01 00:00:00.000001046,1.367119
1970-01-01 00:00:00.000001047,1.628642
1970-01-01 00:00:00.000001048,1.882992
1970-01-01 00:00:00.000001049,2.262516
1970-01-01 00:00:00.000001050,2.386275
1970-01-01 00:00:00.000001051,2.424142
1970-01-01 00:00:00.000001052,2.381757
1970-01-01 00:00:00.000001053,2.590347
1970-01-01 00:00:00.000001054,2.817754
1970-01-01 00:00:00.000001055,2.68311
1970-01-01 00:00:00.000001056,2.635959
1970-01-01 00:00:00.000001057,3.060176
1970-01-01 00:00:00.000001058,3.673494
1970-01-01 00:00:00.000001059,4.053079
1970-01-01 00:00:00.000001060,4.00635
1970-01-01 00:00:00.000001061,3.662784
1970-01-01 00:00:00.000001062,3.4315260000000003
1970-01-01 00:00:00.000001063,3.002252
1970-01-01 00:00:00.000001064,2.287184
1970-01-01 00:00:00.000001065,1.591632
1970-01-01 00:00:00.000001066,1.102405
1970-01-01 00:00:00.000001067,0.816751
1970-01-01 00:00:00.000001068,0.483777
1970-01-01 00:00:00.000001069,0.193054
1970-01-01 00:00:00.000001070,-0.108734
1970-01-01 00:00:00.000001071,-0.377641
1970-01-01 00:00:00.000001072,-0.4158239999999999
1970-01-01 00:00:00.000001073,-0.489401
1970-01-01 00:00:00.000001074,-0.581661
1970-01-01 00:00:00.000001075,-0.2375719999999999
1970-01-01 00:00:00.000001076,-0.697329
1970-01-01 00:00:00.000001077,-1.336253
1970-01-01 00:00:00.000001078,-1.7212419999999995
1970-01-01 00:00:00.000001079,-2.023394
1970-01-01 00:00:00.000001080,-2.297432
1970-01-01 00:00:00.000001081,-2.48008
1970-01-01 00:00:00.000001082,-2.626965
1970-01-01 00:00:00.000001083,-2.841572
1970-01-01 00:00:00.000001084,-2.825169
1970-01-01 00:00:00.000001085,-2.883296
1970-01-01 00:00:00.000001086,-3.145313
1970-01-01 00:00:00.000001087,-3.192014
1970-01-01 00:00:00.000001088,-3.344885
1970-01-01 00:00:00.000001089,-3.3558230000000004
1970-01-01 00:00:00.000001090,-3.2829580000000003
1970-01-01 00:00:00.000001091,-3.174201
1970-01-01 00:00:00.000001092,-1.967175
1970-01-01 00:00:00.000001093,-0.7156140000000001
1970-01-01 00:00:00.000001094,-0.5694239999999999
1970-01-01 00:00:00.000001095,-0.405791
1970-01-01 00:00:00.000001096,-0.138463
1970-01-01 00:00:00.000001097,-0.234646
1970-01-01 00:00:00.000001098,-1.0902889999999998
1970-01-01 00:00:00.000001099,-1.637242
1970-01-01 00:00:00.000001100,-1.000794
1970-01-01 00:00:00.000001101,-0.491681
1970-01-01 00:00:00.000001102,-0.469124
1970-01-01 00:00:00.000001103,-0.159676
1970-01-01 00:00:00.000001104,0.120272
1970-01-01 00:00:00.000001105,0.231825
1970-01-01 00:00:00.000001106,0.02036
1970-01-01 00:00:00.000001107,-0.091373
1970-01-01 00:00:00.000001108,-0.345178
1970-01-01 00:00:00.000001109,-0.4712189999999999
1970-01-01 00:00:00.000001110,-0.656208
1970-01-01 00:00:00.000001111,-0.872172
1970-01-01 00:00:00.000001112,-1.200272
1970-01-01 00:00:00.000001113,-1.449607
1970-01-01 00:00:00.000001114,-1.694563
1970-01-01 00:00:00.000001115,-1.680756
1970-01-01 00:00:00.000001116,-1.470056
1970-01-01 00:00:00.000001117,-1.003477
1970-01-01 00:00:00.000001118,-0.199539
1970-01-01 00:00:00.000001119,0.917424
1970-01-01 00:00:00.000001120,1.807964
1970-01-01 00:00:00.000001121,2.402632
1970-01-01 00:00:00.000001122,2.390739
1970-01-01 00:00:00.000001123,2.103899
1970-01-01 00:00:00.000001124,1.851625
1970-01-01 00:00:00.000001125,1.6854349999999998
1970-01-01 00:00:00.000001126,1.656319
1970-01-01 00:00:00.000001127,1.642321
1970-01-01 00:00:00.000001128,1.362053
1970-01-01 00:00:00.000001129,0.955713
1970-01-01 00:00:00.000001130,1.250673
1970-01-01 00:00:00.000001131,1.325872
1970-01-01 00:00:00.000001132,1.148659
1970-01-01 00:00:00.000001133,2.179593
1970-01-01 00:00:00.000001134,2.655564
1970-01-01 00:00:00.000001135,2.931903
1970-01-01 00:00:00.000001136,2.379409
1970-01-01 00:00:00.000001137,2.283668
1970-01-01 00:00:00.000001138,2.043956
1970-01-01 00:00:00.000001139,1.449486
1970-01-01 00:00:00.000001140,0.358597
1970-01-01 00:00:00.000001141,-0.958128
1970-01-01 00:00:00.000001142,-2.050339
1970-01-01 00:00:00.000001143,-2.746692
1970-01-01 00:00:00.000001144,-2.682178
1970-01-01 00:00:00.000001145,-3.5655330000000003
1970-01-01 00:00:00.000001146,-2.822951
1970-01-01 00:00:00.000001147,-2.416106
1970-01-01 00:00:00.000001148,-1.465396
1970-01-01 00:00:00.000001149,-1.41862
1970-01-01 00:00:00.000001150,-1.902844
1970-01-01 00:00:00.000001151,-1.997196
1970-01-01 00:00:00.000001152,-1.861671
1970-01-01 00:00:00.000001153,-1.661362
1970-01-01 00:00:00.000001154,-1.304034
1970-01-01 00:00:00.000001155,-1.314648
1970-01-01 00:00:00.000001156,-1.373932
1970-01-01 00:00:00.000001157,-1.19552
1970-01-01 00:00:00.000001158,-0.975166
1970-01-01 00:00:00.000001159,-0.611883
1970-01-01 00:00:00.000001160,-0.531356
1970-01-01 00:00:00.000001161,-0.628889
1970-01-01 00:00:00.000001162,-0.728916
1970-01-01 00:00:00.000001163,-0.680212
1970-01-01 00:00:00.000001164,-1.011275
1970-01-01 00:00:00.000001165,-1.0834549999999998
1970-01-01 00:00:00.000001166,-0.957012
1970-01-01 00:00:00.000001167,-1.396206
1970-01-01 00:00:00.000001168,-1.5553709999999998
1970-01-01 00:00:00.000001169,-1.337577
1970-01-01 00:00:00.000001170,-0.763452
1970-01-01 00:00:00.000001171,-0.21974
1970-01-01 00:00:00.000001172,0.251103
1970-01-01 00:00:00.000001173,1.030272
1970-01-01 00:00:00.000001174,2.090391
1970-01-01 00:00:00.000001175,3.123609
1970-01-01 00:00:00.000001176,3.765544
1970-01-01 00:00:00.000001177,3.191141
1970-01-01 00:00:00.000001178,2.653092
1970-01-01 00:00:00.000001179,1.947901
1970-01-01 00:00:00.000001180,1.649319
1970-01-01 00:00:00.000001181,1.867677
1970-01-01 00:00:00.000001182,1.492681
1970-01-01 00:00:00.000001183,1.895918
1970-01-01 00:00:00.000001184,1.877106
1970-01-01 00:00:00.000001185,2.909128
1970-01-01 00:00:00.000001186,3.302354
1970-01-01 00:00:00.000001187,2.825409
1970-01-01 00:00:00.000001188,2.146236
1970-01-01 00:00:00.000001189,1.3570209999999998
1970-01-01 00:00:00.000001190,0.255527
1970-01-01 00:00:00.000001191,-1.015079
1970-01-01 00:00:00.000001192,-2.375611
1970-01-01 00:00:00.000001193,-2.895301
1970-01-01 00:00:00.000001194,-3.084714
1970-01-01 00:00:00.000001195,-3.880794
1970-01-01 00:00:00.000001196,-4.458994000000001
1970-01-01 00:00:00.000001197,-1.53013
1970-01-01 00:00:00.000001198,-0.842867
1970-01-01 00:00:00.000001199,-1.278396
1970-01-01 00:00:00.000001200,-1.517619
1970-01-01 00:00:00.000001201,-1.839004
1970-01-01 00:00:00.000001202,-1.6636669999999998
1970-01-01 00:00:00.000001203,-0.828449
1970-01-01 00:00:00.000001204,-0.187739
1970-01-01 00:00:00.000001205,-0.134465
1970-01-01 00:00:00.000001206,-0.310173
1970-01-01 00:00:00.000001207,-0.5247609999999999
1970-01-01 00:00:00.000001208,-0.847506
1970-01-01 00:00:00.000001209,-1.082282
1970-01-01 00:00:00.000001210,-1.023718
1970-01-01 00:00:00.000001211,-1.08649
1970-01-01 00:00:00.000001212,-1.0071290000000002
1970-01-01 00:00:00.000001213,-1.151385
1970-01-01 00:00:00.000001214,-1.160513
1970-01-01 00:00:00.000001215,-1.587007
1970-01-01 00:00:00.000001216,-1.38822
1970-01-01 00:00:00.000001217,-0.910038
1970-01-01 00:00:00.000001218,-0.554157
1970-01-01 00:00:00.000001219,-0.126314
1970-01-01 00:00:00.000001220,0.353682
1970-01-01 00:00:00.000001221,1.163095
1970-01-01 00:00:00.000001222,2.191555
1970-01-01 00:00:00.000001223,3.221854
1970-01-01 00:00:00.000001224,3.5148019999999995
1970-01-01 00:00:00.000001225,3.20843
1970-01-01 00:00:00.000001226,2.692623
1970-01-01 00:00:00.000001227,2.523546
1970-01-01 00:00:00.000001228,2.6448270000000003
1970-01-01 00:00:00.000001229,2.055648
1970-01-01 00:00:00.000001230,2.829679
1970-01-01 00:00:00.000001231,1.721482
1970-01-01 00:00:00.000001232,3.201206
1970-01-01 00:00:00.000001233,3.541532
1970-01-01 00:00:00.000001234,3.275984
1970-01-01 00:00:00.000001235,2.857251
1970-01-01 00:00:00.000001236,2.198977
1970-01-01 00:00:00.000001237,1.360394
1970-01-01 00:00:00.000001238,0.287694
1970-01-01 00:00:00.000001239,-1.120266
1970-01-01 00:00:00.000001240,-2.935296
1970-01-01 00:00:00.000001241,-3.990551
1970-01-01 00:00:00.000001242,-3.880764
1970-01-01 00:00:00.000001243,-3.792827
1970-01-01 00:00:00.000001244,-3.492167
1970-01-01 00:00:00.000001245,-1.632313
1970-01-01 00:00:00.000001246,-1.087777
1970-01-01 00:00:00.000001247,-1.822873
1970-01-01 00:00:00.000001248,-2.177197
1970-01-01 00:00:00.000001249,-2.368098
1970-01-01 00:00:00.000001250,-2.3813720000000003
1970-01-01 00:00:00.000001251,-1.79222
1970-01-01 00:00:00.000001252,-1.388185
1970-01-01 00:00:00.000001253,-0.5202060000000001
1970-01-01 00:00:00.000001254,0.311187
1970-01-01 00:00:00.000001255,0.520329
1970-01-01 00:00:00.000001256,0.258005
1970-01-01 00:00:00.000001257,0.030881
1970-01-01 00:00:00.000001258,-0.731511
1970-01-01 00:00:00.000001259,-1.221411
1970-01-01 00:00:00.000001260,-1.4589450000000002
1970-01-01 00:00:00.000001261,-0.91461
1970-01-01 00:00:00.000001262,-1.02468
1970-01-01 00:00:00.000001263,-1.2802639999999998
1970-01-01 00:00:00.000001264,-1.321397
1970-01-01 00:00:00.000001265,-1.156491
1970-01-01 00:00:00.000001266,-0.613065
1970-01-01 00:00:00.000001267,-0.395991
1970-01-01 00:00:00.000001268,0.215468
1970-01-01 00:00:00.000001269,0.914893
1970-01-01 00:00:00.000001270,1.856763
1970-01-01 00:00:00.000001271,2.741946
1970-01-01 00:00:00.000001272,3.263028
1970-01-01 00:00:00.000001273,3.103756
1970-01-01 00:00:00.000001274,2.46829
1970-01-01 00:00:00.000001275,1.913673
1970-01-01 00:00:00.000001276,1.610455
1970-01-01 00:00:00.000001277,1.170983
1970-01-01 00:00:00.000001278,2.295626
1970-01-01 00:00:00.000001279,1.920286
1970-01-01 00:00:00.000001280,1.365515
1970-01-01 00:00:00.000001281,2.578542
1970-01-01 00:00:00.000001282,3.320135
1970-01-01 00:00:00.000001283,2.943563
1970-01-01 00:00:00.000001284,2.385831
1970-01-01 00:00:00.000001285,1.777778
1970-01-01 00:00:00.000001286,0.907731
1970-01-01 00:00:00.000001287,-0.1241
1970-01-01 00:00:00.000001288,-1.286768
1970-01-01 00:00:00.000001289,-2.807186
1970-01-01 00:00:00.000001290,-4.574495
1970-01-01 00:00:00.000001291,-3.706043
1970-01-01 00:00:00.000001292,-3.715708
1970-01-01 00:00:00.000001293,-3.624344
1970-01-01 00:00:00.000001294,-1.015608
1970-01-01 00:00:00.000001295,0.183402
1970-01-01 00:00:00.000001296,-0.69114
1970-01-01 00:00:00.000001297,-1.484868
1970-01-01 00:00:00.000001298,-1.7518619999999998
1970-01-01 00:00:00.000001299,-1.960664
1970-01-01 00:00:00.000001300,-2.055337
1970-01-01 00:00:00.000001301,-1.884717
1970-01-01 00:00:00.000001302,-1.494736
1970-01-01 00:00:00.000001303,-1.117652
1970-01-01 00:00:00.000001304,-0.6658149999999999
1970-01-01 00:00:00.000001305,-0.197052
1970-01-01 00:00:00.000001306,-0.029684
1970-01-01 00:00:00.000001307,-0.103841
1970-01-01 00:00:00.000001308,-0.0826409999999999
1970-01-01 00:00:00.000001309,-0.287566
1970-01-01 00:00:00.000001310,-0.754652
1970-01-01 00:00:00.000001311,-1.144732
1970-01-01 00:00:00.000001312,-1.2591290000000002
1970-01-01 00:00:00.000001313,-1.2419950000000002
1970-01-01 00:00:00.000001314,-1.136111
1970-01-01 00:00:00.000001315,-1.399553
1970-01-01 00:00:00.000001316,-1.807055
1970-01-01 00:00:00.000001317,-1.660664
1970-01-01 00:00:00.000001318,-0.868215
1970-01-01 00:00:00.000001319,-0.377293
1970-01-01 00:00:00.000001320,0.1698579999999999
1970-01-01 00:00:00.000001321,0.674046
1970-01-01 00:00:00.000001322,1.400621
1970-01-01 00:00:00.000001323,2.159391
1970-01-01 00:00:00.000001324,2.81604
1970-01-01 00:00:00.000001325,3.011964
1970-01-01 00:00:00.000001326,2.838846
1970-01-01 00:00:00.000001327,2.219678
1970-01-01 00:00:00.000001328,2.310051
1970-01-01 00:00:00.000001329,2.576178
1970-01-01 00:00:00.000001330,2.964928
1970-01-01 00:00:00.000001331,3.95769
1970-01-01 00:00:00.000001332,3.152206
1970-01-01 00:00:00.000001333,2.203212
1970-01-01 00:00:00.000001334,3.360799
1970-01-01 00:00:00.000001335,4.376348999999999
1970-01-01 00:00:00.000001336,3.914917
1970-01-01 00:00:00.000001337,3.569711
1970-01-01 00:00:00.000001338,2.812665
1970-01-01 00:00:00.000001339,2.053061
1970-01-01 00:00:00.000001340,1.089971
1970-01-01 00:00:00.000001341,0.030626
1970-01-01 00:00:00.000001342,-0.8046800000000001
1970-01-01 00:00:00.000001343,-1.3570209999999998
1970-01-01 00:00:00.000001344,-1.66837
1970-01-01 00:00:00.000001345,-2.037671
1970-01-01 00:00:00.000001346,-2.393
1970-01-01 00:00:00.000001347,-2.395694
1970-01-01 00:00:00.000001348,-2.4210130000000003
1970-01-01 00:00:00.000001349,-1.491444
1970-01-01 00:00:00.000001350,-2.158625
1970-01-01 00:00:00.000001351,-2.282223
1970-01-01 00:00:00.000001352,-2.873222
1970-01-01 00:00:00.000001353,-2.900801
1970-01-01 00:00:00.000001354,-2.819808
1970-01-01 00:00:00.000001355,-2.849975
1970-01-01 00:00:00.000001356,-2.952828
1970-01-01 00:00:00.000001357,-3.111719
1970-01-01 00:00:00.000001358,-3.328699
1970-01-01 00:00:00.000001359,-3.267357
1970-01-01 00:00:00.000001360,-2.173336
1970-01-01 00:00:00.000001361,-1.242523
1970-01-01 00:00:00.000001362,-1.096744
1970-01-01 00:00:00.000001363,-1.169824
1970-01-01 00:00:00.000001364,-1.324382
1970-01-01 00:00:00.000001365,-1.377322
1970-01-01 00:00:00.000001366,-1.15947
1970-01-01 00:00:00.000001367,-0.8226370000000001
1970-01-01 00:00:00.000001368,-0.533296
1970-01-01 00:00:00.000001369,-0.600024
1970-01-01 00:00:00.000001370,-1.099384
1970-01-01 00:00:00.000001371,-1.484842
1970-01-01 00:00:00.000001372,-1.590742
1970-01-01 00:00:00.000001373,-1.517483
1970-01-01 00:00:00.000001374,-1.43703
1970-01-01 00:00:00.000001375,-1.491199
1970-01-01 00:00:00.000001376,-1.81836
1970-01-01 00:00:00.000001377,-1.57465
1970-01-01 00:00:00.000001378,-0.953833
1970-01-01 00:00:00.000001379,-0.768861
1970-01-01 00:00:00.000001380,-0.613593
1970-01-01 00:00:00.000001381,-0.326056
1970-01-01 00:00:00.000001382,0.1146809999999999
1970-01-01 00:00:00.000001383,-0.000998
1970-01-01 00:00:00.000001384,-0.106761
1970-01-01 00:00:00.000001385,0.353892
1970-01-01 00:00:00.000001386,1.028643
1970-01-01 00:00:00.000001387,1.572559
1970-01-01 00:00:00.000001388,2.490207
1970-01-01 00:00:00.000001389,3.355981
1970-01-01 00:00:00.000001390,3.662709
1970-01-01 00:00:00.000001391,3.0069060000000003
1970-01-01 00:00:00.000001392,2.076336
1970-01-01 00:00:00.000001393,1.933207
1970-01-01 00:00:00.000001394,2.22873
1970-01-01 00:00:00.000001395,2.16805
1970-01-01 00:00:00.000001396,2.092797
1970-01-01 00:00:00.000001397,1.966128
1970-01-01 00:00:00.000001398,2.390532
1970-01-01 00:00:00.000001399,1.988101
1970-01-01 00:00:00.000001400,1.64524
1970-01-01 00:00:00.000001401,2.0664580000000004
1970-01-01 00:00:00.000001402,2.822289
1970-01-01 00:00:00.000001403,2.787296
1970-01-01 00:00:00.000001404,2.36073
1970-01-01 00:00:00.000001405,1.523423
1970-01-01 00:00:00.000001406,0.893791
1970-01-01 00:00:00.000001407,0.3315929999999999
1970-01-01 00:00:00.000001408,-0.2356079999999999
1970-01-01 00:00:00.000001409,-0.595425
1970-01-01 00:00:00.000001410,-0.867981
1970-01-01 00:00:00.000001411,-1.094085
1970-01-01 00:00:00.000001412,-1.407384
1970-01-01 00:00:00.000001413,-1.510904
1970-01-01 00:00:00.000001414,-1.577905
1970-01-01 00:00:00.000001415,-1.344896
1970-01-01 00:00:00.000001416,-1.101521
1970-01-01 00:00:00.000001417,-1.339258
1970-01-01 00:00:00.000001418,-1.439565
1970-01-01 00:00:00.000001419,-2.040146
1970-01-01 00:00:00.000001420,-3.038182
1970-01-01 00:00:00.000001421,-3.221078
1970-01-01 00:00:00.000001422,-1.7610580000000002
1970-01-01 00:00:00.000001423,-1.621797
1970-01-01 00:00:00.000001424,-1.757464
1970-01-01 00:00:00.000001425,-1.759579
1970-01-01 00:00:00.000001426,-2.037397
1970-01-01 00:00:00.000001427,-2.415087
1970-01-01 00:00:00.000001428,-2.561175
1970-01-01 00:00:00.000001429,-1.895721
1970-01-01 00:00:00.000001430,-0.7510680000000001
1970-01-01 00:00:00.000001431,-0.100009
1970-01-01 00:00:00.000001432,-0.629733
1970-01-01 00:00:00.000001433,-0.836683
1970-01-01 00:00:00.000001434,-0.248857
1970-01-01 00:00:00.000001435,0.029889
1970-01-01 00:00:00.000001436,-0.188628
1970-01-01 00:00:00.000001437,-0.5659850000000001
1970-01-01 00:00:00.000001438,-0.8426739999999999
1970-01-01 00:00:00.000001439,-1.155124
1970-01-01 00:00:00.000001440,-1.7761169999999995
1970-01-01 00:00:00.000001441,-2.654285
1970-01-01 00:00:00.000001442,-2.270582
1970-01-01 00:00:00.000001443,0.240985
1970-01-01 00:00:00.000001444,-0.314132
1970-01-01 00:00:00.000001445,-0.6465890000000001
1970-01-01 00:00:00.000001446,-0.461345
1970-01-01 00:00:00.000001447,-0.4828689999999999
1970-01-01 00:00:00.000001448,-0.106642
1970-01-01 00:00:00.000001449,0.368081
1970-01-01 00:00:00.000001450,0.957704
1970-01-01 00:00:00.000001451,1.481436
1970-01-01 00:00:00.000001452,2.416612
1970-01-01 00:00:00.000001453,3.057745
1970-01-01 00:00:00.000001454,3.28093
1970-01-01 00:00:00.000001455,3.242899
1970-01-01 00:00:00.000001456,3.176047
1970-01-01 00:00:00.000001457,2.985223
1970-01-01 00:00:00.000001458,2.504731
1970-01-01 00:00:00.000001459,2.217174
1970-01-01 00:00:00.000001460,2.310295
1970-01-01 00:00:00.000001461,2.628363
1970-01-01 00:00:00.000001462,2.529314
1970-01-01 00:00:00.000001463,2.0127330000000003
1970-01-01 00:00:00.000001464,1.922996
1970-01-01 00:00:00.000001465,2.877056
1970-01-01 00:00:00.000001466,2.906401
1970-01-01 00:00:00.000001467,2.296399
1970-01-01 00:00:00.000001468,1.655414
1970-01-01 00:00:00.000001469,1.001091
1970-01-01 00:00:00.000001470,0.045922
1970-01-01 00:00:00.000001471,-1.103728
1970-01-01 00:00:00.000001472,-2.286307
1970-01-01 00:00:00.000001473,-3.232054
1970-01-01 00:00:00.000001474,-3.336367
1970-01-01 00:00:00.000001475,-3.240529
1970-01-01 00:00:00.000001476,-2.6383970000000003
1970-01-01 00:00:00.000001477,-1.7115740000000002
1970-01-01 00:00:00.000001478,-1.08601
1970-01-01 00:00:00.000001479,-1.83861
1970-01-01 00:00:00.000001480,-2.270499
1970-01-01 00:00:00.000001481,-2.307962
1970-01-01 00:00:00.000001482,-2.167856
1970-01-01 00:00:00.000001483,-1.401253
1970-01-01 00:00:00.000001484,-1.075882
1970-01-01 00:00:00.000001485,-1.010494
1970-01-01 00:00:00.000001486,-0.889115
1970-01-01 00:00:00.000001487,-0.316254
1970-01-01 00:00:00.000001488,0.033018
1970-01-01 00:00:00.000001489,-0.159839
1970-01-01 00:00:00.000001490,-0.673783
1970-01-01 00:00:00.000001491,-0.929438
1970-01-01 00:00:00.000001492,-1.456218
1970-01-01 00:00:00.000001493,-1.303678
1970-01-01 00:00:00.000001494,-1.629555
1970-01-01 00:00:00.000001495,-1.84609
1970-01-01 00:00:00.000001496,-1.650885
1970-01-01 00:00:00.000001497,-1.489376
1970-01-01 00:00:00.000001498,-0.921062
1970-01-01 00:00:00.000001499,-0.3693329999999999
1970-01-01 00:00:00.000001500,0.007711
1970-01-01 00:00:00.000001501,0.959957
1970-01-01 00:00:00.000001502,1.655391
1970-01-01 00:00:00.000001503,2.189571
1970-01-01 00:00:00.000001504,2.827197
1970-01-01 00:00:00.000001505,3.1164
1970-01-01 00:00:00.000001506,2.977766
1970-01-01 00:00:00.000001507,2.683114
1970-01-01 00:00:00.000001508,2.218439
1970-01-01 00:00:00.000001509,2.016312
1970-01-01 00:00:00.000001510,1.892314
1970-01-01 00:00:00.000001511,2.127206
1970-01-01 00:00:00.000001512,1.391849
1970-01-01 00:00:00.000001513,2.64432
1970-01-01 00:00:00.000001514,3.12194
1970-01-01 00:00:00.000001515,3.373725
1970-01-01 00:00:00.000001516,2.697414
1970-01-01 00:00:00.000001517,2.185452
1970-01-01 00:00:00.000001518,1.956805
1970-01-01 00:00:00.000001519,1.233326
1970-01-01 00:00:00.000001520,0.292204
1970-01-01 00:00:00.000001521,-1.1485459999999998
1970-01-01 00:00:00.000001522,-2.839598
1970-01-01 00:00:00.000001523,-4.039422
1970-01-01 00:00:00.000001524,-2.992132
1970-01-01 00:00:00.000001525,-3.371375
1970-01-01 00:00:00.000001526,-2.756778
1970-01-01 00:00:00.000001527,-2.073605
1970-01-01 00:00:00.000001528,-2.0308490000000003
1970-01-01 00:00:00.000001529,-2.335703
1970-01-01 00:00:00.000001530,-2.4414130000000003
1970-01-01 00:00:00.000001531,-2.258331
1970-01-01 00:00:00.000001532,-1.594573
1970-01-01 00:00:00.000001533,-1.011184
1970-01-01 00:00:00.000001534,-0.899856
1970-01-01 00:00:00.000001535,-0.974642
1970-01-01 00:00:00.000001536,-0.993886
1970-01-01 00:00:00.000001537,-0.6150680000000001
1970-01-01 00:00:00.000001538,-0.237305
1970-01-01 00:00:00.000001539,-0.499367
1970-01-01 00:00:00.000001540,-0.785373
1970-01-01 00:00:00.000001541,-0.777172
1970-01-01 00:00:00.000001542,-0.621631
1970-01-01 00:00:00.000001543,-0.656533
1970-01-01 00:00:00.000001544,-0.606019
1970-01-01 00:00:00.000001545,-0.7202189999999999
1970-01-01 00:00:00.000001546,-1.272053
1970-01-01 00:00:00.000001547,-1.5590190000000002
1970-01-01 00:00:00.000001548,-1.462488
1970-01-01 00:00:00.000001549,-1.288928
1970-01-01 00:00:00.000001550,-0.834089
1970-01-01 00:00:00.000001551,-0.462474
1970-01-01 00:00:00.000001552,0.148153
1970-01-01 00:00:00.000001553,0.976783
1970-01-01 00:00:00.000001554,1.80838
1970-01-01 00:00:00.000001555,2.514169
1970-01-01 00:00:00.000001556,3.130331
1970-01-01 00:00:00.000001557,3.299259
1970-01-01 00:00:00.000001558,3.391803
1970-01-01 00:00:00.000001559,2.8214360000000003
1970-01-01 00:00:00.000001560,2.060162
1970-01-01 00:00:00.000001561,1.67441
1970-01-01 00:00:00.000001562,1.887845
1970-01-01 00:00:00.000001563,0.8366959999999999
1970-01-01 00:00:00.000001564,1.427629
1970-01-01 00:00:00.000001565,3.156444
1970-01-01 00:00:00.000001566,3.415461
1970-01-01 00:00:00.000001567,2.589476
1970-01-01 00:00:00.000001568,2.281289
1970-01-01 00:00:00.000001569,1.973802
1970-01-01 00:00:00.000001570,1.465354
1970-01-01 00:00:00.000001571,0.6155729999999999
1970-01-01 00:00:00.000001572,-0.1023879999999999
1970-01-01 00:00:00.000001573,-1.185832
1970-01-01 00:00:00.000001574,-2.70425
1970-01-01 00:00:00.000001575,-3.984098
1970-01-01 00:00:00.000001576,-3.047771
1970-01-01 00:00:00.000001577,-3.310344
1970-01-01 00:00:00.000001578,-2.686846
1970-01-01 00:00:00.000001579,-1.997427
1970-01-01 00:00:00.000001580,-1.240703
1970-01-01 00:00:00.000001581,-1.410516
1970-01-01 00:00:00.000001582,-1.557822
1970-01-01 00:00:00.000001583,-1.6224
1970-01-01 00:00:00.000001584,-0.929537
1970-01-01 00:00:00.000001585,-0.385519
1970-01-01 00:00:00.000001586,-0.655401
1970-01-01 00:00:00.000001587,-0.529963
1970-01-01 00:00:00.000001588,-0.139019
1970-01-01 00:00:00.000001589,0.4551229999999999
1970-01-01 00:00:00.000001590,0.25096
1970-01-01 00:00:00.000001591,0.124724
1970-01-01 00:00:00.000001592,-0.392144
1970-01-01 00:00:00.000001593,-1.390725
1970-01-01 00:00:00.000001594,-2.007803
1970-01-01 00:00:00.000001595,-2.612258
1970-01-01 00:00:00.000001596,-3.5359769999999995
1970-01-01 00:00:00.000001597,-3.862736
1970-01-01 00:00:00.000001598,-2.736526
1970-01-01 00:00:00.000001599,-1.201151
1970-01-01 00:00:00.000001600,-0.942286
1970-01-01 00:00:00.000001601,0.1073819999999999
1970-01-01 00:00:00.000001602,1.123619
1970-01-01 00:00:00.000001603,2.647122
1970-01-01 00:00:00.000001604,3.76826
1970-01-01 00:00:00.000001605,4.210547
1970-01-01 00:00:00.000001606,4.096929
1970-01-01 00:00:00.000001607,2.885897
1970-01-01 00:00:00.000001608,2.466237
1970-01-01 00:00:00.000001609,2.3769880000000003
1970-01-01 00:00:00.000001610,1.12973
1970-01-01 00:00:00.000001611,0.982496
1970-01-01 00:00:00.000001612,1.358366
1970-01-01 00:00:00.000001613,1.577002
1970-01-01 00:00:00.000001614,2.050224
1970-01-01 00:00:00.000001615,1.72433
1970-01-01 00:00:00.000001616,1.386032
1970-01-01 00:00:00.000001617,1.118986
1970-01-01 00:00:00.000001618,-0.026519
1970-01-01 00:00:00.000001619,-1.939618
1970-01-01 00:00:00.000001620,-3.151328
1970-01-01 00:00:00.000001621,-3.462003
1970-01-01 00:00:00.000001622,-3.175437
1970-01-01 00:00:00.000001623,-3.958381
1970-01-01 00:00:00.000001624,-3.244854
1970-01-01 00:00:00.000001625,-0.164537
1970-01-01 00:00:00.000001626,-0.052344
1970-01-01 00:00:00.000001627,0.247034
1970-01-01 00:00:00.000001628,1.436326
1970-01-01 00:00:00.000001629,1.610861
1970-01-01 00:00:00.000001630,1.009656
1970-01-01 00:00:00.000001631,-0.231233
1970-01-01 00:00:00.000001632,-1.375004
1970-01-01 00:00:00.000001633,-1.783421
1970-01-01 00:00:00.000001634,-2.006314
1970-01-01 00:00:00.000001635,-2.481888
1970-01-01 00:00:00.000001636,-2.532314
1970-01-01 00:00:00.000001637,-2.187876
1970-01-01 00:00:00.000001638,-1.601372
1970-01-01 00:00:00.000001639,-1.228723
1970-01-01 00:00:00.000001640,-0.631382
1970-01-01 00:00:00.000001641,0.024865
1970-01-01 00:00:00.000001642,0.644908
1970-01-01 00:00:00.000001643,1.599331
1970-01-01 00:00:00.000001644,2.050643
1970-01-01 00:00:00.000001645,2.5125040000000003
1970-01-01 00:00:00.000001646,2.970774
1970-01-01 00:00:00.000001647,3.126012
1970-01-01 00:00:00.000001648,2.876857
1970-01-01 00:00:00.000001649,2.4153130000000003
1970-01-01 00:00:00.000001650,2.171239
1970-01-01 00:00:00.000001651,1.416581
1970-01-01 00:00:00.000001652,0.372093
1970-01-01 00:00:00.000001653,1.871037
1970-01-01 00:00:00.000001654,3.1281950000000003
1970-01-01 00:00:00.000001655,2.694286
1970-01-01 00:00:00.000001656,1.885301
1970-01-01 00:00:00.000001657,1.121258
1970-01-01 00:00:00.000001658,0.890998
1970-01-01 00:00:00.000001659,-0.5116539999999999
1970-01-01 00:00:00.000001660,-2.700831
1970-01-01 00:00:00.000001661,-3.96097
1970-01-01 00:00:00.000001662,-3.772091000000001
1970-01-01 00:00:00.000001663,-3.731445
1970-01-01 00:00:00.000001664,-4.189045
1970-01-01 00:00:00.000001665,-3.384075
1970-01-01 00:00:00.000001666,-0.793728
1970-01-01 00:00:00.000001667,-0.122039
1970-01-01 00:00:00.000001668,-0.400336
1970-01-01 00:00:00.000001669,0.612664
1970-01-01 00:00:00.000001670,1.254653
1970-01-01 00:00:00.000001671,0.94593
1970-01-01 00:00:00.000001672,0.453385
1970-01-01 00:00:00.000001673,-0.441223
1970-01-01 00:00:00.000001674,-1.850739
1970-01-01 00:00:00.000001675,-2.864401
1970-01-01 00:00:00.000001676,-2.709598
1970-01-01 00:00:00.000001677,-2.586962
1970-01-01 00:00:00.000001678,-2.037429
1970-01-01 00:00:00.000001679,-1.406965
1970-01-01 00:00:00.000001680,-0.7059770000000001
1970-01-01 00:00:00.000001681,0.231455
1970-01-01 00:00:00.000001682,1.058858
1970-01-01 00:00:00.000001683,2.298428
1970-01-01 00:00:00.000001684,2.953508
1970-01-01 00:00:00.000001685,3.370842
1970-01-01 00:00:00.000001686,3.063669
1970-01-01 00:00:00.000001687,2.794891
1970-01-01 00:00:00.000001688,2.8455
1970-01-01 00:00:00.000001689,2.503837
1970-01-01 00:00:00.000001690,1.88246
1970-01-01 00:00:00.000001691,1.6922099999999998
1970-01-01 00:00:00.000001692,0.591684
1970-01-01 00:00:00.000001693,1.609857
1970-01-01 00:00:00.000001694,2.324753
1970-01-01 00:00:00.000001695,2.349698
1970-01-01 00:00:00.000001696,1.846825
1970-01-01 00:00:00.000001697,1.148666
1970-01-01 00:00:00.000001698,0.61488
1970-01-01 00:00:00.000001699,-0.333501
1970-01-01 00:00:00.000001700,-1.287239
1970-01-01 00:00:00.000001701,-2.468803
1970-01-01 00:00:00.000001702,-3.599996
1970-01-01 00:00:00.000001703,-3.499876
1970-01-01 00:00:00.000001704,-3.789175
1970-01-01 00:00:00.000001705,-3.554471
1970-01-01 00:00:00.000001706,-3.522297
1970-01-01 00:00:00.000001707,-2.044513
1970-01-01 00:00:00.000001708,-0.436739
1970-01-01 00:00:00.000001709,-0.7488319999999999
1970-01-01 00:00:00.000001710,-0.8567620000000001
1970-01-01 00:00:00.000001711,-0.756211
1970-01-01 00:00:00.000001712,-0.630127
1970-01-01 00:00:00.000001713,-0.479759
1970-01-01 00:00:00.000001714,-0.414404
1970-01-01 00:00:00.000001715,-0.539975
1970-01-01 00:00:00.000001716,-0.807642
1970-01-01 00:00:00.000001717,-0.946287
1970-01-01 00:00:00.000001718,-1.012362
1970-01-01 00:00:00.000001719,-0.971778
1970-01-01 00:00:00.000001720,-0.780412
1970-01-01 00:00:00.000001721,-0.591613
1970-01-01 00:00:00.000001722,-0.341758
1970-01-01 00:00:00.000001723,-0.249993
1970-01-01 00:00:00.000001724,-0.2473989999999999
1970-01-01 00:00:00.000001725,-0.172594
1970-01-01 00:00:00.000001726,-0.234602
1970-01-01 00:00:00.000001727,-0.323955
1970-01-01 00:00:00.000001728,-0.440202
1970-01-01 00:00:00.000001729,-0.706993
1970-01-01 00:00:00.000001730,-0.8891819999999999
1970-01-01 00:00:00.000001731,-1.1296700000000002
1970-01-01 00:00:00.000001732,-1.298297
1970-01-01 00:00:00.000001733,-1.280738
1970-01-01 00:00:00.000001734,-1.180482
1970-01-01 00:00:00.000001735,-1.288855
1970-01-01 00:00:00.000001736,-1.07314
1970-01-01 00:00:00.000001737,-0.7581100000000001
1970-01-01 00:00:00.000001738,-0.373421
1970-01-01 00:00:00.000001739,0.061459
1970-01-01 00:00:00.000001740,0.6039760000000001
1970-01-01 00:00:00.000001741,1.201607
1970-01-01 00:00:00.000001742,1.572171
1970-01-01 00:00:00.000001743,1.621391
1970-01-01 00:00:00.000001744,1.657471
1970-01-01 00:00:00.000001745,1.703387
1970-01-01 00:00:00.000001746,1.493425
1970-01-01 00:00:00.000001747,0.993715
1970-01-01 00:00:00.000001748,0.756369
1970-01-01 00:00:00.000001749,0.922686
1970-01-01 00:00:00.000001750,0.8815629999999999
1970-01-01 00:00:00.000001751,0.63474
1970-01-01 00:00:00.000001752,1.862294
1970-01-01 00:00:00.000001753,1.85765
1970-01-01 00:00:00.000001754,1.342178
1970-01-01 00:00:00.000001755,1.425403
1970-01-01 00:00:00.000001756,1.684241
1970-01-01 00:00:00.000001757,1.863285
1970-01-01 00:00:00.000001758,2.19749
1970-01-01 00:00:00.000001759,1.8695
1970-01-01 00:00:00.000001760,1.844482
1970-01-01 00:00:00.000001761,1.662686
1970-01-01 00:00:00.000001762,1.118309
1970-01-01 00:00:00.000001763,0.650329
1970-01-01 00:00:00.000001764,0.202407
1970-01-01 00:00:00.000001765,-0.041875
1970-01-01 00:00:00.000001766,-0.260571
1970-01-01 00:00:00.000001767,-0.4614069999999999
1970-01-01 00:00:00.000001768,-0.645637
1970-01-01 00:00:00.000001769,-0.770571
1970-01-01 00:00:00.000001770,-0.939379
1970-01-01 00:00:00.000001771,-0.890184
1970-01-01 00:00:00.000001772,-0.813773
1970-01-01 00:00:00.000001773,-0.888294
1970-01-01 00:00:00.000001774,-1.033265
1970-01-01 00:00:00.000001775,-0.943276
1970-01-01 00:00:00.000001776,-0.952116
1970-01-01 00:00:00.000001777,-0.956447
1970-01-01 00:00:00.000001778,-1.686049
1970-01-01 00:00:00.000001779,-1.202067
1970-01-01 00:00:00.000001780,-1.364471
1970-01-01 00:00:00.000001781,-1.383606
1970-01-01 00:00:00.000001782,-1.874703
1970-01-01 00:00:00.000001783,-2.804209
1970-01-01 00:00:00.000001784,-3.300343
1970-01-01 00:00:00.000001785,-2.982595
1970-01-01 00:00:00.000001786,-2.524899
1970-01-01 00:00:00.000001787,-1.601181
1970-01-01 00:00:00.000001788,-1.238025
1970-01-01 00:00:00.000001789,-1.550653
1970-01-01 00:00:00.000001790,-1.87651
1970-01-01 00:00:00.000001791,-1.145415
1970-01-01 00:00:00.000001792,-0.34833
1970-01-01 00:00:00.000001793,-0.312361
1970-01-01 00:00:00.000001794,-0.433789
1970-01-01 00:00:00.000001795,-0.618682
1970-01-01 00:00:00.000001796,-1.119059
1970-01-01 00:00:00.000001797,-1.119321
1970-01-01 00:00:00.000001798,-0.8174319999999999
1970-01-01 00:00:00.000001799,-0.8274870000000001
1970-01-01 00:00:00.000001800,-0.942184
1970-01-01 00:00:00.000001801,-1.218956
1970-01-01 00:00:00.000001802,-1.429263
1970-01-01 00:00:00.000001803,-1.472255
1970-01-01 00:00:00.000001804,-1.71623
1970-01-01 00:00:00.000001805,-1.029673
1970-01-01 00:00:00.000001806,0.5601550000000001
1970-01-01 00:00:00.000001807,0.948844
1970-01-01 00:00:00.000001808,2.03921
1970-01-01 00:00:00.000001809,2.768866
1970-01-01 00:00:00.000001810,3.421062
1970-01-01 00:00:00.000001811,3.823919
1970-01-01 00:00:00.000001812,3.488
1970-01-01 00:00:00.000001813,3.270152
1970-01-01 00:00:00.000001814,2.824219
1970-01-01 00:00:00.000001815,2.326956
1970-01-01 00:00:00.000001816,1.933286
1970-01-01 00:00:00.000001817,2.8734610000000003
1970-01-01 00:00:00.000001818,3.3500690000000004
1970-01-01 00:00:00.000001819,3.917544
1970-01-01 00:00:00.000001820,4.037467
1970-01-01 00:00:00.000001821,4.049180000000001
1970-01-01 00:00:00.000001822,4.380848
1970-01-01 00:00:00.000001823,4.19374
1970-01-01 00:00:00.000001824,3.483614
1970-01-01 00:00:00.000001825,2.426225
1970-01-01 00:00:00.000001826,1.324982
1970-01-01 00:00:00.000001827,0.2194159999999999
1970-01-01 00:00:00.000001828,-0.725561
1970-01-01 00:00:00.000001829,-1.473647
1970-01-01 00:00:00.000001830,-1.962307
1970-01-01 00:00:00.000001831,-2.366207
1970-01-01 00:00:00.000001832,-2.213058
1970-01-01 00:00:00.000001833,-2.263293
1970-01-01 00:00:00.000001834,-2.656572
1970-01-01 00:00:00.000001835,-2.746635
1970-01-01 00:00:00.000001836,-2.257066
1970-01-01 00:00:00.000001837,-2.6981490000000004
1970-01-01 00:00:00.000001838,-2.868431
1970-01-01 00:00:00.000001839,-2.911539
1970-01-01 00:00:00.000001840,-2.904914
1970-01-01 00:00:00.000001841,-2.545866
1970-01-01 00:00:00.000001842,-2.543374
1970-01-01 00:00:00.000001843,-2.553994
1970-01-01 00:00:00.000001844,-1.815155
1970-01-01 00:00:00.000001845,-0.558539
1970-01-01 00:00:00.000001846,0.199418
1970-01-01 00:00:00.000001847,-0.662832
1970-01-01 00:00:00.000001848,-1.54632
1970-01-01 00:00:00.000001849,-1.773254
1970-01-01 00:00:00.000001850,-1.413801
1970-01-01 00:00:00.000001851,-1.460037
1970-01-01 00:00:00.000001852,-1.024296
1970-01-01 00:00:00.000001853,-0.571392
1970-01-01 00:00:00.000001854,-0.876179
1970-01-01 00:00:00.000001855,-0.8304520000000001
1970-01-01 00:00:00.000001856,-0.642566
1970-01-01 00:00:00.000001857,-0.560122
1970-01-01 00:00:00.000001858,-0.555305
1970-01-01 00:00:00.000001859,-0.304534
1970-01-01 00:00:00.000001860,0.319774
1970-01-01 00:00:00.000001861,0.955226
1970-01-01 00:00:00.000001862,1.7215349999999998
1970-01-01 00:00:00.000001863,2.568895
1970-01-01 00:00:00.000001864,3.5823050000000003
1970-01-01 00:00:00.000001865,3.910472
1970-01-01 00:00:00.000001866,3.716938
1970-01-01 00:00:00.000001867,2.332467
1970-01-01 00:00:00.000001868,1.523594
1970-01-01 00:00:00.000001869,1.654397
1970-01-01 00:00:00.000001870,2.951727
1970-01-01 00:00:00.000001871,2.364732
1970-01-01 00:00:00.000001872,2.362674
1970-01-01 00:00:00.000001873,2.773197
1970-01-01 00:00:00.000001874,3.3421830000000003
1970-01-01 00:00:00.000001875,3.248988
1970-01-01 00:00:00.000001876,2.976626
1970-01-01 00:00:00.000001877,2.28899
1970-01-01 00:00:00.000001878,1.434352
1970-01-01 00:00:00.000001879,0.5501
1970-01-01 00:00:00.000001880,-0.7745270000000001
1970-01-01 00:00:00.000001881,-2.455763
1970-01-01 00:00:00.000001882,-4.124599
1970-01-01 00:00:00.000001883,-3.401117
1970-01-01 00:00:00.000001884,-3.625462
1970-01-01 00:00:00.000001885,-2.786865
1970-01-01 00:00:00.000001886,-1.620641
1970-01-01 00:00:00.000001887,-0.684978
1970-01-01 00:00:00.000001888,-1.4009969999999998
1970-01-01 00:00:00.000001889,-2.066023
1970-01-01 00:00:00.000001890,-2.719973
1970-01-01 00:00:00.000001891,-3.18244
1970-01-01 00:00:00.000001892,-2.737643
1970-01-01 00:00:00.000001893,-1.146503
1970-01-01 00:00:00.000001894,-0.543421
1970-01-01 00:00:00.000001895,-0.903994
1970-01-01 00:00:00.000001896,-0.708073
1970-01-01 00:00:00.000001897,-0.420837
1970-01-01 00:00:00.000001898,-0.554221
1970-01-01 00:00:00.000001899,-0.90738
1970-01-01 00:00:00.000001900,-0.92552
1970-01-01 00:00:00.000001901,-0.961981
1970-01-01 00:00:00.000001902,-0.703946
1970-01-01 00:00:00.000001903,-0.3946989999999999
1970-01-01 00:00:00.000001904,-0.540216
1970-01-01 00:00:00.000001905,-0.706896
1970-01-01 00:00:00.000001906,-0.949956
1970-01-01 00:00:00.000001907,-1.16675
1970-01-01 00:00:00.000001908,-1.264709
1970-01-01 00:00:00.000001909,-1.187517
1970-01-01 00:00:00.000001910,-0.779832
1970-01-01 00:00:00.000001911,-0.4782149999999999
1970-01-01 00:00:00.000001912,-0.174176
1970-01-01 00:00:00.000001913,0.47095
1970-01-01 00:00:00.000001914,1.236391
1970-01-01 00:00:00.000001915,1.730373
1970-01-01 00:00:00.000001916,2.174663
1970-01-01 00:00:00.000001917,2.687404
1970-01-01 00:00:00.000001918,3.127133
1970-01-01 00:00:00.000001919,3.527325
1970-01-01 00:00:00.000001920,2.803589
1970-01-01 00:00:00.000001921,1.983443
1970-01-01 00:00:00.000001922,1.684768
1970-01-01 00:00:00.000001923,1.572878
1970-01-01 00:00:00.000001924,2.060201
1970-01-01 00:00:00.000001925,1.759351
1970-01-01 00:00:00.000001926,2.538301
1970-01-01 00:00:00.000001927,3.149807
1970-01-01 00:00:00.000001928,2.8750880000000003
1970-01-01 00:00:00.000001929,2.563336
1970-01-01 00:00:00.000001930,2.132834
1970-01-01 00:00:00.000001931,1.42315
1970-01-01 00:00:00.000001932,0.510915
1970-01-01 00:00:00.000001933,-0.443609
1970-01-01 00:00:00.000001934,-1.758922
1970-01-01 00:00:00.000001935,-3.223675
1970-01-01 00:00:00.000001936,-3.619186
1970-01-01 00:00:00.000001937,-3.4914160000000005
1970-01-01 00:00:00.000001938,-3.15223
1970-01-01 00:00:00.000001939,-1.978314
1970-01-01 00:00:00.000001940,-0.571437
1970-01-01 00:00:00.000001941,-0.8866639999999999
1970-01-01 00:00:00.000001942,-1.557287
1970-01-01 00:00:00.000001943,-1.818036
1970-01-01 00:00:00.000001944,-1.765554
1970-01-01 00:00:00.000001945,-1.430105
1970-01-01 00:00:00.000001946,-0.7853939999999999
1970-01-01 00:00:00.000001947,-0.830356
1970-01-01 00:00:00.000001948,-0.521588
1970-01-01 00:00:00.000001949,-0.15517
1970-01-01 00:00:00.000001950,-0.090929
1970-01-01 00:00:00.000001951,-0.437772
1970-01-01 00:00:00.000001952,-1.022536
1970-01-01 00:00:00.000001953,-1.878266
1970-01-01 00:00:00.000001954,-2.410314
1970-01-01 00:00:00.000001955,-2.30177
1970-01-01 00:00:00.000001956,-1.88863
1970-01-01 00:00:00.000001957,-1.392459
1970-01-01 00:00:00.000001958,-0.897435
1970-01-01 00:00:00.000001959,-0.330498
1970-01-01 00:00:00.000001960,0.145514
1970-01-01 00:00:00.000001961,0.715675
1970-01-01 00:00:00.000001962,1.608435
1970-01-01 00:00:00.000001963,2.533707
1970-01-01 00:00:00.000001964,3.288217
1970-01-01 00:00:00.000001965,3.631968
1970-01-01 00:00:00.000001966,3.0025060000000003
1970-01-01 00:00:00.000001967,2.786717
1970-01-01 00:00:00.000001968,2.3388
1970-01-01 00:00:00.000001969,1.752873
1970-01-01 00:00:00.000001970,2.777632
1970-01-01 00:00:00.000001971,1.913889
1970-01-01 00:00:00.000001972,2.436293
1970-01-01 00:00:00.000001973,2.656114
1970-01-01 00:00:00.000001974,2.839
1970-01-01 00:00:00.000001975,2.194366
1970-01-01 00:00:00.000001976,1.405353
1970-01-01 00:00:00.000001977,0.8327540000000001
1970-01-01 00:00:00.000001978,-0.010621
1970-01-01 00:00:00.000001979,-1.190112
1970-01-01 00:00:00.000001980,-2.801087
1970-01-01 00:00:00.000001981,-4.104023000000001
1970-01-01 00:00:00.000001982,-3.755347
1970-01-01 00:00:00.000001983,-4.687593
1970-01-01 00:00:00.000001984,-3.980473
1970-01-01 00:00:00.000001985,-3.2852900000000003
1970-01-01 00:00:00.000001986,-1.656066
1970-01-01 00:00:00.000001987,-0.587871
1970-01-01 00:00:00.000001988,-0.850439
1970-01-01 00:00:00.000001989,-0.766766
1970-01-01 00:00:00.000001990,-0.549754
1970-01-01 00:00:00.000001991,-0.378996
1970-01-01 00:00:00.000001992,-0.22676
1970-01-01 00:00:00.000001993,-0.168174
1970-01-01 00:00:00.000001994,-0.260928
1970-01-01 00:00:00.000001995,-0.105765
1970-01-01 00:00:00.000001996,-0.084274
1970-01-01 00:00:00.000001997,-0.181239
1970-01-01 00:00:00.000001998,-0.708857
1970-01-01 00:00:00.000001999,-1.026101
1970-01-01 00:00:00.000002000,-1.428817
1970-01-01 00:00:00.000002001,-2.143493
1970-01-01 00:00:00.000002002,-2.171996
1970-01-01 00:00:00.000002003,-2.471002
1970-01-01 00:00:00.000002004,-2.246164
1970-01-01 00:00:00.000002005,-1.048277
1970-01-01 00:00:00.000002006,-0.503736
1970-01-01 00:00:00.000002007,-0.058013
1970-01-01 00:00:00.000002008,0.33885
1970-01-01 00:00:00.000002009,1.202605
1970-01-01 00:00:00.000002010,2.37421
1970-01-01 00:00:00.000002011,3.296688
1970-01-01 00:00:00.000002012,3.753914
1970-01-01 00:00:00.000002013,3.699404
1970-01-01 00:00:00.000002014,3.459867
1970-01-01 00:00:00.000002015,2.860151
1970-01-01 00:00:00.000002016,2.494002
1970-01-01 00:00:00.000002017,1.931297
1970-01-01 00:00:00.000002018,2.287799
1970-01-01 00:00:00.000002019,1.615628
1970-01-01 00:00:00.000002020,2.096505
1970-01-01 00:00:00.000002021,2.756667
1970-01-01 00:00:00.000002022,2.725051
1970-01-01 00:00:00.000002023,2.034831
1970-01-01 00:00:00.000002024,1.283582
1970-01-01 00:00:00.000002025,0.7433930000000001
1970-01-01 00:00:00.000002026,-0.0456209999999999
1970-01-01 00:00:00.000002027,-1.080188
1970-01-01 00:00:00.000002028,-2.438192
1970-01-01 00:00:00.000002029,-3.959934
1970-01-01 00:00:00.000002030,-4.275876
1970-01-01 00:00:00.000002031,-4.309691
1970-01-01 00:00:00.000002032,-4.158529
1970-01-01 00:00:00.000002033,-3.450756
1970-01-01 00:00:00.000002034,-2.0078560000000003
1970-01-01 00:00:00.000002035,0.289063
1970-01-01 00:00:00.000002036,-0.205738
1970-01-01 00:00:00.000002037,-0.150638
1970-01-01 00:00:00.000002038,-0.005254
1970-01-01 00:00:00.000002039,-0.34702
1970-01-01 00:00:00.000002040,-0.560295
1970-01-01 00:00:00.000002041,-0.225611
1970-01-01 00:00:00.000002042,-0.27641
1970-01-01 00:00:00.000002043,-0.284724
1970-01-01 00:00:00.000002044,-0.7526470000000001
1970-01-01 00:00:00.000002045,-1.624521
1970-01-01 00:00:00.000002046,-1.931166
1970-01-01 00:00:00.000002047,-2.567344
1970-01-01 00:00:00.000002048,-2.449013
1970-01-01 00:00:00.000002049,-1.66955
1970-01-01 00:00:00.000002050,-0.907048
1970-01-01 00:00:00.000002051,-0.4788159999999999
1970-01-01 00:00:00.000002052,0.208378
1970-01-01 00:00:00.000002053,0.6073149999999999
1970-01-01 00:00:00.000002054,1.354742
1970-01-01 00:00:00.000002055,2.350111
1970-01-01 00:00:00.000002056,3.015919
1970-01-01 00:00:00.000002057,3.130193
1970-01-01 00:00:00.000002058,3.2271970000000003
1970-01-01 00:00:00.000002059,2.990905
1970-01-01 00:00:00.000002060,2.782309
1970-01-01 00:00:00.000002061,2.327647
1970-01-01 00:00:00.000002062,2.274762
1970-01-01 00:00:00.000002063,2.189718
1970-01-01 00:00:00.000002064,1.494764
1970-01-01 00:00:00.000002065,2.173959
1970-01-01 00:00:00.000002066,2.244427
1970-01-01 00:00:00.000002067,1.649614
1970-01-01 00:00:00.000002068,0.8776370000000001
1970-01-01 00:00:00.000002069,0.37917
1970-01-01 00:00:00.000002070,-0.205009
1970-01-01 00:00:00.000002071,-1.249725
1970-01-01 00:00:00.000002072,-2.344708
1970-01-01 00:00:00.000002073,-3.633279
1970-01-01 00:00:00.000002074,-3.750857
1970-01-01 00:00:00.000002075,-4.384068
1970-01-01 00:00:00.000002076,-4.905693
1970-01-01 00:00:00.000002077,-3.974256
1970-01-01 00:00:00.000002078,-1.666959
1970-01-01 00:00:00.000002079,-0.858749
1970-01-01 00:00:00.000002080,-1.136356
1970-01-01 00:00:00.000002081,-0.720377
1970-01-01 00:00:00.000002082,-0.35278
1970-01-01 00:00:00.000002083,-0.357217
1970-01-01 00:00:00.000002084,-0.39098
1970-01-01 00:00:00.000002085,-0.41996
1970-01-01 00:00:00.000002086,-0.3417429999999999
1970-01-01 00:00:00.000002087,-0.340645
1970-01-01 00:00:00.000002088,-0.404961
1970-01-01 00:00:00.000002089,-0.8213219999999999
1970-01-01 00:00:00.000002090,-0.621466
1970-01-01 00:00:00.000002091,-0.3093059999999999
1970-01-01 00:00:00.000002092,-0.095562
1970-01-01 00:00:00.000002093,-0.064683
1970-01-01 00:00:00.000002094,-0.532726
1970-01-01 00:00:00.000002095,-0.714783
1970-01-01 00:00:00.000002096,-0.976449
1970-01-01 00:00:00.000002097,-1.294127
1970-01-01 00:00:00.000002098,-1.345074
1970-01-01 00:00:00.000002099,-1.137778
1970-01-01 00:00:00.000002100,-0.616451
1970-01-01 00:00:00.000002101,0.177195
1970-01-01 00:00:00.000002102,0.8979239999999999
1970-01-01 00:00:00.000002103,1.600774
1970-01-01 00:00:00.000002104,2.020497
1970-01-01 00:00:00.000002105,2.498705
1970-01-01 00:00:00.000002106,2.921978
1970-01-01 00:00:00.000002107,3.135631
1970-01-01 00:00:00.000002108,3.006391
1970-01-01 00:00:00.000002109,2.485341
1970-01-01 00:00:00.000002110,2.32375
1970-01-01 00:00:00.000002111,2.430304
1970-01-01 00:00:00.000002112,3.200577
1970-01-01 00:00:00.000002113,2.907321
1970-01-01 00:00:00.000002114,2.6225560000000003
1970-01-01 00:00:00.000002115,3.866889
1970-01-01 00:00:00.000002116,3.8682
1970-01-01 00:00:00.000002117,3.3383160000000003
1970-01-01 00:00:00.000002118,2.8706150000000004
1970-01-01 00:00:00.000002119,2.5255400000000003
1970-01-01 00:00:00.000002120,2.001639
1970-01-01 00:00:00.000002121,1.486107
1970-01-01 00:00:00.000002122,1.027548
1970-01-01 00:00:00.000002123,0.487638
1970-01-01 00:00:00.000002124,-0.2243
1970-01-01 00:00:00.000002125,-0.8626889999999999
1970-01-01 00:00:00.000002126,-1.367264
1970-01-01 00:00:00.000002127,-1.6444740000000002
1970-01-01 00:00:00.000002128,-1.7110009999999998
1970-01-01 00:00:00.000002129,-1.928517
1970-01-01 00:00:00.000002130,-1.603317
1970-01-01 00:00:00.000002131,-2.275616
1970-01-01 00:00:00.000002132,-1.389098
1970-01-01 00:00:00.000002133,-1.771232
1970-01-01 00:00:00.000002134,-2.036604
1970-01-01 00:00:00.000002135,-2.502748
1970-01-01 00:00:00.000002136,-2.861149
1970-01-01 00:00:00.000002137,-2.949265
1970-01-01 00:00:00.000002138,-3.167845
1970-01-01 00:00:00.000002139,-3.036058
1970-01-01 00:00:00.000002140,-3.03601
1970-01-01 00:00:00.000002141,-3.289972
1970-01-01 00:00:00.000002142,-3.517122
1970-01-01 00:00:00.000002143,-3.167647
1970-01-01 00:00:00.000002144,-2.477423
1970-01-01 00:00:00.000002145,-1.6459700000000002
1970-01-01 00:00:00.000002146,-0.925278
1970-01-01 00:00:00.000002147,-0.557133
1970-01-01 00:00:00.000002148,-0.785894
1970-01-01 00:00:00.000002149,-1.212975
1970-01-01 00:00:00.000002150,-1.17482
1970-01-01 00:00:00.000002151,-0.539636
1970-01-01 00:00:00.000002152,-0.1666349999999999
1970-01-01 00:00:00.000002153,-0.4905779999999999
1970-01-01 00:00:00.000002154,-1.088826
1970-01-01 00:00:00.000002155,-1.379361
1970-01-01 00:00:00.000002156,-1.435334
1970-01-01 00:00:00.000002157,-1.1961620000000002
1970-01-01 00:00:00.000002158,-0.840791
1970-01-01 00:00:00.000002159,-0.8336790000000001
1970-01-01 00:00:00.000002160,-1.130613
1970-01-01 00:00:00.000002161,-1.277469
1970-01-01 00:00:00.000002162,-1.04915
1970-01-01 00:00:00.000002163,-1.024297
1970-01-01 00:00:00.000002164,-1.397798
1970-01-01 00:00:00.000002165,-1.899161
1970-01-01 00:00:00.000002166,-0.4991029999999999
1970-01-01 00:00:00.000002167,0.295619
1970-01-01 00:00:00.000002168,-0.201782
1970-01-01 00:00:00.000002169,0.350145
1970-01-01 00:00:00.000002170,1.17687
1970-01-01 00:00:00.000002171,1.429238
1970-01-01 00:00:00.000002172,2.53493
1970-01-01 00:00:00.000002173,3.446415
1970-01-01 00:00:00.000002174,3.798444
1970-01-01 00:00:00.000002175,3.453955
1970-01-01 00:00:00.000002176,3.155791
1970-01-01 00:00:00.000002177,2.811767
1970-01-01 00:00:00.000002178,2.126044
1970-01-01 00:00:00.000002179,0.782592
1970-01-01 00:00:00.000002180,2.23826
1970-01-01 00:00:00.000002181,2.904975
1970-01-01 00:00:00.000002182,2.242603
1970-01-01 00:00:00.000002183,2.039303
1970-01-01 00:00:00.000002184,1.83788
1970-01-01 00:00:00.000002185,1.796871
1970-01-01 00:00:00.000002186,1.7235
1970-01-01 00:00:00.000002187,2.009806
1970-01-01 00:00:00.000002188,1.70682
1970-01-01 00:00:00.000002189,1.075827
1970-01-01 00:00:00.000002190,0.3190429999999999
1970-01-01 00:00:00.000002191,-0.509722
1970-01-01 00:00:00.000002192,-1.2328290000000002
1970-01-01 00:00:00.000002193,-1.7655740000000002
1970-01-01 00:00:00.000002194,-1.300435
1970-01-01 00:00:00.000002195,-0.325732
1970-01-01 00:00:00.000002196,-1.523637
1970-01-01 00:00:00.000002197,-0.979964
1970-01-01 00:00:00.000002198,0.240753
1970-01-01 00:00:00.000002199,-1.7361209999999998
1970-01-01 00:00:00.000002200,-1.805004
1970-01-01 00:00:00.000002201,0.0509649999999999
1970-01-01 00:00:00.000002202,-1.467857
1970-01-01 00:00:00.000002203,-2.559329
1970-01-01 00:00:00.000002204,-2.977037
1970-01-01 00:00:00.000002205,-3.260059
1970-01-01 00:00:00.000002206,-3.149566
1970-01-01 00:00:00.000002207,-2.676724
1970-01-01 00:00:00.000002208,-2.445241
1970-01-01 00:00:00.000002209,-2.101457
1970-01-01 00:00:00.000002210,-1.359123
1970-01-01 00:00:00.000002211,-0.951752
1970-01-01 00:00:00.000002212,-1.2643
1970-01-01 00:00:00.000002213,-1.482885
1970-01-01 00:00:00.000002214,-1.08449
1970-01-01 00:00:00.000002215,-0.771296
1970-01-01 00:00:00.000002216,-0.5933649999999999
1970-01-01 00:00:00.000002217,-0.5486409999999999
1970-01-01 00:00:00.000002218,-0.475477
1970-01-01 00:00:00.000002219,-0.599267
1970-01-01 00:00:00.000002220,-0.99981
1970-01-01 00:00:00.000002221,-1.025908
1970-01-01 00:00:00.000002222,-0.8830889999999999
1970-01-01 00:00:00.000002223,-0.910363
1970-01-01 00:00:00.000002224,-0.984467
1970-01-01 00:00:00.000002225,-1.065468
1970-01-01 00:00:00.000002226,-1.145154
1970-01-01 00:00:00.000002227,-1.379293
1970-01-01 00:00:00.000002228,-0.753311
1970-01-01 00:00:00.000002229,0.278915
1970-01-01 00:00:00.000002230,0.761731
1970-01-01 00:00:00.000002231,1.296299
1970-01-01 00:00:00.000002232,2.238103
1970-01-01 00:00:00.000002233,3.667014
1970-01-01 00:00:00.000002234,4.102314
1970-01-01 00:00:00.000002235,3.933244
1970-01-01 00:00:00.000002236,3.102118
1970-01-01 00:00:00.000002237,2.412661
1970-01-01 00:00:00.000002238,2.106884
1970-01-01 00:00:00.000002239,1.870784
1970-01-01 00:00:00.000002240,1.425264
1970-01-01 00:00:00.000002241,2.280667
1970-01-01 00:00:00.000002242,2.920791
1970-01-01 00:00:00.000002243,3.121585
1970-01-01 00:00:00.000002244,3.144495
1970-01-01 00:00:00.000002245,2.8238990000000004
1970-01-01 00:00:00.000002246,2.661737
1970-01-01 00:00:00.000002247,2.514949
1970-01-01 00:00:00.000002248,2.109854
1970-01-01 00:00:00.000002249,1.6576380000000002
1970-01-01 00:00:00.000002250,1.534791
1970-01-01 00:00:00.000002251,1.644439
1970-01-01 00:00:00.000002252,1.841859
1970-01-01 00:00:00.000002253,1.879704
1970-01-01 00:00:00.000002254,1.487443
1970-01-01 00:00:00.000002255,1.010086
1970-01-01 00:00:00.000002256,0.58691
1970-01-01 00:00:00.000002257,0.046693
1970-01-01 00:00:00.000002258,-0.328421
1970-01-01 00:00:00.000002259,-0.586317
1970-01-01 00:00:00.000002260,-0.754663
1970-01-01 00:00:00.000002261,-0.925203
1970-01-01 00:00:00.000002262,-1.230536
1970-01-01 00:00:00.000002263,-1.850422
1970-01-01 00:00:00.000002264,-2.792001
1970-01-01 00:00:00.000002265,-2.5971580000000003
1970-01-01 00:00:00.000002266,-2.335025
1970-01-01 00:00:00.000002267,-1.946715
1970-01-01 00:00:00.000002268,-2.012526
1970-01-01 00:00:00.000002269,-2.084875
1970-01-01 00:00:00.000002270,-2.593993
1970-01-01 00:00:00.000002271,-3.1004110000000003
1970-01-01 00:00:00.000002272,-3.201442
1970-01-01 00:00:00.000002273,-3.32062
1970-01-01 00:00:00.000002274,-2.907501
1970-01-01 00:00:00.000002275,-2.031981
1970-01-01 00:00:00.000002276,-1.753456
1970-01-01 00:00:00.000002277,-1.942516
1970-01-01 00:00:00.000002278,-1.784414
1970-01-01 00:00:00.000002279,-1.042103
1970-01-01 00:00:00.000002280,-0.305533
1970-01-01 00:00:00.000002281,0.00244
1970-01-01 00:00:00.000002282,0.2182889999999999
1970-01-01 00:00:00.000002283,-0.117071
1970-01-01 00:00:00.000002284,-0.161024
1970-01-01 00:00:00.000002285,-0.5789770000000001
1970-01-01 00:00:00.000002286,-1.985505
1970-01-01 00:00:00.000002287,-2.154423
1970-01-01 00:00:00.000002288,-2.042381
1970-01-01 00:00:00.000002289,-1.579331
1970-01-01 00:00:00.000002290,-0.872531
1970-01-01 00:00:00.000002291,-0.331003
1970-01-01 00:00:00.000002292,0.1328619999999999
1970-01-01 00:00:00.000002293,0.774162
1970-01-01 00:00:00.000002294,1.60641
1970-01-01 00:00:00.000002295,2.333169
1970-01-01 00:00:00.000002296,3.157875
1970-01-01 00:00:00.000002297,3.69132
1970-01-01 00:00:00.000002298,3.525149
1970-01-01 00:00:00.000002299,2.692
1970-01-01 00:00:00.000002300,2.015133
1970-01-01 00:00:00.000002301,2.056156
1970-01-01 00:00:00.000002302,2.4138
1970-01-01 00:00:00.000002303,2.973242
1970-01-01 00:00:00.000002304,1.553949
1970-01-01 00:00:00.000002305,2.913944
1970-01-01 00:00:00.000002306,3.322144
1970-01-01 00:00:00.000002307,2.544263
1970-01-01 00:00:00.000002308,2.030843
1970-01-01 00:00:00.000002309,1.461242
1970-01-01 00:00:00.000002310,0.606496
1970-01-01 00:00:00.000002311,-0.51108
1970-01-01 00:00:00.000002312,-1.923244
1970-01-01 00:00:00.000002313,-3.5166120000000003
1970-01-01 00:00:00.000002314,-3.872754
1970-01-01 00:00:00.000002315,-4.173732
1970-01-01 00:00:00.000002316,-3.821713
1970-01-01 00:00:00.000002317,-4.013318
1970-01-01 00:00:00.000002318,-3.282772
1970-01-01 00:00:00.000002319,-1.02023
1970-01-01 00:00:00.000002320,-1.348727
1970-01-01 00:00:00.000002321,-1.232734
1970-01-01 00:00:00.000002322,-0.815029
1970-01-01 00:00:00.000002323,-0.420916
1970-01-01 00:00:00.000002324,-0.26519
1970-01-01 00:00:00.000002325,-0.113845
1970-01-01 00:00:00.000002326,0.05289
1970-01-01 00:00:00.000002327,0.202787
1970-01-01 00:00:00.000002328,0.109725
1970-01-01 00:00:00.000002329,-0.001099
1970-01-01 00:00:00.000002330,-0.467866
1970-01-01 00:00:00.000002331,-1.410962
1970-01-01 00:00:00.000002332,-2.348176
1970-01-01 00:00:00.000002333,-2.794976
1970-01-01 00:00:00.000002334,-3.074107
1970-01-01 00:00:00.000002335,-2.673924
1970-01-01 00:00:00.000002336,-1.235415
1970-01-01 00:00:00.000002337,-0.802733
1970-01-01 00:00:00.000002338,-0.558137
1970-01-01 00:00:00.000002339,-0.402996
1970-01-01 00:00:00.000002340,0.013547
1970-01-01 00:00:00.000002341,0.836525
1970-01-01 00:00:00.000002342,2.113328
1970-01-01 00:00:00.000002343,3.947012
1970-01-01 00:00:00.000002344,4.567595
1970-01-01 00:00:00.000002345,4.041532
1970-01-01 00:00:00.000002346,3.053173
1970-01-01 00:00:00.000002347,2.542439
1970-01-01 00:00:00.000002348,2.466715
1970-01-01 00:00:00.000002349,1.948368
1970-01-01 00:00:00.000002350,3.013267
1970-01-01 00:00:00.000002351,1.259839
1970-01-01 00:00:00.000002352,3.462071
1970-01-01 00:00:00.000002353,3.095782
1970-01-01 00:00:00.000002354,2.964272
1970-01-01 00:00:00.000002355,2.533665
1970-01-01 00:00:00.000002356,2.0755630000000003
1970-01-01 00:00:00.000002357,1.344357
1970-01-01 00:00:00.000002358,0.329265
1970-01-01 00:00:00.000002359,-0.825258
1970-01-01 00:00:00.000002360,-1.973093
1970-01-01 00:00:00.000002361,-3.289039
1970-01-01 00:00:00.000002362,-3.246082
1970-01-01 00:00:00.000002363,-3.824782
1970-01-01 00:00:00.000002364,-3.679892
1970-01-01 00:00:00.000002365,-2.988087
1970-01-01 00:00:00.000002366,-1.43995
1970-01-01 00:00:00.000002367,-1.268669
1970-01-01 00:00:00.000002368,-1.158373
1970-01-01 00:00:00.000002369,-1.429689
1970-01-01 00:00:00.000002370,-1.317482
1970-01-01 00:00:00.000002371,-1.277811
1970-01-01 00:00:00.000002372,-1.329331
1970-01-01 00:00:00.000002373,-1.322225
1970-01-01 00:00:00.000002374,-1.12222
1970-01-01 00:00:00.000002375,-0.750113
1970-01-01 00:00:00.000002376,-0.518339
1970-01-01 00:00:00.000002377,-0.580589
1970-01-01 00:00:00.000002378,-0.6846979999999999
1970-01-01 00:00:00.000002379,-0.391831
1970-01-01 00:00:00.000002380,-0.315396
1970-01-01 00:00:00.000002381,-0.6376350000000001
1970-01-01 00:00:00.000002382,-0.934729
1970-01-01 00:00:00.000002383,-1.072832
1970-01-01 00:00:00.000002384,-0.911282
1970-01-01 00:00:00.000002385,-1.078918
1970-01-01 00:00:00.000002386,-1.283951
1970-01-01 00:00:00.000002387,-1.044648
1970-01-01 00:00:00.000002388,-0.705735
1970-01-01 00:00:00.000002389,-0.4982399999999999
1970-01-01 00:00:00.000002390,-0.3593969999999999
1970-01-01 00:00:00.000002391,0.4824449999999999
1970-01-01 00:00:00.000002392,1.18105
1970-01-01 00:00:00.000002393,1.964965
1970-01-01 00:00:00.000002394,2.907443
1970-01-01 00:00:00.000002395,3.607176
1970-01-01 00:00:00.000002396,3.2252560000000003
1970-01-01 00:00:00.000002397,2.8135060000000003
1970-01-01 00:00:00.000002398,2.184545
1970-01-01 00:00:00.000002399,1.531962
1970-01-01 00:00:00.000002400,1.311581
1970-01-01 00:00:00.000002401,0.8555200000000001
1970-01-01 00:00:00.000002402,1.905563
1970-01-01 00:00:00.000002403,1.678964
1970-01-01 00:00:00.000002404,2.539864
1970-01-01 00:00:00.000002405,2.461708
1970-01-01 00:00:00.000002406,2.579001
1970-01-01 00:00:00.000002407,2.283277
1970-01-01 00:00:00.000002408,2.289558
1970-01-01 00:00:00.000002409,2.012934
1970-01-01 00:00:00.000002410,1.358137
1970-01-01 00:00:00.000002411,0.5849
1970-01-01 00:00:00.000002412,-0.313101
1970-01-01 00:00:00.000002413,-1.492169
1970-01-01 00:00:00.000002414,-3.090848
1970-01-01 00:00:00.000002415,-3.600337
1970-01-01 00:00:00.000002416,-3.868372
1970-01-01 00:00:00.000002417,-3.302532
1970-01-01 00:00:00.000002418,-2.589625
1970-01-01 00:00:00.000002419,-1.585709
1970-01-01 00:00:00.000002420,-1.283385
1970-01-01 00:00:00.000002421,-1.283906
1970-01-01 00:00:00.000002422,-1.49292
1970-01-01 00:00:00.000002423,-1.6382219999999998
1970-01-01 00:00:00.000002424,-1.189504
1970-01-01 00:00:00.000002425,-0.81643
1970-01-01 00:00:00.000002426,-1.056335
1970-01-01 00:00:00.000002427,-1.127884
1970-01-01 00:00:00.000002428,-0.725024
1970-01-01 00:00:00.000002429,-0.313553
1970-01-01 00:00:00.000002430,-0.192052
1970-01-01 00:00:00.000002431,-0.132493
1970-01-01 00:00:00.000002432,-0.132508
1970-01-01 00:00:00.000002433,-0.1227029999999999
1970-01-01 00:00:00.000002434,-0.2735619999999999
1970-01-01 00:00:00.000002435,-0.5944510000000001
1970-01-01 00:00:00.000002436,-0.8967280000000001
1970-01-01 00:00:00.000002437,-0.997196
1970-01-01 00:00:00.000002438,-1.545762
1970-01-01 00:00:00.000002439,-1.7810669999999995
1970-01-01 00:00:00.000002440,-1.794284
1970-01-01 00:00:00.000002441,-1.220167
1970-01-01 00:00:00.000002442,-0.609025
1970-01-01 00:00:00.000002443,-0.425649
1970-01-01 00:00:00.000002444,0.2416219999999999
1970-01-01 00:00:00.000002445,0.7903359999999999
1970-01-01 00:00:00.000002446,1.483228
1970-01-01 00:00:00.000002447,2.092201
1970-01-01 00:00:00.000002448,2.442086
1970-01-01 00:00:00.000002449,2.767032
1970-01-01 00:00:00.000002450,2.86235
1970-01-01 00:00:00.000002451,2.447685
1970-01-01 00:00:00.000002452,2.205755
1970-01-01 00:00:00.000002453,1.904306
1970-01-01 00:00:00.000002454,2.358278
1970-01-01 00:00:00.000002455,3.269785
1970-01-01 00:00:00.000002456,1.563747
1970-01-01 00:00:00.000002457,1.48671
1970-01-01 00:00:00.000002458,2.525167
1970-01-01 00:00:00.000002459,2.917219
1970-01-01 00:00:00.000002460,2.616381
1970-01-01 00:00:00.000002461,2.221936
1970-01-01 00:00:00.000002462,1.767563
1970-01-01 00:00:00.000002463,1.1643370000000002
1970-01-01 00:00:00.000002464,0.536772
1970-01-01 00:00:00.000002465,-0.180899
1970-01-01 00:00:00.000002466,-1.097656
1970-01-01 00:00:00.000002467,-2.45859
