time_captured,std_14_sub_1_attitude.yaw
1970-01-01 00:00:00.000000000,1.611548
1970-01-01 00:00:00.000000001,1.611145
1970-01-01 00:00:00.000000002,1.612825
1970-01-01 00:00:00.000000003,1.614236
1970-01-01 00:00:00.000000004,1.618206
1970-01-01 00:00:00.000000005,1.624517
1970-01-01 00:00:00.000000006,1.631102
1970-01-01 00:00:00.000000007,1.63789
1970-01-01 00:00:00.000000008,1.651168
1970-01-01 00:00:00.000000009,1.657187
1970-01-01 00:00:00.000000010,1.661548
1970-01-01 00:00:00.000000011,1.668141
1970-01-01 00:00:00.000000012,1.6735529999999998
1970-01-01 00:00:00.000000013,1.678808
1970-01-01 00:00:00.000000014,1.683719
1970-01-01 00:00:00.000000015,1.688824
1970-01-01 00:00:00.000000016,1.693527
1970-01-01 00:00:00.000000017,1.69655
1970-01-01 00:00:00.000000018,1.699745
1970-01-01 00:00:00.000000019,1.703343
1970-01-01 00:00:00.000000020,1.707168
1970-01-01 00:00:00.000000021,1.710697
1970-01-01 00:00:00.000000022,1.714003
1970-01-01 00:00:00.000000023,1.716088
1970-01-01 00:00:00.000000024,1.720334
1970-01-01 00:00:00.000000025,1.724739
1970-01-01 00:00:00.000000026,1.727654
1970-01-01 00:00:00.000000027,1.732934
1970-01-01 00:00:00.000000028,1.737707
1970-01-01 00:00:00.000000029,1.7401490000000002
1970-01-01 00:00:00.000000030,1.742706
1970-01-01 00:00:00.000000031,1.743377
1970-01-01 00:00:00.000000032,1.741682
1970-01-01 00:00:00.000000033,1.739566
1970-01-01 00:00:00.000000034,1.7380490000000002
1970-01-01 00:00:00.000000035,1.738547
1970-01-01 00:00:00.000000036,1.7392330000000005
1970-01-01 00:00:00.000000037,1.740388
1970-01-01 00:00:00.000000038,1.743579
1970-01-01 00:00:00.000000039,1.745241
1970-01-01 00:00:00.000000040,1.7480490000000002
1970-01-01 00:00:00.000000041,1.746671
1970-01-01 00:00:00.000000042,1.7438509999999998
1970-01-01 00:00:00.000000043,1.739856
1970-01-01 00:00:00.000000044,1.736357
1970-01-01 00:00:00.000000045,1.734107
1970-01-01 00:00:00.000000046,1.734014
1970-01-01 00:00:00.000000047,1.734225
1970-01-01 00:00:00.000000048,1.733882
1970-01-01 00:00:00.000000049,1.73118
1970-01-01 00:00:00.000000050,1.730474
1970-01-01 00:00:00.000000051,1.729148
1970-01-01 00:00:00.000000052,1.729442
1970-01-01 00:00:00.000000053,1.7287169999999998
1970-01-01 00:00:00.000000054,1.730633
1970-01-01 00:00:00.000000055,1.7311299999999998
1970-01-01 00:00:00.000000056,1.7314
1970-01-01 00:00:00.000000057,1.73151
1970-01-01 00:00:00.000000058,1.730327
1970-01-01 00:00:00.000000059,1.7307310000000002
1970-01-01 00:00:00.000000060,1.729766
1970-01-01 00:00:00.000000061,1.727528
1970-01-01 00:00:00.000000062,1.7233630000000002
1970-01-01 00:00:00.000000063,1.7191900000000002
1970-01-01 00:00:00.000000064,1.715885
1970-01-01 00:00:00.000000065,1.711809
1970-01-01 00:00:00.000000066,1.709759
1970-01-01 00:00:00.000000067,1.706476
1970-01-01 00:00:00.000000068,1.702465
1970-01-01 00:00:00.000000069,1.697868
1970-01-01 00:00:00.000000070,1.6936240000000002
1970-01-01 00:00:00.000000071,1.6899509999999998
1970-01-01 00:00:00.000000072,1.686021
1970-01-01 00:00:00.000000073,1.681434
1970-01-01 00:00:00.000000074,1.6812919999999998
1970-01-01 00:00:00.000000075,1.681936
1970-01-01 00:00:00.000000076,1.683821
1970-01-01 00:00:00.000000077,1.684379
1970-01-01 00:00:00.000000078,1.686086
1970-01-01 00:00:00.000000079,1.685445
1970-01-01 00:00:00.000000080,1.684592
1970-01-01 00:00:00.000000081,1.68416
1970-01-01 00:00:00.000000082,1.682763
1970-01-01 00:00:00.000000083,1.6808330000000002
1970-01-01 00:00:00.000000084,1.678969
1970-01-01 00:00:00.000000085,1.678191
1970-01-01 00:00:00.000000086,1.677404
1970-01-01 00:00:00.000000087,1.677196
1970-01-01 00:00:00.000000088,1.676872
1970-01-01 00:00:00.000000089,1.676797
1970-01-01 00:00:00.000000090,1.677514
1970-01-01 00:00:00.000000091,1.677825
1970-01-01 00:00:00.000000092,1.6774790000000002
1970-01-01 00:00:00.000000093,1.6773650000000002
1970-01-01 00:00:00.000000094,1.677745
1970-01-01 00:00:00.000000095,1.6776950000000002
1970-01-01 00:00:00.000000096,1.6776939999999998
1970-01-01 00:00:00.000000097,1.676975
1970-01-01 00:00:00.000000098,1.6764150000000002
1970-01-01 00:00:00.000000099,1.675545
1970-01-01 00:00:00.000000100,1.6745740000000002
1970-01-01 00:00:00.000000101,1.673935
1970-01-01 00:00:00.000000102,1.6743419999999998
1970-01-01 00:00:00.000000103,1.674016
1970-01-01 00:00:00.000000104,1.673586
1970-01-01 00:00:00.000000105,1.673634
1970-01-01 00:00:00.000000106,1.6740720000000002
1970-01-01 00:00:00.000000107,1.674653
1970-01-01 00:00:00.000000108,1.675153
1970-01-01 00:00:00.000000109,1.675397
1970-01-01 00:00:00.000000110,1.675384
1970-01-01 00:00:00.000000111,1.675042
1970-01-01 00:00:00.000000112,1.674675
1970-01-01 00:00:00.000000113,1.674306
1970-01-01 00:00:00.000000114,1.674048
1970-01-01 00:00:00.000000115,1.6738970000000002
1970-01-01 00:00:00.000000116,1.673512
1970-01-01 00:00:00.000000117,1.673384
1970-01-01 00:00:00.000000118,1.674425
1970-01-01 00:00:00.000000119,1.676074
1970-01-01 00:00:00.000000120,1.677026
1970-01-01 00:00:00.000000121,1.677587
1970-01-01 00:00:00.000000122,1.6779
1970-01-01 00:00:00.000000123,1.678476
1970-01-01 00:00:00.000000124,1.67936
1970-01-01 00:00:00.000000125,1.680321
1970-01-01 00:00:00.000000126,1.680333
1970-01-01 00:00:00.000000127,1.6802549999999998
1970-01-01 00:00:00.000000128,1.6802849999999998
1970-01-01 00:00:00.000000129,1.6804580000000002
1970-01-01 00:00:00.000000130,1.680562
1970-01-01 00:00:00.000000131,1.680721
1970-01-01 00:00:00.000000132,1.681652
1970-01-01 00:00:00.000000133,1.682393
1970-01-01 00:00:00.000000134,1.6820560000000002
1970-01-01 00:00:00.000000135,1.6819560000000002
1970-01-01 00:00:00.000000136,1.6822119999999998
1970-01-01 00:00:00.000000137,1.682316
1970-01-01 00:00:00.000000138,1.68274
1970-01-01 00:00:00.000000139,1.6832060000000002
1970-01-01 00:00:00.000000140,1.682857
1970-01-01 00:00:00.000000141,1.683073
1970-01-01 00:00:00.000000142,1.683258
1970-01-01 00:00:00.000000143,1.681264
1970-01-01 00:00:00.000000144,1.679887
1970-01-01 00:00:00.000000145,1.681554
1970-01-01 00:00:00.000000146,1.6845139999999998
1970-01-01 00:00:00.000000147,1.687558
1970-01-01 00:00:00.000000148,1.690825
1970-01-01 00:00:00.000000149,1.693972
1970-01-01 00:00:00.000000150,1.696091
1970-01-01 00:00:00.000000151,1.697064
1970-01-01 00:00:00.000000152,1.694826
1970-01-01 00:00:00.000000153,1.691672
1970-01-01 00:00:00.000000154,1.6858810000000002
1970-01-01 00:00:00.000000155,1.6816209999999998
1970-01-01 00:00:00.000000156,1.678018
1970-01-01 00:00:00.000000157,1.673283
1970-01-01 00:00:00.000000158,1.6719
1970-01-01 00:00:00.000000159,1.671345
1970-01-01 00:00:00.000000160,1.671975
1970-01-01 00:00:00.000000161,1.6732169999999995
1970-01-01 00:00:00.000000162,1.675644
1970-01-01 00:00:00.000000163,1.677593
1970-01-01 00:00:00.000000164,1.6809900000000002
1970-01-01 00:00:00.000000165,1.681825
1970-01-01 00:00:00.000000166,1.6818229999999998
1970-01-01 00:00:00.000000167,1.681068
1970-01-01 00:00:00.000000168,1.678805
1970-01-01 00:00:00.000000169,1.676668
1970-01-01 00:00:00.000000170,1.6753619999999998
1970-01-01 00:00:00.000000171,1.675434
1970-01-01 00:00:00.000000172,1.67487
1970-01-01 00:00:00.000000173,1.675299
1970-01-01 00:00:00.000000174,1.675973
1970-01-01 00:00:00.000000175,1.676795
1970-01-01 00:00:00.000000176,1.678092
1970-01-01 00:00:00.000000177,1.678539
1970-01-01 00:00:00.000000178,1.676694
1970-01-01 00:00:00.000000179,1.674309
1970-01-01 00:00:00.000000180,1.671557
1970-01-01 00:00:00.000000181,1.6709169999999998
1970-01-01 00:00:00.000000182,1.672214
1970-01-01 00:00:00.000000183,1.67271
1970-01-01 00:00:00.000000184,1.674306
1970-01-01 00:00:00.000000185,1.675402
1970-01-01 00:00:00.000000186,1.6754209999999998
1970-01-01 00:00:00.000000187,1.675098
1970-01-01 00:00:00.000000188,1.6740400000000002
1970-01-01 00:00:00.000000189,1.67281
1970-01-01 00:00:00.000000190,1.6699580000000005
1970-01-01 00:00:00.000000191,1.6690349999999998
1970-01-01 00:00:00.000000192,1.6685
1970-01-01 00:00:00.000000193,1.6684009999999998
1970-01-01 00:00:00.000000194,1.669258
1970-01-01 00:00:00.000000195,1.672405
1970-01-01 00:00:00.000000196,1.6747009999999998
1970-01-01 00:00:00.000000197,1.679026
1970-01-01 00:00:00.000000198,1.6846990000000002
1970-01-01 00:00:00.000000199,1.6897810000000002
1970-01-01 00:00:00.000000200,1.6950630000000002
1970-01-01 00:00:00.000000201,1.700449
1970-01-01 00:00:00.000000202,1.7014779999999998
1970-01-01 00:00:00.000000203,1.700925
1970-01-01 00:00:00.000000204,1.699548
1970-01-01 00:00:00.000000205,1.697618
1970-01-01 00:00:00.000000206,1.695358
1970-01-01 00:00:00.000000207,1.69134
1970-01-01 00:00:00.000000208,1.6886880000000002
1970-01-01 00:00:00.000000209,1.68615
1970-01-01 00:00:00.000000210,1.681887
1970-01-01 00:00:00.000000211,1.68035
1970-01-01 00:00:00.000000212,1.678254
1970-01-01 00:00:00.000000213,1.6765439999999998
1970-01-01 00:00:00.000000214,1.674835
1970-01-01 00:00:00.000000215,1.672767
1970-01-01 00:00:00.000000216,1.671189
1970-01-01 00:00:00.000000217,1.6736919999999995
1970-01-01 00:00:00.000000218,1.679284
1970-01-01 00:00:00.000000219,1.684718
1970-01-01 00:00:00.000000220,1.685523
1970-01-01 00:00:00.000000221,1.685829
1970-01-01 00:00:00.000000222,1.68648
1970-01-01 00:00:00.000000223,1.68572
1970-01-01 00:00:00.000000224,1.684159
1970-01-01 00:00:00.000000225,1.682161
1970-01-01 00:00:00.000000226,1.6793650000000002
1970-01-01 00:00:00.000000227,1.6779389999999998
1970-01-01 00:00:00.000000228,1.67744
1970-01-01 00:00:00.000000229,1.677825
1970-01-01 00:00:00.000000230,1.679316
1970-01-01 00:00:00.000000231,1.680735
1970-01-01 00:00:00.000000232,1.682268
1970-01-01 00:00:00.000000233,1.6813
1970-01-01 00:00:00.000000234,1.6800959999999998
1970-01-01 00:00:00.000000235,1.6784869999999998
1970-01-01 00:00:00.000000236,1.677706
1970-01-01 00:00:00.000000237,1.677429
1970-01-01 00:00:00.000000238,1.67733
1970-01-01 00:00:00.000000239,1.678019
1970-01-01 00:00:00.000000240,1.6775529999999998
1970-01-01 00:00:00.000000241,1.676137
1970-01-01 00:00:00.000000242,1.6756220000000002
1970-01-01 00:00:00.000000243,1.674961
1970-01-01 00:00:00.000000244,1.6752509999999998
1970-01-01 00:00:00.000000245,1.6747330000000002
1970-01-01 00:00:00.000000246,1.6745709999999998
1970-01-01 00:00:00.000000247,1.67405
1970-01-01 00:00:00.000000248,1.673143
1970-01-01 00:00:00.000000249,1.6723860000000002
1970-01-01 00:00:00.000000250,1.672154
1970-01-01 00:00:00.000000251,1.672867
1970-01-01 00:00:00.000000252,1.674457
1970-01-01 00:00:00.000000253,1.6766880000000002
1970-01-01 00:00:00.000000254,1.679285
1970-01-01 00:00:00.000000255,1.6818540000000002
1970-01-01 00:00:00.000000256,1.684016
1970-01-01 00:00:00.000000257,1.686424
1970-01-01 00:00:00.000000258,1.688979
1970-01-01 00:00:00.000000259,1.690209
1970-01-01 00:00:00.000000260,1.690891
1970-01-01 00:00:00.000000261,1.689323
1970-01-01 00:00:00.000000262,1.686693
1970-01-01 00:00:00.000000263,1.683878
1970-01-01 00:00:00.000000264,1.681041
1970-01-01 00:00:00.000000265,1.678768
1970-01-01 00:00:00.000000266,1.677509
1970-01-01 00:00:00.000000267,1.678373
1970-01-01 00:00:00.000000268,1.681895
1970-01-01 00:00:00.000000269,1.681759
1970-01-01 00:00:00.000000270,1.6808009999999998
1970-01-01 00:00:00.000000271,1.678914
1970-01-01 00:00:00.000000272,1.675399
1970-01-01 00:00:00.000000273,1.671382
1970-01-01 00:00:00.000000274,1.666714
1970-01-01 00:00:00.000000275,1.664593
1970-01-01 00:00:00.000000276,1.663336
1970-01-01 00:00:00.000000277,1.658966
1970-01-01 00:00:00.000000278,1.6584169999999998
1970-01-01 00:00:00.000000279,1.6552360000000002
1970-01-01 00:00:00.000000280,1.6553810000000002
1970-01-01 00:00:00.000000281,1.653037
1970-01-01 00:00:00.000000282,1.653686
1970-01-01 00:00:00.000000283,1.655025
1970-01-01 00:00:00.000000284,1.657066
1970-01-01 00:00:00.000000285,1.659311
1970-01-01 00:00:00.000000286,1.661226
1970-01-01 00:00:00.000000287,1.66458
1970-01-01 00:00:00.000000288,1.667661
1970-01-01 00:00:00.000000289,1.672071
1970-01-01 00:00:00.000000290,1.67593
1970-01-01 00:00:00.000000291,1.680063
1970-01-01 00:00:00.000000292,1.6840389999999998
1970-01-01 00:00:00.000000293,1.6880959999999998
1970-01-01 00:00:00.000000294,1.692498
1970-01-01 00:00:00.000000295,1.696912
1970-01-01 00:00:00.000000296,1.7004119999999998
1970-01-01 00:00:00.000000297,1.703929
1970-01-01 00:00:00.000000298,1.706232
1970-01-01 00:00:00.000000299,1.707597
1970-01-01 00:00:00.000000300,1.7091610000000002
1970-01-01 00:00:00.000000301,1.710182
1970-01-01 00:00:00.000000302,1.7114029999999998
1970-01-01 00:00:00.000000303,1.712009
1970-01-01 00:00:00.000000304,1.711912
1970-01-01 00:00:00.000000305,1.7114900000000002
1970-01-01 00:00:00.000000306,1.711121
1970-01-01 00:00:00.000000307,1.7111470000000002
1970-01-01 00:00:00.000000308,1.7116669999999998
1970-01-01 00:00:00.000000309,1.71161
1970-01-01 00:00:00.000000310,1.711385
1970-01-01 00:00:00.000000311,1.7110009999999998
1970-01-01 00:00:00.000000312,1.710582
1970-01-01 00:00:00.000000313,1.711389
1970-01-01 00:00:00.000000314,1.7122810000000002
1970-01-01 00:00:00.000000315,1.7137380000000002
1970-01-01 00:00:00.000000316,1.716163
1970-01-01 00:00:00.000000317,1.718862
1970-01-01 00:00:00.000000318,1.720719
1970-01-01 00:00:00.000000319,1.7215220000000002
1970-01-01 00:00:00.000000320,1.720576
1970-01-01 00:00:00.000000321,1.718382
1970-01-01 00:00:00.000000322,1.7160529999999998
1970-01-01 00:00:00.000000323,1.7131869999999998
1970-01-01 00:00:00.000000324,1.710905
1970-01-01 00:00:00.000000325,1.709546
1970-01-01 00:00:00.000000326,1.70935
1970-01-01 00:00:00.000000327,1.7098400000000002
1970-01-01 00:00:00.000000328,1.71104
1970-01-01 00:00:00.000000329,1.7125
1970-01-01 00:00:00.000000330,1.713587
1970-01-01 00:00:00.000000331,1.71395
1970-01-01 00:00:00.000000332,1.713412
1970-01-01 00:00:00.000000333,1.712722
1970-01-01 00:00:00.000000334,1.7124720000000002
1970-01-01 00:00:00.000000335,1.711444
1970-01-01 00:00:00.000000336,1.710606
1970-01-01 00:00:00.000000337,1.7106119999999998
1970-01-01 00:00:00.000000338,1.7106830000000002
1970-01-01 00:00:00.000000339,1.7106720000000002
1970-01-01 00:00:00.000000340,1.712189
1970-01-01 00:00:00.000000341,1.712531
1970-01-01 00:00:00.000000342,1.713398
1970-01-01 00:00:00.000000343,1.7129720000000002
1970-01-01 00:00:00.000000344,1.7119529999999998
1970-01-01 00:00:00.000000345,1.710979
1970-01-01 00:00:00.000000346,1.7089880000000002
1970-01-01 00:00:00.000000347,1.7065709999999998
1970-01-01 00:00:00.000000348,1.7048419999999995
1970-01-01 00:00:00.000000349,1.703713
1970-01-01 00:00:00.000000350,1.7027259999999995
1970-01-01 00:00:00.000000351,1.702769
1970-01-01 00:00:00.000000352,1.7015619999999998
1970-01-01 00:00:00.000000353,1.699846
1970-01-01 00:00:00.000000354,1.696511
1970-01-01 00:00:00.000000355,1.6935669999999998
1970-01-01 00:00:00.000000356,1.6893900000000002
1970-01-01 00:00:00.000000357,1.686956
1970-01-01 00:00:00.000000358,1.687157
1970-01-01 00:00:00.000000359,1.686205
1970-01-01 00:00:00.000000360,1.687577
1970-01-01 00:00:00.000000361,1.688017
1970-01-01 00:00:00.000000362,1.687789
1970-01-01 00:00:00.000000363,1.687772
1970-01-01 00:00:00.000000364,1.6893490000000002
1970-01-01 00:00:00.000000365,1.6919939999999998
1970-01-01 00:00:00.000000366,1.691947
1970-01-01 00:00:00.000000367,1.6907
1970-01-01 00:00:00.000000368,1.690277
1970-01-01 00:00:00.000000369,1.688753
1970-01-01 00:00:00.000000370,1.688695
1970-01-01 00:00:00.000000371,1.686518
1970-01-01 00:00:00.000000372,1.686111
1970-01-01 00:00:00.000000373,1.6869439999999998
1970-01-01 00:00:00.000000374,1.686034
1970-01-01 00:00:00.000000375,1.685532
1970-01-01 00:00:00.000000376,1.683432
1970-01-01 00:00:00.000000377,1.679936
1970-01-01 00:00:00.000000378,1.6747919999999998
1970-01-01 00:00:00.000000379,1.670638
1970-01-01 00:00:00.000000380,1.66698
1970-01-01 00:00:00.000000381,1.661992
1970-01-01 00:00:00.000000382,1.657042
1970-01-01 00:00:00.000000383,1.6543849999999998
1970-01-01 00:00:00.000000384,1.650956
1970-01-01 00:00:00.000000385,1.649375
1970-01-01 00:00:00.000000386,1.648742
1970-01-01 00:00:00.000000387,1.647457
1970-01-01 00:00:00.000000388,1.646695
1970-01-01 00:00:00.000000389,1.645417
1970-01-01 00:00:00.000000390,1.643291
1970-01-01 00:00:00.000000391,1.640945
1970-01-01 00:00:00.000000392,1.639672
1970-01-01 00:00:00.000000393,1.6389349999999998
1970-01-01 00:00:00.000000394,1.6389619999999998
1970-01-01 00:00:00.000000395,1.639152
1970-01-01 00:00:00.000000396,1.638682
1970-01-01 00:00:00.000000397,1.637615
1970-01-01 00:00:00.000000398,1.637494
1970-01-01 00:00:00.000000399,1.636802
1970-01-01 00:00:00.000000400,1.63563
1970-01-01 00:00:00.000000401,1.634999
1970-01-01 00:00:00.000000402,1.633341
1970-01-01 00:00:00.000000403,1.63204
1970-01-01 00:00:00.000000404,1.630165
1970-01-01 00:00:00.000000405,1.6279370000000002
1970-01-01 00:00:00.000000406,1.625483
1970-01-01 00:00:00.000000407,1.62381
1970-01-01 00:00:00.000000408,1.622316
1970-01-01 00:00:00.000000409,1.619949
1970-01-01 00:00:00.000000410,1.618474
1970-01-01 00:00:00.000000411,1.619471
1970-01-01 00:00:00.000000412,1.624009
1970-01-01 00:00:00.000000413,1.626116
1970-01-01 00:00:00.000000414,1.629497
1970-01-01 00:00:00.000000415,1.631821
1970-01-01 00:00:00.000000416,1.632947
1970-01-01 00:00:00.000000417,1.633646
1970-01-01 00:00:00.000000418,1.634143
1970-01-01 00:00:00.000000419,1.635642
1970-01-01 00:00:00.000000420,1.638332
1970-01-01 00:00:00.000000421,1.641215
1970-01-01 00:00:00.000000422,1.643187
1970-01-01 00:00:00.000000423,1.644928
1970-01-01 00:00:00.000000424,1.6463849999999998
1970-01-01 00:00:00.000000425,1.645343
1970-01-01 00:00:00.000000426,1.6441130000000002
1970-01-01 00:00:00.000000427,1.641666
1970-01-01 00:00:00.000000428,1.6387919999999998
1970-01-01 00:00:00.000000429,1.635658
1970-01-01 00:00:00.000000430,1.632298
1970-01-01 00:00:00.000000431,1.631127
1970-01-01 00:00:00.000000432,1.630217
1970-01-01 00:00:00.000000433,1.62927
1970-01-01 00:00:00.000000434,1.629051
1970-01-01 00:00:00.000000435,1.628776
1970-01-01 00:00:00.000000436,1.629107
1970-01-01 00:00:00.000000437,1.630026
1970-01-01 00:00:00.000000438,1.631603
1970-01-01 00:00:00.000000439,1.634969
1970-01-01 00:00:00.000000440,1.638402
1970-01-01 00:00:00.000000441,1.6427040000000002
1970-01-01 00:00:00.000000442,1.6472669999999998
1970-01-01 00:00:00.000000443,1.652239
1970-01-01 00:00:00.000000444,1.656223
1970-01-01 00:00:00.000000445,1.658905
1970-01-01 00:00:00.000000446,1.659662
1970-01-01 00:00:00.000000447,1.6596540000000002
1970-01-01 00:00:00.000000448,1.6574810000000002
1970-01-01 00:00:00.000000449,1.6543849999999998
1970-01-01 00:00:00.000000450,1.6493369999999998
1970-01-01 00:00:00.000000451,1.645228
1970-01-01 00:00:00.000000452,1.641031
1970-01-01 00:00:00.000000453,1.6376959999999998
1970-01-01 00:00:00.000000454,1.635463
1970-01-01 00:00:00.000000455,1.633869
1970-01-01 00:00:00.000000456,1.634191
1970-01-01 00:00:00.000000457,1.636061
1970-01-01 00:00:00.000000458,1.639315
1970-01-01 00:00:00.000000459,1.64268
1970-01-01 00:00:00.000000460,1.645622
1970-01-01 00:00:00.000000461,1.6493650000000002
1970-01-01 00:00:00.000000462,1.6526169999999998
1970-01-01 00:00:00.000000463,1.65566
1970-01-01 00:00:00.000000464,1.6572080000000002
1970-01-01 00:00:00.000000465,1.659297
1970-01-01 00:00:00.000000466,1.6605869999999998
1970-01-01 00:00:00.000000467,1.661989
1970-01-01 00:00:00.000000468,1.6635209999999998
1970-01-01 00:00:00.000000469,1.6647610000000002
1970-01-01 00:00:00.000000470,1.665761
1970-01-01 00:00:00.000000471,1.66767
1970-01-01 00:00:00.000000472,1.668826
1970-01-01 00:00:00.000000473,1.667316
1970-01-01 00:00:00.000000474,1.664773
1970-01-01 00:00:00.000000475,1.661307
1970-01-01 00:00:00.000000476,1.657373
1970-01-01 00:00:00.000000477,1.654597
1970-01-01 00:00:00.000000478,1.6520990000000002
1970-01-01 00:00:00.000000479,1.654049
1970-01-01 00:00:00.000000480,1.656995
1970-01-01 00:00:00.000000481,1.658087
1970-01-01 00:00:00.000000482,1.661511
1970-01-01 00:00:00.000000483,1.6642439999999998
1970-01-01 00:00:00.000000484,1.668654
1970-01-01 00:00:00.000000485,1.671502
1970-01-01 00:00:00.000000486,1.673704
1970-01-01 00:00:00.000000487,1.6749080000000005
1970-01-01 00:00:00.000000488,1.6766919999999998
1970-01-01 00:00:00.000000489,1.678174
1970-01-01 00:00:00.000000490,1.6771009999999995
1970-01-01 00:00:00.000000491,1.679348
1970-01-01 00:00:00.000000492,1.681075
1970-01-01 00:00:00.000000493,1.684694
1970-01-01 00:00:00.000000494,1.6868299999999998
1970-01-01 00:00:00.000000495,1.689191
1970-01-01 00:00:00.000000496,1.691318
1970-01-01 00:00:00.000000497,1.693611
1970-01-01 00:00:00.000000498,1.696378
1970-01-01 00:00:00.000000499,1.6986689999999998
1970-01-01 00:00:00.000000500,1.700243
1970-01-01 00:00:00.000000501,1.702584
1970-01-01 00:00:00.000000502,1.703279
1970-01-01 00:00:00.000000503,1.703709
1970-01-01 00:00:00.000000504,1.7033740000000002
1970-01-01 00:00:00.000000505,1.703361
1970-01-01 00:00:00.000000506,1.702093
1970-01-01 00:00:00.000000507,1.699803
1970-01-01 00:00:00.000000508,1.699511
1970-01-01 00:00:00.000000509,1.698532
1970-01-01 00:00:00.000000510,1.6983830000000002
1970-01-01 00:00:00.000000511,1.698171
1970-01-01 00:00:00.000000512,1.6965439999999998
1970-01-01 00:00:00.000000513,1.694341
1970-01-01 00:00:00.000000514,1.693029
1970-01-01 00:00:00.000000515,1.6908009999999998
1970-01-01 00:00:00.000000516,1.688561
1970-01-01 00:00:00.000000517,1.686657
1970-01-01 00:00:00.000000518,1.68475
1970-01-01 00:00:00.000000519,1.6848
1970-01-01 00:00:00.000000520,1.682497
1970-01-01 00:00:00.000000521,1.681241
1970-01-01 00:00:00.000000522,1.6774939999999998
1970-01-01 00:00:00.000000523,1.675359
1970-01-01 00:00:00.000000524,1.6713240000000005
1970-01-01 00:00:00.000000525,1.6693779999999998
1970-01-01 00:00:00.000000526,1.666482
1970-01-01 00:00:00.000000527,1.666188
1970-01-01 00:00:00.000000528,1.66598
1970-01-01 00:00:00.000000529,1.66651
1970-01-01 00:00:00.000000530,1.668504
1970-01-01 00:00:00.000000531,1.669414
1970-01-01 00:00:00.000000532,1.6700669999999995
1970-01-01 00:00:00.000000533,1.668957
1970-01-01 00:00:00.000000534,1.66937
1970-01-01 00:00:00.000000535,1.6687419999999995
1970-01-01 00:00:00.000000536,1.6688310000000002
1970-01-01 00:00:00.000000537,1.669432
1970-01-01 00:00:00.000000538,1.6699970000000002
1970-01-01 00:00:00.000000539,1.671618
1970-01-01 00:00:00.000000540,1.67222
1970-01-01 00:00:00.000000541,1.670513
1970-01-01 00:00:00.000000542,1.669098
1970-01-01 00:00:00.000000543,1.66714
1970-01-01 00:00:00.000000544,1.664629
1970-01-01 00:00:00.000000545,1.660151
1970-01-01 00:00:00.000000546,1.655807
1970-01-01 00:00:00.000000547,1.650888
1970-01-01 00:00:00.000000548,1.644968
1970-01-01 00:00:00.000000549,1.638376
1970-01-01 00:00:00.000000550,1.632188
1970-01-01 00:00:00.000000551,1.626191
1970-01-01 00:00:00.000000552,1.621898
1970-01-01 00:00:00.000000553,1.619983
1970-01-01 00:00:00.000000554,1.617753
1970-01-01 00:00:00.000000555,1.613397
1970-01-01 00:00:00.000000556,1.609286
1970-01-01 00:00:00.000000557,1.607604
1970-01-01 00:00:00.000000558,1.603699
1970-01-01 00:00:00.000000559,1.601633
1970-01-01 00:00:00.000000560,1.599022
1970-01-01 00:00:00.000000561,1.596444
1970-01-01 00:00:00.000000562,1.592495
1970-01-01 00:00:00.000000563,1.587857
1970-01-01 00:00:00.000000564,1.58216
1970-01-01 00:00:00.000000565,1.575686
1970-01-01 00:00:00.000000566,1.57061
1970-01-01 00:00:00.000000567,1.565715
1970-01-01 00:00:00.000000568,1.559176
1970-01-01 00:00:00.000000569,1.554914
1970-01-01 00:00:00.000000570,1.547718
1970-01-01 00:00:00.000000571,1.541992
1970-01-01 00:00:00.000000572,1.540374
1970-01-01 00:00:00.000000573,1.534512
1970-01-01 00:00:00.000000574,1.528493
1970-01-01 00:00:00.000000575,1.52537
1970-01-01 00:00:00.000000576,1.521859
1970-01-01 00:00:00.000000577,1.520067
1970-01-01 00:00:00.000000578,1.517346
1970-01-01 00:00:00.000000579,1.514679
1970-01-01 00:00:00.000000580,1.5134
1970-01-01 00:00:00.000000581,1.511516
1970-01-01 00:00:00.000000582,1.510283
1970-01-01 00:00:00.000000583,1.508033
1970-01-01 00:00:00.000000584,1.505224
1970-01-01 00:00:00.000000585,1.50268
1970-01-01 00:00:00.000000586,1.501108
1970-01-01 00:00:00.000000587,1.499951
1970-01-01 00:00:00.000000588,1.498742
1970-01-01 00:00:00.000000589,1.498224
1970-01-01 00:00:00.000000590,1.498103
1970-01-01 00:00:00.000000591,1.497738
1970-01-01 00:00:00.000000592,1.497727
1970-01-01 00:00:00.000000593,1.495573
1970-01-01 00:00:00.000000594,1.493636
1970-01-01 00:00:00.000000595,1.49071
1970-01-01 00:00:00.000000596,1.487437
1970-01-01 00:00:00.000000597,1.484017
1970-01-01 00:00:00.000000598,1.481211
1970-01-01 00:00:00.000000599,1.4793690000000002
1970-01-01 00:00:00.000000600,1.478092
1970-01-01 00:00:00.000000601,1.477383
1970-01-01 00:00:00.000000602,1.477174
1970-01-01 00:00:00.000000603,1.477295
1970-01-01 00:00:00.000000604,1.4771459999999998
1970-01-01 00:00:00.000000605,1.47765
1970-01-01 00:00:00.000000606,1.478032
1970-01-01 00:00:00.000000607,1.477326
1970-01-01 00:00:00.000000608,1.476754
1970-01-01 00:00:00.000000609,1.476058
1970-01-01 00:00:00.000000610,1.474827
1970-01-01 00:00:00.000000611,1.474635
1970-01-01 00:00:00.000000612,1.474278
1970-01-01 00:00:00.000000613,1.473308
1970-01-01 00:00:00.000000614,1.47317
1970-01-01 00:00:00.000000615,1.472257
1970-01-01 00:00:00.000000616,1.47204
1970-01-01 00:00:00.000000617,1.472418
1970-01-01 00:00:00.000000618,1.47333
1970-01-01 00:00:00.000000619,1.474721
1970-01-01 00:00:00.000000620,1.47619
1970-01-01 00:00:00.000000621,1.478215
1970-01-01 00:00:00.000000622,1.480253
1970-01-01 00:00:00.000000623,1.482066
1970-01-01 00:00:00.000000624,1.48335
1970-01-01 00:00:00.000000625,1.4830450000000002
1970-01-01 00:00:00.000000626,1.48366
1970-01-01 00:00:00.000000627,1.484295
1970-01-01 00:00:00.000000628,1.485095
1970-01-01 00:00:00.000000629,1.486854
1970-01-01 00:00:00.000000630,1.48845
1970-01-01 00:00:00.000000631,1.490443
1970-01-01 00:00:00.000000632,1.492945
1970-01-01 00:00:00.000000633,1.494916
1970-01-01 00:00:00.000000634,1.497062
1970-01-01 00:00:00.000000635,1.498769
1970-01-01 00:00:00.000000636,1.499917
1970-01-01 00:00:00.000000637,1.502092
1970-01-01 00:00:00.000000638,1.504668
1970-01-01 00:00:00.000000639,1.507141
1970-01-01 00:00:00.000000640,1.509254
1970-01-01 00:00:00.000000641,1.511486
1970-01-01 00:00:00.000000642,1.51397
1970-01-01 00:00:00.000000643,1.51705
1970-01-01 00:00:00.000000644,1.520235
1970-01-01 00:00:00.000000645,1.523896
1970-01-01 00:00:00.000000646,1.5277969999999998
1970-01-01 00:00:00.000000647,1.531019
1970-01-01 00:00:00.000000648,1.533974
1970-01-01 00:00:00.000000649,1.537117
1970-01-01 00:00:00.000000650,1.539882
1970-01-01 00:00:00.000000651,1.543284
1970-01-01 00:00:00.000000652,1.545966
1970-01-01 00:00:00.000000653,1.548574
1970-01-01 00:00:00.000000654,1.552597
1970-01-01 00:00:00.000000655,1.556355
1970-01-01 00:00:00.000000656,1.558736
1970-01-01 00:00:00.000000657,1.560734
1970-01-01 00:00:00.000000658,1.562115
1970-01-01 00:00:00.000000659,1.563941
1970-01-01 00:00:00.000000660,1.565673
1970-01-01 00:00:00.000000661,1.566609
1970-01-01 00:00:00.000000662,1.568174
1970-01-01 00:00:00.000000663,1.570704
1970-01-01 00:00:00.000000664,1.573884
1970-01-01 00:00:00.000000665,1.575992
1970-01-01 00:00:00.000000666,1.578672
1970-01-01 00:00:00.000000667,1.581103
1970-01-01 00:00:00.000000668,1.582897
1970-01-01 00:00:00.000000669,1.5846360000000002
1970-01-01 00:00:00.000000670,1.586152
1970-01-01 00:00:00.000000671,1.587107
1970-01-01 00:00:00.000000672,1.588012
1970-01-01 00:00:00.000000673,1.588702
1970-01-01 00:00:00.000000674,1.588486
1970-01-01 00:00:00.000000675,1.588358
1970-01-01 00:00:00.000000676,1.588277
1970-01-01 00:00:00.000000677,1.588909
1970-01-01 00:00:00.000000678,1.588591
1970-01-01 00:00:00.000000679,1.586558
1970-01-01 00:00:00.000000680,1.586051
1970-01-01 00:00:00.000000681,1.585521
1970-01-01 00:00:00.000000682,1.585232
1970-01-01 00:00:00.000000683,1.586003
1970-01-01 00:00:00.000000684,1.586352
1970-01-01 00:00:00.000000685,1.587523
1970-01-01 00:00:00.000000686,1.588948
1970-01-01 00:00:00.000000687,1.5906
1970-01-01 00:00:00.000000688,1.592111
1970-01-01 00:00:00.000000689,1.594068
1970-01-01 00:00:00.000000690,1.596032
1970-01-01 00:00:00.000000691,1.597838
1970-01-01 00:00:00.000000692,1.599658
1970-01-01 00:00:00.000000693,1.600955
1970-01-01 00:00:00.000000694,1.6022809999999998
1970-01-01 00:00:00.000000695,1.6028440000000002
1970-01-01 00:00:00.000000696,1.6034540000000002
1970-01-01 00:00:00.000000697,1.603785
1970-01-01 00:00:00.000000698,1.604105
1970-01-01 00:00:00.000000699,1.604382
1970-01-01 00:00:00.000000700,1.604956
1970-01-01 00:00:00.000000701,1.605781
1970-01-01 00:00:00.000000702,1.606866
1970-01-01 00:00:00.000000703,1.607822
1970-01-01 00:00:00.000000704,1.609413
1970-01-01 00:00:00.000000705,1.610841
1970-01-01 00:00:00.000000706,1.61221
1970-01-01 00:00:00.000000707,1.612927
1970-01-01 00:00:00.000000708,1.6137629999999998
1970-01-01 00:00:00.000000709,1.614112
1970-01-01 00:00:00.000000710,1.61519
1970-01-01 00:00:00.000000711,1.616387
1970-01-01 00:00:00.000000712,1.619129
1970-01-01 00:00:00.000000713,1.619789
1970-01-01 00:00:00.000000714,1.62119
1970-01-01 00:00:00.000000715,1.622889
1970-01-01 00:00:00.000000716,1.625109
1970-01-01 00:00:00.000000717,1.627798
1970-01-01 00:00:00.000000718,1.630299
1970-01-01 00:00:00.000000719,1.632495
1970-01-01 00:00:00.000000720,1.634178
1970-01-01 00:00:00.000000721,1.635785
1970-01-01 00:00:00.000000722,1.6370360000000002
1970-01-01 00:00:00.000000723,1.637914
1970-01-01 00:00:00.000000724,1.638258
1970-01-01 00:00:00.000000725,1.637129
1970-01-01 00:00:00.000000726,1.635447
1970-01-01 00:00:00.000000727,1.632804
1970-01-01 00:00:00.000000728,1.629568
1970-01-01 00:00:00.000000729,1.625085
1970-01-01 00:00:00.000000730,1.621781
1970-01-01 00:00:00.000000731,1.618368
1970-01-01 00:00:00.000000732,1.614457
1970-01-01 00:00:00.000000733,1.610835
1970-01-01 00:00:00.000000734,1.607008
1970-01-01 00:00:00.000000735,1.601367
1970-01-01 00:00:00.000000736,1.598375
1970-01-01 00:00:00.000000737,1.595911
1970-01-01 00:00:00.000000738,1.593779
1970-01-01 00:00:00.000000739,1.591681
1970-01-01 00:00:00.000000740,1.58862
1970-01-01 00:00:00.000000741,1.583368
1970-01-01 00:00:00.000000742,1.579091
1970-01-01 00:00:00.000000743,1.5743
1970-01-01 00:00:00.000000744,1.570159
1970-01-01 00:00:00.000000745,1.5658379999999998
1970-01-01 00:00:00.000000746,1.561858
1970-01-01 00:00:00.000000747,1.557741
1970-01-01 00:00:00.000000748,1.554288
1970-01-01 00:00:00.000000749,1.551455
1970-01-01 00:00:00.000000750,1.5486
1970-01-01 00:00:00.000000751,1.545603
1970-01-01 00:00:00.000000752,1.541993
1970-01-01 00:00:00.000000753,1.539343
1970-01-01 00:00:00.000000754,1.537241
1970-01-01 00:00:00.000000755,1.534533
1970-01-01 00:00:00.000000756,1.531343
1970-01-01 00:00:00.000000757,1.5281870000000002
1970-01-01 00:00:00.000000758,1.527033
1970-01-01 00:00:00.000000759,1.526941
1970-01-01 00:00:00.000000760,1.527115
1970-01-01 00:00:00.000000761,1.524608
1970-01-01 00:00:00.000000762,1.521043
1970-01-01 00:00:00.000000763,1.51771
1970-01-01 00:00:00.000000764,1.514119
1970-01-01 00:00:00.000000765,1.511115
1970-01-01 00:00:00.000000766,1.507747
1970-01-01 00:00:00.000000767,1.507363
1970-01-01 00:00:00.000000768,1.507976
1970-01-01 00:00:00.000000769,1.507236
1970-01-01 00:00:00.000000770,1.508342
1970-01-01 00:00:00.000000771,1.509755
1970-01-01 00:00:00.000000772,1.510565
1970-01-01 00:00:00.000000773,1.512261
1970-01-01 00:00:00.000000774,1.5128469999999998
1970-01-01 00:00:00.000000775,1.515091
1970-01-01 00:00:00.000000776,1.518759
1970-01-01 00:00:00.000000777,1.521186
1970-01-01 00:00:00.000000778,1.52319
1970-01-01 00:00:00.000000779,1.525766
1970-01-01 00:00:00.000000780,1.5262639999999998
1970-01-01 00:00:00.000000781,1.530208
1970-01-01 00:00:00.000000782,1.530343
1970-01-01 00:00:00.000000783,1.532534
1970-01-01 00:00:00.000000784,1.533192
1970-01-01 00:00:00.000000785,1.534024
1970-01-01 00:00:00.000000786,1.53493
1970-01-01 00:00:00.000000787,1.535782
1970-01-01 00:00:00.000000788,1.537194
1970-01-01 00:00:00.000000789,1.538792
1970-01-01 00:00:00.000000790,1.540919
1970-01-01 00:00:00.000000791,1.543099
1970-01-01 00:00:00.000000792,1.54349
1970-01-01 00:00:00.000000793,1.543861
1970-01-01 00:00:00.000000794,1.547289
1970-01-01 00:00:00.000000795,1.549464
1970-01-01 00:00:00.000000796,1.551796
1970-01-01 00:00:00.000000797,1.5539690000000002
1970-01-01 00:00:00.000000798,1.553944
1970-01-01 00:00:00.000000799,1.553795
1970-01-01 00:00:00.000000800,1.555601
1970-01-01 00:00:00.000000801,1.557272
1970-01-01 00:00:00.000000802,1.561528
1970-01-01 00:00:00.000000803,1.566976
1970-01-01 00:00:00.000000804,1.572799
1970-01-01 00:00:00.000000805,1.578797
1970-01-01 00:00:00.000000806,1.584452
1970-01-01 00:00:00.000000807,1.590084
1970-01-01 00:00:00.000000808,1.59319
1970-01-01 00:00:00.000000809,1.595117
1970-01-01 00:00:00.000000810,1.595464
1970-01-01 00:00:00.000000811,1.5971540000000002
1970-01-01 00:00:00.000000812,1.599782
1970-01-01 00:00:00.000000813,1.604919
1970-01-01 00:00:00.000000814,1.608692
1970-01-01 00:00:00.000000815,1.610427
1970-01-01 00:00:00.000000816,1.614334
1970-01-01 00:00:00.000000817,1.616574
1970-01-01 00:00:00.000000818,1.618852
1970-01-01 00:00:00.000000819,1.620999
1970-01-01 00:00:00.000000820,1.624918
1970-01-01 00:00:00.000000821,1.627235
1970-01-01 00:00:00.000000822,1.629575
1970-01-01 00:00:00.000000823,1.63081
1970-01-01 00:00:00.000000824,1.631937
1970-01-01 00:00:00.000000825,1.633635
1970-01-01 00:00:00.000000826,1.636028
1970-01-01 00:00:00.000000827,1.636557
1970-01-01 00:00:00.000000828,1.63686
1970-01-01 00:00:00.000000829,1.63809
1970-01-01 00:00:00.000000830,1.641072
1970-01-01 00:00:00.000000831,1.647342
1970-01-01 00:00:00.000000832,1.655229
1970-01-01 00:00:00.000000833,1.664714
1970-01-01 00:00:00.000000834,1.671332
1970-01-01 00:00:00.000000835,1.6776970000000002
1970-01-01 00:00:00.000000836,1.678391
1970-01-01 00:00:00.000000837,1.677184
1970-01-01 00:00:00.000000838,1.6786470000000002
1970-01-01 00:00:00.000000839,1.679885
1970-01-01 00:00:00.000000840,1.6787150000000002
1970-01-01 00:00:00.000000841,1.680044
1970-01-01 00:00:00.000000842,1.682164
1970-01-01 00:00:00.000000843,1.6818080000000002
1970-01-01 00:00:00.000000844,1.685455
1970-01-01 00:00:00.000000845,1.681536
1970-01-01 00:00:00.000000846,1.680093
1970-01-01 00:00:00.000000847,1.681703
1970-01-01 00:00:00.000000848,1.682665
1970-01-01 00:00:00.000000849,1.6843099999999998
1970-01-01 00:00:00.000000850,1.686853
1970-01-01 00:00:00.000000851,1.689889
1970-01-01 00:00:00.000000852,1.692694
1970-01-01 00:00:00.000000853,1.69605
1970-01-01 00:00:00.000000854,1.699715
1970-01-01 00:00:00.000000855,1.7037639999999998
1970-01-01 00:00:00.000000856,1.7064700000000002
1970-01-01 00:00:00.000000857,1.707495
1970-01-01 00:00:00.000000858,1.707589
1970-01-01 00:00:00.000000859,1.707628
1970-01-01 00:00:00.000000860,1.707288
1970-01-01 00:00:00.000000861,1.706703
1970-01-01 00:00:00.000000862,1.7077209999999998
1970-01-01 00:00:00.000000863,1.7070470000000002
1970-01-01 00:00:00.000000864,1.7063720000000002
1970-01-01 00:00:00.000000865,1.708825
1970-01-01 00:00:00.000000866,1.711051
1970-01-01 00:00:00.000000867,1.713871
1970-01-01 00:00:00.000000868,1.719918
1970-01-01 00:00:00.000000869,1.724891
1970-01-01 00:00:00.000000870,1.7321830000000005
1970-01-01 00:00:00.000000871,1.7367669999999995
1970-01-01 00:00:00.000000872,1.739998
1970-01-01 00:00:00.000000873,1.7459810000000002
1970-01-01 00:00:00.000000874,1.750533
1970-01-01 00:00:00.000000875,1.756264
1970-01-01 00:00:00.000000876,1.76135
1970-01-01 00:00:00.000000877,1.764125
1970-01-01 00:00:00.000000878,1.768619
1970-01-01 00:00:00.000000879,1.770787
1970-01-01 00:00:00.000000880,1.7729849999999998
1970-01-01 00:00:00.000000881,1.773478
1970-01-01 00:00:00.000000882,1.775471
1970-01-01 00:00:00.000000883,1.779176
1970-01-01 00:00:00.000000884,1.7836880000000002
1970-01-01 00:00:00.000000885,1.788389
1970-01-01 00:00:00.000000886,1.790477
1970-01-01 00:00:00.000000887,1.793159
1970-01-01 00:00:00.000000888,1.790166
1970-01-01 00:00:00.000000889,1.788169
1970-01-01 00:00:00.000000890,1.786177
1970-01-01 00:00:00.000000891,1.784417
1970-01-01 00:00:00.000000892,1.782671
1970-01-01 00:00:00.000000893,1.7819490000000002
1970-01-01 00:00:00.000000894,1.7813599999999998
1970-01-01 00:00:00.000000895,1.7776040000000002
1970-01-01 00:00:00.000000896,1.776832
1970-01-01 00:00:00.000000897,1.774947
1970-01-01 00:00:00.000000898,1.772159
1970-01-01 00:00:00.000000899,1.7678189999999998
1970-01-01 00:00:00.000000900,1.7622799999999998
1970-01-01 00:00:00.000000901,1.755624
1970-01-01 00:00:00.000000902,1.748644
1970-01-01 00:00:00.000000903,1.743169
1970-01-01 00:00:00.000000904,1.738902
1970-01-01 00:00:00.000000905,1.731774
1970-01-01 00:00:00.000000906,1.726959
1970-01-01 00:00:00.000000907,1.71872
1970-01-01 00:00:00.000000908,1.7148169999999998
1970-01-01 00:00:00.000000909,1.7116790000000002
1970-01-01 00:00:00.000000910,1.705007
1970-01-01 00:00:00.000000911,1.7054790000000002
1970-01-01 00:00:00.000000912,1.706031
1970-01-01 00:00:00.000000913,1.708215
1970-01-01 00:00:00.000000914,1.70935
1970-01-01 00:00:00.000000915,1.7091889999999998
1970-01-01 00:00:00.000000916,1.708473
1970-01-01 00:00:00.000000917,1.705904
1970-01-01 00:00:00.000000918,1.702166
1970-01-01 00:00:00.000000919,1.697498
1970-01-01 00:00:00.000000920,1.69507
1970-01-01 00:00:00.000000921,1.692447
1970-01-01 00:00:00.000000922,1.6903169999999998
1970-01-01 00:00:00.000000923,1.6841419999999998
1970-01-01 00:00:00.000000924,1.682538
1970-01-01 00:00:00.000000925,1.681372
1970-01-01 00:00:00.000000926,1.679445
1970-01-01 00:00:00.000000927,1.679562
1970-01-01 00:00:00.000000928,1.680757
1970-01-01 00:00:00.000000929,1.682955
1970-01-01 00:00:00.000000930,1.685057
1970-01-01 00:00:00.000000931,1.687616
1970-01-01 00:00:00.000000932,1.688202
1970-01-01 00:00:00.000000933,1.6887
1970-01-01 00:00:00.000000934,1.6889169999999998
1970-01-01 00:00:00.000000935,1.689407
1970-01-01 00:00:00.000000936,1.6902080000000002
1970-01-01 00:00:00.000000937,1.690539
1970-01-01 00:00:00.000000938,1.690941
1970-01-01 00:00:00.000000939,1.691191
1970-01-01 00:00:00.000000940,1.693439
1970-01-01 00:00:00.000000941,1.691475
1970-01-01 00:00:00.000000942,1.690414
1970-01-01 00:00:00.000000943,1.688366
1970-01-01 00:00:00.000000944,1.687138
1970-01-01 00:00:00.000000945,1.68727
1970-01-01 00:00:00.000000946,1.688972
1970-01-01 00:00:00.000000947,1.6931310000000002
1970-01-01 00:00:00.000000948,1.698047
1970-01-01 00:00:00.000000949,1.702682
1970-01-01 00:00:00.000000950,1.7071060000000002
1970-01-01 00:00:00.000000951,1.7111299999999998
1970-01-01 00:00:00.000000952,1.7138799999999998
1970-01-01 00:00:00.000000953,1.7166990000000002
1970-01-01 00:00:00.000000954,1.718877
1970-01-01 00:00:00.000000955,1.7192349999999998
1970-01-01 00:00:00.000000956,1.7207400000000002
1970-01-01 00:00:00.000000957,1.720791
1970-01-01 00:00:00.000000958,1.7223830000000002
1970-01-01 00:00:00.000000959,1.7222970000000002
1970-01-01 00:00:00.000000960,1.725043
1970-01-01 00:00:00.000000961,1.726751
1970-01-01 00:00:00.000000962,1.7295490000000002
1970-01-01 00:00:00.000000963,1.732472
1970-01-01 00:00:00.000000964,1.736935
1970-01-01 00:00:00.000000965,1.74197
1970-01-01 00:00:00.000000966,1.747516
1970-01-01 00:00:00.000000967,1.7512279999999998
1970-01-01 00:00:00.000000968,1.756859
1970-01-01 00:00:00.000000969,1.7600630000000002
1970-01-01 00:00:00.000000970,1.762835
1970-01-01 00:00:00.000000971,1.7625509999999998
1970-01-01 00:00:00.000000972,1.759294
1970-01-01 00:00:00.000000973,1.75518
1970-01-01 00:00:00.000000974,1.7510740000000002
1970-01-01 00:00:00.000000975,1.746025
1970-01-01 00:00:00.000000976,1.7447240000000002
1970-01-01 00:00:00.000000977,1.745613
1970-01-01 00:00:00.000000978,1.745711
1970-01-01 00:00:00.000000979,1.748823
1970-01-01 00:00:00.000000980,1.749852
1970-01-01 00:00:00.000000981,1.751681
1970-01-01 00:00:00.000000982,1.752057
1970-01-01 00:00:00.000000983,1.750734
1970-01-01 00:00:00.000000984,1.7489119999999998
1970-01-01 00:00:00.000000985,1.748695
1970-01-01 00:00:00.000000986,1.746482
1970-01-01 00:00:00.000000987,1.745899
1970-01-01 00:00:00.000000988,1.744748
1970-01-01 00:00:00.000000989,1.7441939999999998
1970-01-01 00:00:00.000000990,1.7439099999999998
1970-01-01 00:00:00.000000991,1.744859
1970-01-01 00:00:00.000000992,1.74265
1970-01-01 00:00:00.000000993,1.743223
1970-01-01 00:00:00.000000994,1.744611
1970-01-01 00:00:00.000000995,1.742403
1970-01-01 00:00:00.000000996,1.737581
1970-01-01 00:00:00.000000997,1.731744
1970-01-01 00:00:00.000000998,1.725614
1970-01-01 00:00:00.000000999,1.7196360000000002
1970-01-01 00:00:00.000001000,1.717316
1970-01-01 00:00:00.000001001,1.7145419999999998
1970-01-01 00:00:00.000001002,1.714071
1970-01-01 00:00:00.000001003,1.715945
1970-01-01 00:00:00.000001004,1.718489
1970-01-01 00:00:00.000001005,1.7233189999999998
1970-01-01 00:00:00.000001006,1.729305
1970-01-01 00:00:00.000001007,1.737081
1970-01-01 00:00:00.000001008,1.742805
1970-01-01 00:00:00.000001009,1.747577
1970-01-01 00:00:00.000001010,1.7507720000000002
1970-01-01 00:00:00.000001011,1.7525419999999998
1970-01-01 00:00:00.000001012,1.75272
1970-01-01 00:00:00.000001013,1.750232
1970-01-01 00:00:00.000001014,1.74957
1970-01-01 00:00:00.000001015,1.746878
1970-01-01 00:00:00.000001016,1.74656
1970-01-01 00:00:00.000001017,1.746043
1970-01-01 00:00:00.000001018,1.748116
1970-01-01 00:00:00.000001019,1.752332
1970-01-01 00:00:00.000001020,1.756428
1970-01-01 00:00:00.000001021,1.76134
1970-01-01 00:00:00.000001022,1.767068
1970-01-01 00:00:00.000001023,1.772459
1970-01-01 00:00:00.000001024,1.778933
1970-01-01 00:00:00.000001025,1.785416
1970-01-01 00:00:00.000001026,1.7896880000000002
1970-01-01 00:00:00.000001027,1.7938889999999998
1970-01-01 00:00:00.000001028,1.795362
1970-01-01 00:00:00.000001029,1.797291
1970-01-01 00:00:00.000001030,1.796645
1970-01-01 00:00:00.000001031,1.7958419999999995
1970-01-01 00:00:00.000001032,1.79842
1970-01-01 00:00:00.000001033,1.799232
1970-01-01 00:00:00.000001034,1.800027
1970-01-01 00:00:00.000001035,1.801052
1970-01-01 00:00:00.000001036,1.803073
1970-01-01 00:00:00.000001037,1.805235
1970-01-01 00:00:00.000001038,1.809443
1970-01-01 00:00:00.000001039,1.814066
1970-01-01 00:00:00.000001040,1.81707
1970-01-01 00:00:00.000001041,1.820227
1970-01-01 00:00:00.000001042,1.821791
1970-01-01 00:00:00.000001043,1.823535
1970-01-01 00:00:00.000001044,1.825254
1970-01-01 00:00:00.000001045,1.824482
1970-01-01 00:00:00.000001046,1.824005
1970-01-01 00:00:00.000001047,1.820704
1970-01-01 00:00:00.000001048,1.818057
1970-01-01 00:00:00.000001049,1.8145830000000005
1970-01-01 00:00:00.000001050,1.811614
1970-01-01 00:00:00.000001051,1.808613
1970-01-01 00:00:00.000001052,1.805656
1970-01-01 00:00:00.000001053,1.802492
1970-01-01 00:00:00.000001054,1.8002599999999995
1970-01-01 00:00:00.000001055,1.796334
1970-01-01 00:00:00.000001056,1.791376
1970-01-01 00:00:00.000001057,1.787038
1970-01-01 00:00:00.000001058,1.7828540000000002
1970-01-01 00:00:00.000001059,1.778647
1970-01-01 00:00:00.000001060,1.773918
1970-01-01 00:00:00.000001061,1.771065
1970-01-01 00:00:00.000001062,1.767441
1970-01-01 00:00:00.000001063,1.763964
1970-01-01 00:00:00.000001064,1.760346
1970-01-01 00:00:00.000001065,1.756736
1970-01-01 00:00:00.000001066,1.754462
1970-01-01 00:00:00.000001067,1.75226
1970-01-01 00:00:00.000001068,1.750746
1970-01-01 00:00:00.000001069,1.749127
1970-01-01 00:00:00.000001070,1.7470169999999998
1970-01-01 00:00:00.000001071,1.745263
1970-01-01 00:00:00.000001072,1.743713
1970-01-01 00:00:00.000001073,1.7414330000000002
1970-01-01 00:00:00.000001074,1.738321
1970-01-01 00:00:00.000001075,1.735302
1970-01-01 00:00:00.000001076,1.731854
1970-01-01 00:00:00.000001077,1.729493
1970-01-01 00:00:00.000001078,1.726457
1970-01-01 00:00:00.000001079,1.723642
1970-01-01 00:00:00.000001080,1.72164
1970-01-01 00:00:00.000001081,1.721618
1970-01-01 00:00:00.000001082,1.722593
1970-01-01 00:00:00.000001083,1.726209
1970-01-01 00:00:00.000001084,1.729638
1970-01-01 00:00:00.000001085,1.730865
1970-01-01 00:00:00.000001086,1.7299240000000002
1970-01-01 00:00:00.000001087,1.726388
1970-01-01 00:00:00.000001088,1.722189
1970-01-01 00:00:00.000001089,1.7175790000000002
1970-01-01 00:00:00.000001090,1.7118400000000005
1970-01-01 00:00:00.000001091,1.705453
1970-01-01 00:00:00.000001092,1.698936
1970-01-01 00:00:00.000001093,1.691818
1970-01-01 00:00:00.000001094,1.687964
1970-01-01 00:00:00.000001095,1.683357
1970-01-01 00:00:00.000001096,1.683507
1970-01-01 00:00:00.000001097,1.680263
1970-01-01 00:00:00.000001098,1.676237
1970-01-01 00:00:00.000001099,1.6705880000000002
1970-01-01 00:00:00.000001100,1.663316
1970-01-01 00:00:00.000001101,1.6570630000000002
1970-01-01 00:00:00.000001102,1.649836
1970-01-01 00:00:00.000001103,1.6398560000000002
1970-01-01 00:00:00.000001104,1.629361
1970-01-01 00:00:00.000001105,1.620283
1970-01-01 00:00:00.000001106,1.6093620000000002
1970-01-01 00:00:00.000001107,1.599059
1970-01-01 00:00:00.000001108,1.589412
1970-01-01 00:00:00.000001109,1.583491
1970-01-01 00:00:00.000001110,1.578774
1970-01-01 00:00:00.000001111,1.572824
1970-01-01 00:00:00.000001112,1.568839
1970-01-01 00:00:00.000001113,1.565631
1970-01-01 00:00:00.000001114,1.563994
1970-01-01 00:00:00.000001115,1.5613549999999998
1970-01-01 00:00:00.000001116,1.560532
1970-01-01 00:00:00.000001117,1.55948
1970-01-01 00:00:00.000001118,1.55708
1970-01-01 00:00:00.000001119,1.555875
1970-01-01 00:00:00.000001120,1.555929
1970-01-01 00:00:00.000001121,1.555662
1970-01-01 00:00:00.000001122,1.553935
1970-01-01 00:00:00.000001123,1.553319
1970-01-01 00:00:00.000001124,1.554762
1970-01-01 00:00:00.000001125,1.556482
1970-01-01 00:00:00.000001126,1.559186
1970-01-01 00:00:00.000001127,1.561434
1970-01-01 00:00:00.000001128,1.562389
1970-01-01 00:00:00.000001129,1.559654
1970-01-01 00:00:00.000001130,1.554763
1970-01-01 00:00:00.000001131,1.549107
1970-01-01 00:00:00.000001132,1.540926
1970-01-01 00:00:00.000001133,1.53747
1970-01-01 00:00:00.000001134,1.531702
1970-01-01 00:00:00.000001135,1.525318
1970-01-01 00:00:00.000001136,1.520083
1970-01-01 00:00:00.000001137,1.514528
1970-01-01 00:00:00.000001138,1.5123
1970-01-01 00:00:00.000001139,1.510584
1970-01-01 00:00:00.000001140,1.511818
1970-01-01 00:00:00.000001141,1.516382
1970-01-01 00:00:00.000001142,1.517787
1970-01-01 00:00:00.000001143,1.5211709999999998
1970-01-01 00:00:00.000001144,1.522877
1970-01-01 00:00:00.000001145,1.521609
1970-01-01 00:00:00.000001146,1.518248
1970-01-01 00:00:00.000001147,1.513776
1970-01-01 00:00:00.000001148,1.50881
1970-01-01 00:00:00.000001149,1.500325
1970-01-01 00:00:00.000001150,1.499702
1970-01-01 00:00:00.000001151,1.497344
1970-01-01 00:00:00.000001152,1.498586
1970-01-01 00:00:00.000001153,1.500055
1970-01-01 00:00:00.000001154,1.504098
1970-01-01 00:00:00.000001155,1.507304
1970-01-01 00:00:00.000001156,1.511333
1970-01-01 00:00:00.000001157,1.516375
1970-01-01 00:00:00.000001158,1.51922
1970-01-01 00:00:00.000001159,1.520691
1970-01-01 00:00:00.000001160,1.518743
1970-01-01 00:00:00.000001161,1.515544
1970-01-01 00:00:00.000001162,1.514076
1970-01-01 00:00:00.000001163,1.512473
1970-01-01 00:00:00.000001164,1.5121639999999998
1970-01-01 00:00:00.000001165,1.510137
1970-01-01 00:00:00.000001166,1.509
1970-01-01 00:00:00.000001167,1.509342
1970-01-01 00:00:00.000001168,1.509695
1970-01-01 00:00:00.000001169,1.510546
1970-01-01 00:00:00.000001170,1.512205
1970-01-01 00:00:00.000001171,1.514626
1970-01-01 00:00:00.000001172,1.516003
1970-01-01 00:00:00.000001173,1.517613
1970-01-01 00:00:00.000001174,1.5196
1970-01-01 00:00:00.000001175,1.521526
1970-01-01 00:00:00.000001176,1.522215
1970-01-01 00:00:00.000001177,1.523131
1970-01-01 00:00:00.000001178,1.523156
1970-01-01 00:00:00.000001179,1.523506
1970-01-01 00:00:00.000001180,1.524966
1970-01-01 00:00:00.000001181,1.527059
1970-01-01 00:00:00.000001182,1.527209
1970-01-01 00:00:00.000001183,1.529369
1970-01-01 00:00:00.000001184,1.530971
1970-01-01 00:00:00.000001185,1.533041
1970-01-01 00:00:00.000001186,1.534751
1970-01-01 00:00:00.000001187,1.536438
1970-01-01 00:00:00.000001188,1.539091
1970-01-01 00:00:00.000001189,1.542348
1970-01-01 00:00:00.000001190,1.546203
1970-01-01 00:00:00.000001191,1.551284
1970-01-01 00:00:00.000001192,1.554068
1970-01-01 00:00:00.000001193,1.557794
1970-01-01 00:00:00.000001194,1.559837
1970-01-01 00:00:00.000001195,1.561927
1970-01-01 00:00:00.000001196,1.563192
1970-01-01 00:00:00.000001197,1.563137
1970-01-01 00:00:00.000001198,1.562992
1970-01-01 00:00:00.000001199,1.560728
1970-01-01 00:00:00.000001200,1.560368
1970-01-01 00:00:00.000001201,1.559402
1970-01-01 00:00:00.000001202,1.560027
1970-01-01 00:00:00.000001203,1.561431
1970-01-01 00:00:00.000001204,1.564054
1970-01-01 00:00:00.000001205,1.567179
1970-01-01 00:00:00.000001206,1.570473
1970-01-01 00:00:00.000001207,1.5735290000000002
1970-01-01 00:00:00.000001208,1.576468
1970-01-01 00:00:00.000001209,1.579599
1970-01-01 00:00:00.000001210,1.582206
1970-01-01 00:00:00.000001211,1.584642
1970-01-01 00:00:00.000001212,1.587579
1970-01-01 00:00:00.000001213,1.588321
1970-01-01 00:00:00.000001214,1.588296
1970-01-01 00:00:00.000001215,1.588214
1970-01-01 00:00:00.000001216,1.587048
1970-01-01 00:00:00.000001217,1.585373
1970-01-01 00:00:00.000001218,1.583434
1970-01-01 00:00:00.000001219,1.58251
1970-01-01 00:00:00.000001220,1.581501
1970-01-01 00:00:00.000001221,1.581406
1970-01-01 00:00:00.000001222,1.580626
1970-01-01 00:00:00.000001223,1.579405
1970-01-01 00:00:00.000001224,1.577905
1970-01-01 00:00:00.000001225,1.576858
1970-01-01 00:00:00.000001226,1.575975
1970-01-01 00:00:00.000001227,1.57529
1970-01-01 00:00:00.000001228,1.575857
1970-01-01 00:00:00.000001229,1.577051
1970-01-01 00:00:00.000001230,1.579577
1970-01-01 00:00:00.000001231,1.5848
1970-01-01 00:00:00.000001232,1.590943
1970-01-01 00:00:00.000001233,1.597747
1970-01-01 00:00:00.000001234,1.603395
1970-01-01 00:00:00.000001235,1.606895
1970-01-01 00:00:00.000001236,1.607314
1970-01-01 00:00:00.000001237,1.60436
1970-01-01 00:00:00.000001238,1.599032
1970-01-01 00:00:00.000001239,1.591577
1970-01-01 00:00:00.000001240,1.5865209999999998
1970-01-01 00:00:00.000001241,1.5813549999999998
1970-01-01 00:00:00.000001242,1.577442
1970-01-01 00:00:00.000001243,1.574175
1970-01-01 00:00:00.000001244,1.572646
1970-01-01 00:00:00.000001245,1.571717
1970-01-01 00:00:00.000001246,1.570253
1970-01-01 00:00:00.000001247,1.570071
1970-01-01 00:00:00.000001248,1.569427
1970-01-01 00:00:00.000001249,1.568132
1970-01-01 00:00:00.000001250,1.565417
1970-01-01 00:00:00.000001251,1.561569
1970-01-01 00:00:00.000001252,1.556234
1970-01-01 00:00:00.000001253,1.551591
1970-01-01 00:00:00.000001254,1.548192
1970-01-01 00:00:00.000001255,1.547519
1970-01-01 00:00:00.000001256,1.547711
1970-01-01 00:00:00.000001257,1.548594
1970-01-01 00:00:00.000001258,1.5491700000000002
1970-01-01 00:00:00.000001259,1.550258
1970-01-01 00:00:00.000001260,1.550742
1970-01-01 00:00:00.000001261,1.552282
1970-01-01 00:00:00.000001262,1.553826
1970-01-01 00:00:00.000001263,1.55544
1970-01-01 00:00:00.000001264,1.55595
1970-01-01 00:00:00.000001265,1.556567
1970-01-01 00:00:00.000001266,1.556078
1970-01-01 00:00:00.000001267,1.555807
1970-01-01 00:00:00.000001268,1.5562129999999998
1970-01-01 00:00:00.000001269,1.5571549999999998
1970-01-01 00:00:00.000001270,1.557588
1970-01-01 00:00:00.000001271,1.558668
1970-01-01 00:00:00.000001272,1.559692
1970-01-01 00:00:00.000001273,1.560804
1970-01-01 00:00:00.000001274,1.560586
1970-01-01 00:00:00.000001275,1.5609
1970-01-01 00:00:00.000001276,1.56216
1970-01-01 00:00:00.000001277,1.56274
1970-01-01 00:00:00.000001278,1.5636219999999998
1970-01-01 00:00:00.000001279,1.563681
1970-01-01 00:00:00.000001280,1.563182
1970-01-01 00:00:00.000001281,1.562368
1970-01-01 00:00:00.000001282,1.561305
1970-01-01 00:00:00.000001283,1.560771
1970-01-01 00:00:00.000001284,1.561469
1970-01-01 00:00:00.000001285,1.563909
1970-01-01 00:00:00.000001286,1.5662280000000002
1970-01-01 00:00:00.000001287,1.569368
1970-01-01 00:00:00.000001288,1.573469
1970-01-01 00:00:00.000001289,1.576148
1970-01-01 00:00:00.000001290,1.579364
1970-01-01 00:00:00.000001291,1.581643
1970-01-01 00:00:00.000001292,1.583544
1970-01-01 00:00:00.000001293,1.584825
1970-01-01 00:00:00.000001294,1.585211
1970-01-01 00:00:00.000001295,1.584952
1970-01-01 00:00:00.000001296,1.584649
1970-01-01 00:00:00.000001297,1.583897
1970-01-01 00:00:00.000001298,1.58405
1970-01-01 00:00:00.000001299,1.584308
1970-01-01 00:00:00.000001300,1.584849
1970-01-01 00:00:00.000001301,1.586009
1970-01-01 00:00:00.000001302,1.5867719999999998
1970-01-01 00:00:00.000001303,1.587575
1970-01-01 00:00:00.000001304,1.588414
1970-01-01 00:00:00.000001305,1.589194
1970-01-01 00:00:00.000001306,1.590567
1970-01-01 00:00:00.000001307,1.592201
1970-01-01 00:00:00.000001308,1.593963
1970-01-01 00:00:00.000001309,1.59505
1970-01-01 00:00:00.000001310,1.596675
1970-01-01 00:00:00.000001311,1.597293
1970-01-01 00:00:00.000001312,1.599116
1970-01-01 00:00:00.000001313,1.601067
1970-01-01 00:00:00.000001314,1.602569
1970-01-01 00:00:00.000001315,1.6036780000000002
1970-01-01 00:00:00.000001316,1.604293
1970-01-01 00:00:00.000001317,1.604393
1970-01-01 00:00:00.000001318,1.603749
1970-01-01 00:00:00.000001319,1.604083
1970-01-01 00:00:00.000001320,1.604851
1970-01-01 00:00:00.000001321,1.606333
1970-01-01 00:00:00.000001322,1.608208
1970-01-01 00:00:00.000001323,1.61041
1970-01-01 00:00:00.000001324,1.612829
1970-01-01 00:00:00.000001325,1.615455
1970-01-01 00:00:00.000001326,1.618064
1970-01-01 00:00:00.000001327,1.620223
1970-01-01 00:00:00.000001328,1.621716
1970-01-01 00:00:00.000001329,1.622458
1970-01-01 00:00:00.000001330,1.623475
1970-01-01 00:00:00.000001331,1.624441
1970-01-01 00:00:00.000001332,1.625713
1970-01-01 00:00:00.000001333,1.627877
1970-01-01 00:00:00.000001334,1.629367
1970-01-01 00:00:00.000001335,1.631698
1970-01-01 00:00:00.000001336,1.634035
1970-01-01 00:00:00.000001337,1.635947
1970-01-01 00:00:00.000001338,1.638
1970-01-01 00:00:00.000001339,1.639277
1970-01-01 00:00:00.000001340,1.640166
1970-01-01 00:00:00.000001341,1.640625
1970-01-01 00:00:00.000001342,1.640608
1970-01-01 00:00:00.000001343,1.6406919999999998
1970-01-01 00:00:00.000001344,1.64035
1970-01-01 00:00:00.000001345,1.6406060000000002
1970-01-01 00:00:00.000001346,1.640678
1970-01-01 00:00:00.000001347,1.640609
1970-01-01 00:00:00.000001348,1.640512
1970-01-01 00:00:00.000001349,1.6404330000000005
1970-01-01 00:00:00.000001350,1.640538
1970-01-01 00:00:00.000001351,1.640308
1970-01-01 00:00:00.000001352,1.639439
1970-01-01 00:00:00.000001353,1.637756
1970-01-01 00:00:00.000001354,1.63605
1970-01-01 00:00:00.000001355,1.634943
1970-01-01 00:00:00.000001356,1.634537
1970-01-01 00:00:00.000001357,1.6337549999999998
1970-01-01 00:00:00.000001358,1.632994
1970-01-01 00:00:00.000001359,1.632283
1970-01-01 00:00:00.000001360,1.631707
1970-01-01 00:00:00.000001361,1.630603
1970-01-01 00:00:00.000001362,1.629159
1970-01-01 00:00:00.000001363,1.627664
1970-01-01 00:00:00.000001364,1.626471
1970-01-01 00:00:00.000001365,1.625663
1970-01-01 00:00:00.000001366,1.625463
1970-01-01 00:00:00.000001367,1.625399
1970-01-01 00:00:00.000001368,1.625255
1970-01-01 00:00:00.000001369,1.625163
1970-01-01 00:00:00.000001370,1.6248280000000002
1970-01-01 00:00:00.000001371,1.624456
1970-01-01 00:00:00.000001372,1.624112
1970-01-01 00:00:00.000001373,1.623861
1970-01-01 00:00:00.000001374,1.623703
1970-01-01 00:00:00.000001375,1.623688
1970-01-01 00:00:00.000001376,1.6239860000000002
1970-01-01 00:00:00.000001377,1.624263
1970-01-01 00:00:00.000001378,1.624241
1970-01-01 00:00:00.000001379,1.624235
1970-01-01 00:00:00.000001380,1.62432
1970-01-01 00:00:00.000001381,1.624179
1970-01-01 00:00:00.000001382,1.624374
1970-01-01 00:00:00.000001383,1.624922
1970-01-01 00:00:00.000001384,1.625208
1970-01-01 00:00:00.000001385,1.625854
1970-01-01 00:00:00.000001386,1.626393
1970-01-01 00:00:00.000001387,1.626755
1970-01-01 00:00:00.000001388,1.626931
1970-01-01 00:00:00.000001389,1.627008
1970-01-01 00:00:00.000001390,1.627025
1970-01-01 00:00:00.000001391,1.626788
1970-01-01 00:00:00.000001392,1.626529
1970-01-01 00:00:00.000001393,1.626608
1970-01-01 00:00:00.000001394,1.626624
1970-01-01 00:00:00.000001395,1.626895
1970-01-01 00:00:00.000001396,1.6274959999999998
1970-01-01 00:00:00.000001397,1.628091
1970-01-01 00:00:00.000001398,1.628148
1970-01-01 00:00:00.000001399,1.628417
1970-01-01 00:00:00.000001400,1.628513
1970-01-01 00:00:00.000001401,1.628243
1970-01-01 00:00:00.000001402,1.628229
1970-01-01 00:00:00.000001403,1.628672
1970-01-01 00:00:00.000001404,1.629419
1970-01-01 00:00:00.000001405,1.6298709999999998
1970-01-01 00:00:00.000001406,1.630397
1970-01-01 00:00:00.000001407,1.630355
1970-01-01 00:00:00.000001408,1.630362
1970-01-01 00:00:00.000001409,1.629979
1970-01-01 00:00:00.000001410,1.629631
1970-01-01 00:00:00.000001411,1.628764
1970-01-01 00:00:00.000001412,1.628249
1970-01-01 00:00:00.000001413,1.628069
1970-01-01 00:00:00.000001414,1.6298
1970-01-01 00:00:00.000001415,1.630684
1970-01-01 00:00:00.000001416,1.632079
1970-01-01 00:00:00.000001417,1.6328120000000002
1970-01-01 00:00:00.000001418,1.63323
1970-01-01 00:00:00.000001419,1.633674
1970-01-01 00:00:00.000001420,1.634147
1970-01-01 00:00:00.000001421,1.634062
1970-01-01 00:00:00.000001422,1.633283
1970-01-01 00:00:00.000001423,1.632039
1970-01-01 00:00:00.000001424,1.631094
1970-01-01 00:00:00.000001425,1.6308280000000002
1970-01-01 00:00:00.000001426,1.630814
1970-01-01 00:00:00.000001427,1.630753
1970-01-01 00:00:00.000001428,1.630469
1970-01-01 00:00:00.000001429,1.630396
1970-01-01 00:00:00.000001430,1.630227
1970-01-01 00:00:00.000001431,1.629897
1970-01-01 00:00:00.000001432,1.629206
1970-01-01 00:00:00.000001433,1.628823
1970-01-01 00:00:00.000001434,1.628468
1970-01-01 00:00:00.000001435,1.628738
1970-01-01 00:00:00.000001436,1.627722
1970-01-01 00:00:00.000001437,1.626382
1970-01-01 00:00:00.000001438,1.626372
1970-01-01 00:00:00.000001439,1.626046
1970-01-01 00:00:00.000001440,1.625972
1970-01-01 00:00:00.000001441,1.626283
1970-01-01 00:00:00.000001442,1.625398
1970-01-01 00:00:00.000001443,1.624425
1970-01-01 00:00:00.000001444,1.62405
1970-01-01 00:00:00.000001445,1.623974
1970-01-01 00:00:00.000001446,1.624873
1970-01-01 00:00:00.000001447,1.625273
1970-01-01 00:00:00.000001448,1.625536
1970-01-01 00:00:00.000001449,1.626042
1970-01-01 00:00:00.000001450,1.6269870000000002
1970-01-01 00:00:00.000001451,1.627308
1970-01-01 00:00:00.000001452,1.626484
1970-01-01 00:00:00.000001453,1.625601
1970-01-01 00:00:00.000001454,1.625084
1970-01-01 00:00:00.000001455,1.624258
1970-01-01 00:00:00.000001456,1.622685
1970-01-01 00:00:00.000001457,1.6217469999999998
1970-01-01 00:00:00.000001458,1.620637
1970-01-01 00:00:00.000001459,1.6198860000000002
1970-01-01 00:00:00.000001460,1.619499
1970-01-01 00:00:00.000001461,1.618948
1970-01-01 00:00:00.000001462,1.617989
1970-01-01 00:00:00.000001463,1.616847
1970-01-01 00:00:00.000001464,1.615338
1970-01-01 00:00:00.000001465,1.613972
1970-01-01 00:00:00.000001466,1.612982
1970-01-01 00:00:00.000001467,1.611556
1970-01-01 00:00:00.000001468,1.6098
1970-01-01 00:00:00.000001469,1.608306
1970-01-01 00:00:00.000001470,1.60651
1970-01-01 00:00:00.000001471,1.604526
1970-01-01 00:00:00.000001472,1.602604
1970-01-01 00:00:00.000001473,1.601107
1970-01-01 00:00:00.000001474,1.598797
1970-01-01 00:00:00.000001475,1.59668
1970-01-01 00:00:00.000001476,1.595128
1970-01-01 00:00:00.000001477,1.594691
1970-01-01 00:00:00.000001478,1.592358
1970-01-01 00:00:00.000001479,1.589275
1970-01-01 00:00:00.000001480,1.586096
1970-01-01 00:00:00.000001481,1.58279
1970-01-01 00:00:00.000001482,1.58045
1970-01-01 00:00:00.000001483,1.577438
1970-01-01 00:00:00.000001484,1.575665
1970-01-01 00:00:00.000001485,1.573048
1970-01-01 00:00:00.000001486,1.570115
1970-01-01 00:00:00.000001487,1.566218
1970-01-01 00:00:00.000001488,1.561892
1970-01-01 00:00:00.000001489,1.557448
1970-01-01 00:00:00.000001490,1.553727
1970-01-01 00:00:00.000001491,1.5504209999999998
1970-01-01 00:00:00.000001492,1.546929
1970-01-01 00:00:00.000001493,1.543619
1970-01-01 00:00:00.000001494,1.540311
1970-01-01 00:00:00.000001495,1.537017
1970-01-01 00:00:00.000001496,1.53361
1970-01-01 00:00:00.000001497,1.530099
1970-01-01 00:00:00.000001498,1.526568
1970-01-01 00:00:00.000001499,1.52339
1970-01-01 00:00:00.000001500,1.520646
1970-01-01 00:00:00.000001501,1.519295
1970-01-01 00:00:00.000001502,1.518186
1970-01-01 00:00:00.000001503,1.517178
1970-01-01 00:00:00.000001504,1.51581
1970-01-01 00:00:00.000001505,1.514345
1970-01-01 00:00:00.000001506,1.512268
1970-01-01 00:00:00.000001507,1.51059
1970-01-01 00:00:00.000001508,1.509378
1970-01-01 00:00:00.000001509,1.508544
1970-01-01 00:00:00.000001510,1.507737
1970-01-01 00:00:00.000001511,1.507535
1970-01-01 00:00:00.000001512,1.506961
1970-01-01 00:00:00.000001513,1.5069290000000002
1970-01-01 00:00:00.000001514,1.506169
1970-01-01 00:00:00.000001515,1.50556
1970-01-01 00:00:00.000001516,1.504983
1970-01-01 00:00:00.000001517,1.50465
1970-01-01 00:00:00.000001518,1.504677
1970-01-01 00:00:00.000001519,1.504979
1970-01-01 00:00:00.000001520,1.505676
1970-01-01 00:00:00.000001521,1.5059360000000002
1970-01-01 00:00:00.000001522,1.505629
1970-01-01 00:00:00.000001523,1.5054459999999998
1970-01-01 00:00:00.000001524,1.506821
1970-01-01 00:00:00.000001525,1.510132
1970-01-01 00:00:00.000001526,1.514241
1970-01-01 00:00:00.000001527,1.515904
1970-01-01 00:00:00.000001528,1.5176120000000002
1970-01-01 00:00:00.000001529,1.517446
1970-01-01 00:00:00.000001530,1.514023
1970-01-01 00:00:00.000001531,1.510135
1970-01-01 00:00:00.000001532,1.503812
1970-01-01 00:00:00.000001533,1.496177
1970-01-01 00:00:00.000001534,1.486482
1970-01-01 00:00:00.000001535,1.47995
1970-01-01 00:00:00.000001536,1.473709
1970-01-01 00:00:00.000001537,1.470422
1970-01-01 00:00:00.000001538,1.467337
1970-01-01 00:00:00.000001539,1.465063
1970-01-01 00:00:00.000001540,1.464383
1970-01-01 00:00:00.000001541,1.464068
1970-01-01 00:00:00.000001542,1.464666
1970-01-01 00:00:00.000001543,1.464935
1970-01-01 00:00:00.000001544,1.466342
1970-01-01 00:00:00.000001545,1.4713120000000002
1970-01-01 00:00:00.000001546,1.475284
1970-01-01 00:00:00.000001547,1.479166
1970-01-01 00:00:00.000001548,1.483437
1970-01-01 00:00:00.000001549,1.488768
1970-01-01 00:00:00.000001550,1.495206
1970-01-01 00:00:00.000001551,1.504043
1970-01-01 00:00:00.000001552,1.514405
1970-01-01 00:00:00.000001553,1.52427
1970-01-01 00:00:00.000001554,1.534447
1970-01-01 00:00:00.000001555,1.544576
1970-01-01 00:00:00.000001556,1.553053
1970-01-01 00:00:00.000001557,1.562067
1970-01-01 00:00:00.000001558,1.571184
1970-01-01 00:00:00.000001559,1.576927
1970-01-01 00:00:00.000001560,1.580955
1970-01-01 00:00:00.000001561,1.5824280000000002
1970-01-01 00:00:00.000001562,1.584576
1970-01-01 00:00:00.000001563,1.586016
1970-01-01 00:00:00.000001564,1.589353
1970-01-01 00:00:00.000001565,1.594447
1970-01-01 00:00:00.000001566,1.599799
1970-01-01 00:00:00.000001567,1.607244
1970-01-01 00:00:00.000001568,1.613683
1970-01-01 00:00:00.000001569,1.619956
1970-01-01 00:00:00.000001570,1.627766
1970-01-01 00:00:00.000001571,1.634263
1970-01-01 00:00:00.000001572,1.639701
1970-01-01 00:00:00.000001573,1.645652
1970-01-01 00:00:00.000001574,1.650081
1970-01-01 00:00:00.000001575,1.6536560000000002
1970-01-01 00:00:00.000001576,1.6573669999999998
1970-01-01 00:00:00.000001577,1.661139
1970-01-01 00:00:00.000001578,1.6637380000000002
1970-01-01 00:00:00.000001579,1.666146
1970-01-01 00:00:00.000001580,1.667605
1970-01-01 00:00:00.000001581,1.668821
1970-01-01 00:00:00.000001582,1.667891
1970-01-01 00:00:00.000001583,1.668041
1970-01-01 00:00:00.000001584,1.667764
1970-01-01 00:00:00.000001585,1.66763
1970-01-01 00:00:00.000001586,1.668221
1970-01-01 00:00:00.000001587,1.669259
1970-01-01 00:00:00.000001588,1.6714060000000002
1970-01-01 00:00:00.000001589,1.6732740000000002
1970-01-01 00:00:00.000001590,1.6755799999999998
1970-01-01 00:00:00.000001591,1.676805
1970-01-01 00:00:00.000001592,1.676865
1970-01-01 00:00:00.000001593,1.675229
1970-01-01 00:00:00.000001594,1.672279
1970-01-01 00:00:00.000001595,1.669579
1970-01-01 00:00:00.000001596,1.6655400000000002
1970-01-01 00:00:00.000001597,1.6625279999999998
1970-01-01 00:00:00.000001598,1.662127
1970-01-01 00:00:00.000001599,1.660816
1970-01-01 00:00:00.000001600,1.660518
1970-01-01 00:00:00.000001601,1.661548
1970-01-01 00:00:00.000001602,1.664405
1970-01-01 00:00:00.000001603,1.667331
1970-01-01 00:00:00.000001604,1.669037
1970-01-01 00:00:00.000001605,1.669458
1970-01-01 00:00:00.000001606,1.6688490000000002
1970-01-01 00:00:00.000001607,1.6679540000000002
1970-01-01 00:00:00.000001608,1.6671330000000002
1970-01-01 00:00:00.000001609,1.666106
1970-01-01 00:00:00.000001610,1.6652
1970-01-01 00:00:00.000001611,1.663898
1970-01-01 00:00:00.000001612,1.661266
1970-01-01 00:00:00.000001613,1.6572830000000005
1970-01-01 00:00:00.000001614,1.653061
1970-01-01 00:00:00.000001615,1.6498150000000005
1970-01-01 00:00:00.000001616,1.6481720000000002
1970-01-01 00:00:00.000001617,1.648016
1970-01-01 00:00:00.000001618,1.649417
1970-01-01 00:00:00.000001619,1.649416
1970-01-01 00:00:00.000001620,1.650048
1970-01-01 00:00:00.000001621,1.649644
1970-01-01 00:00:00.000001622,1.649631
1970-01-01 00:00:00.000001623,1.649743
1970-01-01 00:00:00.000001624,1.649984
1970-01-01 00:00:00.000001625,1.649903
1970-01-01 00:00:00.000001626,1.6491650000000002
1970-01-01 00:00:00.000001627,1.648202
1970-01-01 00:00:00.000001628,1.6472830000000005
1970-01-01 00:00:00.000001629,1.646359
1970-01-01 00:00:00.000001630,1.6458849999999998
1970-01-01 00:00:00.000001631,1.646204
1970-01-01 00:00:00.000001632,1.647236
1970-01-01 00:00:00.000001633,1.64815
1970-01-01 00:00:00.000001634,1.6485580000000002
1970-01-01 00:00:00.000001635,1.6488580000000002
1970-01-01 00:00:00.000001636,1.649054
1970-01-01 00:00:00.000001637,1.649628
1970-01-01 00:00:00.000001638,1.6498270000000002
1970-01-01 00:00:00.000001639,1.648626
1970-01-01 00:00:00.000001640,1.6473349999999998
1970-01-01 00:00:00.000001641,1.645647
1970-01-01 00:00:00.000001642,1.646033
1970-01-01 00:00:00.000001643,1.6466330000000002
1970-01-01 00:00:00.000001644,1.647058
1970-01-01 00:00:00.000001645,1.647861
1970-01-01 00:00:00.000001646,1.6486439999999998
1970-01-01 00:00:00.000001647,1.649595
1970-01-01 00:00:00.000001648,1.6500099999999998
1970-01-01 00:00:00.000001649,1.649936
1970-01-01 00:00:00.000001650,1.6507
1970-01-01 00:00:00.000001651,1.652426
1970-01-01 00:00:00.000001652,1.6540529999999998
1970-01-01 00:00:00.000001653,1.6557509999999998
1970-01-01 00:00:00.000001654,1.658979
1970-01-01 00:00:00.000001655,1.6633919999999998
1970-01-01 00:00:00.000001656,1.6658529999999998
1970-01-01 00:00:00.000001657,1.66828
1970-01-01 00:00:00.000001658,1.671611
1970-01-01 00:00:00.000001659,1.6743740000000005
1970-01-01 00:00:00.000001660,1.6748580000000002
1970-01-01 00:00:00.000001661,1.672145
1970-01-01 00:00:00.000001662,1.6680080000000002
1970-01-01 00:00:00.000001663,1.6641169999999998
1970-01-01 00:00:00.000001664,1.658712
1970-01-01 00:00:00.000001665,1.653388
1970-01-01 00:00:00.000001666,1.647323
1970-01-01 00:00:00.000001667,1.6453
1970-01-01 00:00:00.000001668,1.644854
1970-01-01 00:00:00.000001669,1.644641
1970-01-01 00:00:00.000001670,1.6464009999999998
1970-01-01 00:00:00.000001671,1.6476970000000002
1970-01-01 00:00:00.000001672,1.649775
1970-01-01 00:00:00.000001673,1.6518240000000002
1970-01-01 00:00:00.000001674,1.652893
1970-01-01 00:00:00.000001675,1.653241
1970-01-01 00:00:00.000001676,1.652969
1970-01-01 00:00:00.000001677,1.652729
1970-01-01 00:00:00.000001678,1.6515380000000002
1970-01-01 00:00:00.000001679,1.65041
1970-01-01 00:00:00.000001680,1.650375
1970-01-01 00:00:00.000001681,1.6497700000000002
1970-01-01 00:00:00.000001682,1.649271
1970-01-01 00:00:00.000001683,1.6486610000000002
1970-01-01 00:00:00.000001684,1.6492189999999998
1970-01-01 00:00:00.000001685,1.649617
1970-01-01 00:00:00.000001686,1.650734
1970-01-01 00:00:00.000001687,1.651043
1970-01-01 00:00:00.000001688,1.650079
1970-01-01 00:00:00.000001689,1.648902
1970-01-01 00:00:00.000001690,1.6484470000000002
1970-01-01 00:00:00.000001691,1.6478009999999998
1970-01-01 00:00:00.000001692,1.647445
1970-01-01 00:00:00.000001693,1.647312
1970-01-01 00:00:00.000001694,1.647614
1970-01-01 00:00:00.000001695,1.6484740000000002
1970-01-01 00:00:00.000001696,1.649243
1970-01-01 00:00:00.000001697,1.650023
1970-01-01 00:00:00.000001698,1.651143
1970-01-01 00:00:00.000001699,1.653205
1970-01-01 00:00:00.000001700,1.655145
1970-01-01 00:00:00.000001701,1.6568
1970-01-01 00:00:00.000001702,1.658004
1970-01-01 00:00:00.000001703,1.6595400000000002
1970-01-01 00:00:00.000001704,1.660539
1970-01-01 00:00:00.000001705,1.661102
1970-01-01 00:00:00.000001706,1.661984
1970-01-01 00:00:00.000001707,1.6629630000000002
1970-01-01 00:00:00.000001708,1.66403
1970-01-01 00:00:00.000001709,1.665197
1970-01-01 00:00:00.000001710,1.666479
1970-01-01 00:00:00.000001711,1.667879
1970-01-01 00:00:00.000001712,1.6693810000000002
1970-01-01 00:00:00.000001713,1.6708880000000002
1970-01-01 00:00:00.000001714,1.672735
1970-01-01 00:00:00.000001715,1.6741
1970-01-01 00:00:00.000001716,1.67536
1970-01-01 00:00:00.000001717,1.676459
1970-01-01 00:00:00.000001718,1.676595
1970-01-01 00:00:00.000001719,1.6763419999999998
1970-01-01 00:00:00.000001720,1.675928
1970-01-01 00:00:00.000001721,1.6758689999999998
1970-01-01 00:00:00.000001722,1.67552
1970-01-01 00:00:00.000001723,1.675258
1970-01-01 00:00:00.000001724,1.675181
1970-01-01 00:00:00.000001725,1.6742709999999998
1970-01-01 00:00:00.000001726,1.673804
1970-01-01 00:00:00.000001727,1.673504
1970-01-01 00:00:00.000001728,1.6734189999999998
1970-01-01 00:00:00.000001729,1.673989
1970-01-01 00:00:00.000001730,1.674592
1970-01-01 00:00:00.000001731,1.674927
1970-01-01 00:00:00.000001732,1.674902
1970-01-01 00:00:00.000001733,1.674883
1970-01-01 00:00:00.000001734,1.675012
1970-01-01 00:00:00.000001735,1.675601
1970-01-01 00:00:00.000001736,1.676068
1970-01-01 00:00:00.000001737,1.677252
1970-01-01 00:00:00.000001738,1.677807
1970-01-01 00:00:00.000001739,1.678178
1970-01-01 00:00:00.000001740,1.6780970000000002
1970-01-01 00:00:00.000001741,1.67816
1970-01-01 00:00:00.000001742,1.677844
1970-01-01 00:00:00.000001743,1.677772
1970-01-01 00:00:00.000001744,1.6778419999999998
1970-01-01 00:00:00.000001745,1.677156
1970-01-01 00:00:00.000001746,1.676602
1970-01-01 00:00:00.000001747,1.676443
1970-01-01 00:00:00.000001748,1.676246
1970-01-01 00:00:00.000001749,1.6759130000000002
1970-01-01 00:00:00.000001750,1.6762560000000002
1970-01-01 00:00:00.000001751,1.676614
1970-01-01 00:00:00.000001752,1.6764
1970-01-01 00:00:00.000001753,1.676438
1970-01-01 00:00:00.000001754,1.674586
1970-01-01 00:00:00.000001755,1.6725759999999998
1970-01-01 00:00:00.000001756,1.669892
1970-01-01 00:00:00.000001757,1.667387
1970-01-01 00:00:00.000001758,1.664985
1970-01-01 00:00:00.000001759,1.6623400000000002
1970-01-01 00:00:00.000001760,1.661245
1970-01-01 00:00:00.000001761,1.659979
1970-01-01 00:00:00.000001762,1.659716
1970-01-01 00:00:00.000001763,1.6596369999999998
1970-01-01 00:00:00.000001764,1.65937
1970-01-01 00:00:00.000001765,1.658322
1970-01-01 00:00:00.000001766,1.6572639999999998
1970-01-01 00:00:00.000001767,1.656446
1970-01-01 00:00:00.000001768,1.655934
1970-01-01 00:00:00.000001769,1.6559549999999998
1970-01-01 00:00:00.000001770,1.655776
1970-01-01 00:00:00.000001771,1.655844
1970-01-01 00:00:00.000001772,1.6558990000000002
1970-01-01 00:00:00.000001773,1.6560700000000002
1970-01-01 00:00:00.000001774,1.656796
1970-01-01 00:00:00.000001775,1.6579720000000002
1970-01-01 00:00:00.000001776,1.658102
1970-01-01 00:00:00.000001777,1.657372
1970-01-01 00:00:00.000001778,1.656225
1970-01-01 00:00:00.000001779,1.6551619999999998
1970-01-01 00:00:00.000001780,1.654347
1970-01-01 00:00:00.000001781,1.653782
1970-01-01 00:00:00.000001782,1.6529919999999998
1970-01-01 00:00:00.000001783,1.653342
1970-01-01 00:00:00.000001784,1.653868
1970-01-01 00:00:00.000001785,1.654557
1970-01-01 00:00:00.000001786,1.655214
1970-01-01 00:00:00.000001787,1.6560990000000002
1970-01-01 00:00:00.000001788,1.656954
1970-01-01 00:00:00.000001789,1.657463
1970-01-01 00:00:00.000001790,1.657253
1970-01-01 00:00:00.000001791,1.657562
1970-01-01 00:00:00.000001792,1.658591
1970-01-01 00:00:00.000001793,1.65901
1970-01-01 00:00:00.000001794,1.6597810000000002
1970-01-01 00:00:00.000001795,1.660708
1970-01-01 00:00:00.000001796,1.6618
1970-01-01 00:00:00.000001797,1.661871
1970-01-01 00:00:00.000001798,1.661709
1970-01-01 00:00:00.000001799,1.661579
1970-01-01 00:00:00.000001800,1.661523
1970-01-01 00:00:00.000001801,1.661046
1970-01-01 00:00:00.000001802,1.661143
1970-01-01 00:00:00.000001803,1.66142
1970-01-01 00:00:00.000001804,1.661347
1970-01-01 00:00:00.000001805,1.661723
1970-01-01 00:00:00.000001806,1.662368
1970-01-01 00:00:00.000001807,1.662157
1970-01-01 00:00:00.000001808,1.662037
1970-01-01 00:00:00.000001809,1.662418
1970-01-01 00:00:00.000001810,1.662871
1970-01-01 00:00:00.000001811,1.662905
1970-01-01 00:00:00.000001812,1.6629349999999998
1970-01-01 00:00:00.000001813,1.663156
1970-01-01 00:00:00.000001814,1.6630330000000002
1970-01-01 00:00:00.000001815,1.6632220000000002
1970-01-01 00:00:00.000001816,1.6634799999999998
1970-01-01 00:00:00.000001817,1.663763
1970-01-01 00:00:00.000001818,1.663843
1970-01-01 00:00:00.000001819,1.663445
1970-01-01 00:00:00.000001820,1.662697
1970-01-01 00:00:00.000001821,1.6621419999999998
1970-01-01 00:00:00.000001822,1.661778
1970-01-01 00:00:00.000001823,1.661446
1970-01-01 00:00:00.000001824,1.6613950000000002
1970-01-01 00:00:00.000001825,1.6618130000000002
1970-01-01 00:00:00.000001826,1.6615490000000002
1970-01-01 00:00:00.000001827,1.662029
1970-01-01 00:00:00.000001828,1.66278
1970-01-01 00:00:00.000001829,1.663668
1970-01-01 00:00:00.000001830,1.664532
1970-01-01 00:00:00.000001831,1.665818
1970-01-01 00:00:00.000001832,1.666052
1970-01-01 00:00:00.000001833,1.665904
1970-01-01 00:00:00.000001834,1.665714
1970-01-01 00:00:00.000001835,1.665815
1970-01-01 00:00:00.000001836,1.6662580000000002
1970-01-01 00:00:00.000001837,1.666448
1970-01-01 00:00:00.000001838,1.666767
1970-01-01 00:00:00.000001839,1.667315
1970-01-01 00:00:00.000001840,1.667764
1970-01-01 00:00:00.000001841,1.667829
1970-01-01 00:00:00.000001842,1.6677669999999998
1970-01-01 00:00:00.000001843,1.668004
1970-01-01 00:00:00.000001844,1.6690599999999998
1970-01-01 00:00:00.000001845,1.66983
1970-01-01 00:00:00.000001846,1.669989
1970-01-01 00:00:00.000001847,1.6706599999999998
1970-01-01 00:00:00.000001848,1.6713509999999998
1970-01-01 00:00:00.000001849,1.67196
1970-01-01 00:00:00.000001850,1.672232
1970-01-01 00:00:00.000001851,1.672106
1970-01-01 00:00:00.000001852,1.671611
1970-01-01 00:00:00.000001853,1.67162
1970-01-01 00:00:00.000001854,1.672088
1970-01-01 00:00:00.000001855,1.672466
1970-01-01 00:00:00.000001856,1.6728330000000002
1970-01-01 00:00:00.000001857,1.672941
1970-01-01 00:00:00.000001858,1.673018
1970-01-01 00:00:00.000001859,1.673084
1970-01-01 00:00:00.000001860,1.673846
1970-01-01 00:00:00.000001861,1.674425
1970-01-01 00:00:00.000001862,1.675098
1970-01-01 00:00:00.000001863,1.674646
1970-01-01 00:00:00.000001864,1.674347
1970-01-01 00:00:00.000001865,1.674232
1970-01-01 00:00:00.000001866,1.674711
1970-01-01 00:00:00.000001867,1.6746759999999998
1970-01-01 00:00:00.000001868,1.6743880000000002
1970-01-01 00:00:00.000001869,1.6740400000000002
1970-01-01 00:00:00.000001870,1.673941
1970-01-01 00:00:00.000001871,1.674376
1970-01-01 00:00:00.000001872,1.6750040000000002
1970-01-01 00:00:00.000001873,1.67559
1970-01-01 00:00:00.000001874,1.675902
1970-01-01 00:00:00.000001875,1.6757799999999998
1970-01-01 00:00:00.000001876,1.675584
1970-01-01 00:00:00.000001877,1.675064
1970-01-01 00:00:00.000001878,1.6734759999999995
1970-01-01 00:00:00.000001879,1.671974
1970-01-01 00:00:00.000001880,1.671082
1970-01-01 00:00:00.000001881,1.670656
1970-01-01 00:00:00.000001882,1.6699509999999995
1970-01-01 00:00:00.000001883,1.669275
1970-01-01 00:00:00.000001884,1.668338
1970-01-01 00:00:00.000001885,1.668627
1970-01-01 00:00:00.000001886,1.668245
1970-01-01 00:00:00.000001887,1.6684560000000002
1970-01-01 00:00:00.000001888,1.668225
1970-01-01 00:00:00.000001889,1.668016
1970-01-01 00:00:00.000001890,1.6674810000000002
1970-01-01 00:00:00.000001891,1.6668349999999998
1970-01-01 00:00:00.000001892,1.666592
1970-01-01 00:00:00.000001893,1.666273
1970-01-01 00:00:00.000001894,1.666368
1970-01-01 00:00:00.000001895,1.666605
1970-01-01 00:00:00.000001896,1.6669169999999998
1970-01-01 00:00:00.000001897,1.666741
1970-01-01 00:00:00.000001898,1.666506
1970-01-01 00:00:00.000001899,1.666009
1970-01-01 00:00:00.000001900,1.665714
1970-01-01 00:00:00.000001901,1.665544
1970-01-01 00:00:00.000001902,1.665891
1970-01-01 00:00:00.000001903,1.66661
1970-01-01 00:00:00.000001904,1.66707
1970-01-01 00:00:00.000001905,1.667385
1970-01-01 00:00:00.000001906,1.667436
1970-01-01 00:00:00.000001907,1.667676
1970-01-01 00:00:00.000001908,1.667938
1970-01-01 00:00:00.000001909,1.6680549999999998
1970-01-01 00:00:00.000001910,1.6683720000000002
1970-01-01 00:00:00.000001911,1.668419
1970-01-01 00:00:00.000001912,1.668159
1970-01-01 00:00:00.000001913,1.6685740000000002
1970-01-01 00:00:00.000001914,1.669213
1970-01-01 00:00:00.000001915,1.6693810000000002
1970-01-01 00:00:00.000001916,1.669566
1970-01-01 00:00:00.000001917,1.669746
1970-01-01 00:00:00.000001918,1.6695950000000002
1970-01-01 00:00:00.000001919,1.6696259999999998
1970-01-01 00:00:00.000001920,1.669496
1970-01-01 00:00:00.000001921,1.669416
1970-01-01 00:00:00.000001922,1.669558
1970-01-01 00:00:00.000001923,1.669721
1970-01-01 00:00:00.000001924,1.670094
1970-01-01 00:00:00.000001925,1.670339
1970-01-01 00:00:00.000001926,1.6706009999999998
1970-01-01 00:00:00.000001927,1.671138
1970-01-01 00:00:00.000001928,1.671186
1970-01-01 00:00:00.000001929,1.6707599999999998
1970-01-01 00:00:00.000001930,1.6701689999999998
1970-01-01 00:00:00.000001931,1.67
1970-01-01 00:00:00.000001932,1.6699130000000002
1970-01-01 00:00:00.000001933,1.6703560000000002
1970-01-01 00:00:00.000001934,1.670624
1970-01-01 00:00:00.000001935,1.6711619999999998
1970-01-01 00:00:00.000001936,1.671782
1970-01-01 00:00:00.000001937,1.6723599999999998
1970-01-01 00:00:00.000001938,1.67267
1970-01-01 00:00:00.000001939,1.672632
1970-01-01 00:00:00.000001940,1.672518
1970-01-01 00:00:00.000001941,1.6723310000000002
1970-01-01 00:00:00.000001942,1.671727
1970-01-01 00:00:00.000001943,1.67134
1970-01-01 00:00:00.000001944,1.670756
1970-01-01 00:00:00.000001945,1.6707009999999998
1970-01-01 00:00:00.000001946,1.670886
1970-01-01 00:00:00.000001947,1.67115
1970-01-01 00:00:00.000001948,1.671501
1970-01-01 00:00:00.000001949,1.6718810000000002
1970-01-01 00:00:00.000001950,1.6722150000000002
1970-01-01 00:00:00.000001951,1.672626
1970-01-01 00:00:00.000001952,1.672772
1970-01-01 00:00:00.000001953,1.672425
1970-01-01 00:00:00.000001954,1.671892
1970-01-01 00:00:00.000001955,1.671543
1970-01-01 00:00:00.000001956,1.671042
1970-01-01 00:00:00.000001957,1.6705450000000002
1970-01-01 00:00:00.000001958,1.670446
1970-01-01 00:00:00.000001959,1.670291
1970-01-01 00:00:00.000001960,1.670173
1970-01-01 00:00:00.000001961,1.670608
1970-01-01 00:00:00.000001962,1.670732
1970-01-01 00:00:00.000001963,1.670751
1970-01-01 00:00:00.000001964,1.671066
1970-01-01 00:00:00.000001965,1.671716
1970-01-01 00:00:00.000001966,1.6723869999999998
1970-01-01 00:00:00.000001967,1.673039
1970-01-01 00:00:00.000001968,1.673606
1970-01-01 00:00:00.000001969,1.673859
1970-01-01 00:00:00.000001970,1.67455
1970-01-01 00:00:00.000001971,1.674936
1970-01-01 00:00:00.000001972,1.674812
1970-01-01 00:00:00.000001973,1.674924
1970-01-01 00:00:00.000001974,1.675077
1970-01-01 00:00:00.000001975,1.6755330000000002
1970-01-01 00:00:00.000001976,1.675761
1970-01-01 00:00:00.000001977,1.676263
1970-01-01 00:00:00.000001978,1.676853
1970-01-01 00:00:00.000001979,1.67745
1970-01-01 00:00:00.000001980,1.677833
1970-01-01 00:00:00.000001981,1.678405
1970-01-01 00:00:00.000001982,1.678767
1970-01-01 00:00:00.000001983,1.6792650000000002
1970-01-01 00:00:00.000001984,1.6794939999999998
1970-01-01 00:00:00.000001985,1.679587
1970-01-01 00:00:00.000001986,1.6793060000000002
1970-01-01 00:00:00.000001987,1.679136
1970-01-01 00:00:00.000001988,1.679291
1970-01-01 00:00:00.000001989,1.679844
1970-01-01 00:00:00.000001990,1.679716
1970-01-01 00:00:00.000001991,1.679405
1970-01-01 00:00:00.000001992,1.679586
1970-01-01 00:00:00.000001993,1.679597
1970-01-01 00:00:00.000001994,1.6802099999999998
1970-01-01 00:00:00.000001995,1.680605
1970-01-01 00:00:00.000001996,1.6804880000000002
1970-01-01 00:00:00.000001997,1.680567
1970-01-01 00:00:00.000001998,1.680594
1970-01-01 00:00:00.000001999,1.680711
1970-01-01 00:00:00.000002000,1.680461
1970-01-01 00:00:00.000002001,1.6801400000000002
1970-01-01 00:00:00.000002002,1.680119
1970-01-01 00:00:00.000002003,1.680223
1970-01-01 00:00:00.000002004,1.6805419999999998
1970-01-01 00:00:00.000002005,1.681152
1970-01-01 00:00:00.000002006,1.681403
1970-01-01 00:00:00.000002007,1.681134
1970-01-01 00:00:00.000002008,1.6812939999999998
1970-01-01 00:00:00.000002009,1.681656
1970-01-01 00:00:00.000002010,1.682071
1970-01-01 00:00:00.000002011,1.6814759999999995
1970-01-01 00:00:00.000002012,1.6809490000000002
1970-01-01 00:00:00.000002013,1.680662
1970-01-01 00:00:00.000002014,1.680294
1970-01-01 00:00:00.000002015,1.6800389999999998
1970-01-01 00:00:00.000002016,1.679875
1970-01-01 00:00:00.000002017,1.680448
1970-01-01 00:00:00.000002018,1.680942
1970-01-01 00:00:00.000002019,1.681542
1970-01-01 00:00:00.000002020,1.681718
1970-01-01 00:00:00.000002021,1.6819
1970-01-01 00:00:00.000002022,1.681917
1970-01-01 00:00:00.000002023,1.68199
1970-01-01 00:00:00.000002024,1.6817380000000002
1970-01-01 00:00:00.000002025,1.681546
1970-01-01 00:00:00.000002026,1.68173
1970-01-01 00:00:00.000002027,1.681906
1970-01-01 00:00:00.000002028,1.681884
1970-01-01 00:00:00.000002029,1.682477
1970-01-01 00:00:00.000002030,1.683016
1970-01-01 00:00:00.000002031,1.68323
1970-01-01 00:00:00.000002032,1.6830189999999998
1970-01-01 00:00:00.000002033,1.682828
1970-01-01 00:00:00.000002034,1.6827869999999998
1970-01-01 00:00:00.000002035,1.682655
1970-01-01 00:00:00.000002036,1.68215
1970-01-01 00:00:00.000002037,1.681741
1970-01-01 00:00:00.000002038,1.681512
1970-01-01 00:00:00.000002039,1.681628
1970-01-01 00:00:00.000002040,1.681862
1970-01-01 00:00:00.000002041,1.6826330000000005
1970-01-01 00:00:00.000002042,1.682818
1970-01-01 00:00:00.000002043,1.682775
1970-01-01 00:00:00.000002044,1.681946
1970-01-01 00:00:00.000002045,1.680908
1970-01-01 00:00:00.000002046,1.6799110000000002
1970-01-01 00:00:00.000002047,1.678921
1970-01-01 00:00:00.000002048,1.678341
1970-01-01 00:00:00.000002049,1.677725
1970-01-01 00:00:00.000002050,1.6770470000000002
1970-01-01 00:00:00.000002051,1.676657
1970-01-01 00:00:00.000002052,1.6765150000000002
1970-01-01 00:00:00.000002053,1.675655
1970-01-01 00:00:00.000002054,1.6747310000000002
1970-01-01 00:00:00.000002055,1.6739259999999998
1970-01-01 00:00:00.000002056,1.6733810000000002
1970-01-01 00:00:00.000002057,1.672635
1970-01-01 00:00:00.000002058,1.6719
1970-01-01 00:00:00.000002059,1.671398
1970-01-01 00:00:00.000002060,1.6712619999999998
1970-01-01 00:00:00.000002061,1.67091
1970-01-01 00:00:00.000002062,1.66972
1970-01-01 00:00:00.000002063,1.669225
1970-01-01 00:00:00.000002064,1.668956
1970-01-01 00:00:00.000002065,1.6687740000000002
1970-01-01 00:00:00.000002066,1.668943
1970-01-01 00:00:00.000002067,1.668855
1970-01-01 00:00:00.000002068,1.668376
1970-01-01 00:00:00.000002069,1.667682
1970-01-01 00:00:00.000002070,1.666952
1970-01-01 00:00:00.000002071,1.6662169999999998
1970-01-01 00:00:00.000002072,1.665498
1970-01-01 00:00:00.000002073,1.665112
1970-01-01 00:00:00.000002074,1.6646470000000002
1970-01-01 00:00:00.000002075,1.664534
1970-01-01 00:00:00.000002076,1.6646459999999998
1970-01-01 00:00:00.000002077,1.6646880000000002
1970-01-01 00:00:00.000002078,1.664249
1970-01-01 00:00:00.000002079,1.66375
1970-01-01 00:00:00.000002080,1.663023
1970-01-01 00:00:00.000002081,1.662234
1970-01-01 00:00:00.000002082,1.660699
1970-01-01 00:00:00.000002083,1.6603830000000002
1970-01-01 00:00:00.000002084,1.6604439999999998
1970-01-01 00:00:00.000002085,1.660535
1970-01-01 00:00:00.000002086,1.66062
1970-01-01 00:00:00.000002087,1.660322
1970-01-01 00:00:00.000002088,1.6603869999999998
1970-01-01 00:00:00.000002089,1.6600529999999998
1970-01-01 00:00:00.000002090,1.659833
1970-01-01 00:00:00.000002091,1.659312
1970-01-01 00:00:00.000002092,1.658751
1970-01-01 00:00:00.000002093,1.658234
1970-01-01 00:00:00.000002094,1.657518
1970-01-01 00:00:00.000002095,1.656967
1970-01-01 00:00:00.000002096,1.655933
1970-01-01 00:00:00.000002097,1.655083
1970-01-01 00:00:00.000002098,1.654771
1970-01-01 00:00:00.000002099,1.654522
1970-01-01 00:00:00.000002100,1.6543169999999998
1970-01-01 00:00:00.000002101,1.654532
1970-01-01 00:00:00.000002102,1.654548
1970-01-01 00:00:00.000002103,1.6547889999999998
1970-01-01 00:00:00.000002104,1.655002
1970-01-01 00:00:00.000002105,1.6549470000000002
1970-01-01 00:00:00.000002106,1.653766
1970-01-01 00:00:00.000002107,1.65359
1970-01-01 00:00:00.000002108,1.653397
1970-01-01 00:00:00.000002109,1.653632
1970-01-01 00:00:00.000002110,1.654035
1970-01-01 00:00:00.000002111,1.6543830000000002
1970-01-01 00:00:00.000002112,1.654866
1970-01-01 00:00:00.000002113,1.6560400000000002
1970-01-01 00:00:00.000002114,1.656336
1970-01-01 00:00:00.000002115,1.6565330000000005
1970-01-01 00:00:00.000002116,1.6561830000000002
1970-01-01 00:00:00.000002117,1.656255
1970-01-01 00:00:00.000002118,1.656449
1970-01-01 00:00:00.000002119,1.656251
1970-01-01 00:00:00.000002120,1.656162
1970-01-01 00:00:00.000002121,1.656027
1970-01-01 00:00:00.000002122,1.655515
1970-01-01 00:00:00.000002123,1.655158
1970-01-01 00:00:00.000002124,1.654925
1970-01-01 00:00:00.000002125,1.6548490000000002
1970-01-01 00:00:00.000002126,1.655185
1970-01-01 00:00:00.000002127,1.655309
1970-01-01 00:00:00.000002128,1.655154
1970-01-01 00:00:00.000002129,1.6549509999999998
1970-01-01 00:00:00.000002130,1.6545439999999998
1970-01-01 00:00:00.000002131,1.654247
1970-01-01 00:00:00.000002132,1.654188
1970-01-01 00:00:00.000002133,1.654255
1970-01-01 00:00:00.000002134,1.654248
1970-01-01 00:00:00.000002135,1.6545740000000002
1970-01-01 00:00:00.000002136,1.6552360000000002
1970-01-01 00:00:00.000002137,1.65567
1970-01-01 00:00:00.000002138,1.655947
1970-01-01 00:00:00.000002139,1.655962
1970-01-01 00:00:00.000002140,1.655784
1970-01-01 00:00:00.000002141,1.6558810000000002
1970-01-01 00:00:00.000002142,1.655712
1970-01-01 00:00:00.000002143,1.655684
1970-01-01 00:00:00.000002144,1.65605
1970-01-01 00:00:00.000002145,1.65672
1970-01-01 00:00:00.000002146,1.657048
1970-01-01 00:00:00.000002147,1.657007
1970-01-01 00:00:00.000002148,1.657184
1970-01-01 00:00:00.000002149,1.657447
1970-01-01 00:00:00.000002150,1.657401
1970-01-01 00:00:00.000002151,1.657081
1970-01-01 00:00:00.000002152,1.657339
1970-01-01 00:00:00.000002153,1.6575799999999998
1970-01-01 00:00:00.000002154,1.65793
1970-01-01 00:00:00.000002155,1.658036
1970-01-01 00:00:00.000002156,1.657855
1970-01-01 00:00:00.000002157,1.65762
1970-01-01 00:00:00.000002158,1.657144
1970-01-01 00:00:00.000002159,1.656944
1970-01-01 00:00:00.000002160,1.657232
1970-01-01 00:00:00.000002161,1.657445
1970-01-01 00:00:00.000002162,1.657374
1970-01-01 00:00:00.000002163,1.657504
1970-01-01 00:00:00.000002164,1.657675
1970-01-01 00:00:00.000002165,1.657517
1970-01-01 00:00:00.000002166,1.657256
1970-01-01 00:00:00.000002167,1.6568169999999998
1970-01-01 00:00:00.000002168,1.6567419999999995
1970-01-01 00:00:00.000002169,1.656407
1970-01-01 00:00:00.000002170,1.65556
1970-01-01 00:00:00.000002171,1.655148
1970-01-01 00:00:00.000002172,1.654827
1970-01-01 00:00:00.000002173,1.654709
1970-01-01 00:00:00.000002174,1.654486
1970-01-01 00:00:00.000002175,1.654261
1970-01-01 00:00:00.000002176,1.654007
1970-01-01 00:00:00.000002177,1.653471
1970-01-01 00:00:00.000002178,1.6525599999999998
1970-01-01 00:00:00.000002179,1.652321
1970-01-01 00:00:00.000002180,1.652223
1970-01-01 00:00:00.000002181,1.652163
1970-01-01 00:00:00.000002182,1.651847
1970-01-01 00:00:00.000002183,1.6508470000000002
1970-01-01 00:00:00.000002184,1.6495240000000002
1970-01-01 00:00:00.000002185,1.648106
1970-01-01 00:00:00.000002186,1.6467919999999998
1970-01-01 00:00:00.000002187,1.6461400000000002
1970-01-01 00:00:00.000002188,1.646232
1970-01-01 00:00:00.000002189,1.64532
1970-01-01 00:00:00.000002190,1.6440099999999995
1970-01-01 00:00:00.000002191,1.6442900000000005
1970-01-01 00:00:00.000002192,1.644481
1970-01-01 00:00:00.000002193,1.6444900000000002
1970-01-01 00:00:00.000002194,1.64465
1970-01-01 00:00:00.000002195,1.645059
1970-01-01 00:00:00.000002196,1.645733
1970-01-01 00:00:00.000002197,1.646921
1970-01-01 00:00:00.000002198,1.648281
1970-01-01 00:00:00.000002199,1.650045
1970-01-01 00:00:00.000002200,1.651213
1970-01-01 00:00:00.000002201,1.6529919999999998
1970-01-01 00:00:00.000002202,1.654218
1970-01-01 00:00:00.000002203,1.6548919999999998
1970-01-01 00:00:00.000002204,1.656413
1970-01-01 00:00:00.000002205,1.658498
1970-01-01 00:00:00.000002206,1.6602849999999998
1970-01-01 00:00:00.000002207,1.66268
1970-01-01 00:00:00.000002208,1.6640689999999998
1970-01-01 00:00:00.000002209,1.664667
1970-01-01 00:00:00.000002210,1.663371
1970-01-01 00:00:00.000002211,1.6625150000000002
1970-01-01 00:00:00.000002212,1.661088
1970-01-01 00:00:00.000002213,1.659228
1970-01-01 00:00:00.000002214,1.657877
1970-01-01 00:00:00.000002215,1.655563
1970-01-01 00:00:00.000002216,1.653209
1970-01-01 00:00:00.000002217,1.652154
1970-01-01 00:00:00.000002218,1.651757
1970-01-01 00:00:00.000002219,1.649917
1970-01-01 00:00:00.000002220,1.650075
1970-01-01 00:00:00.000002221,1.650141
1970-01-01 00:00:00.000002222,1.6490509999999998
1970-01-01 00:00:00.000002223,1.6473400000000002
1970-01-01 00:00:00.000002224,1.6476959999999998
1970-01-01 00:00:00.000002225,1.648473
1970-01-01 00:00:00.000002226,1.64985
1970-01-01 00:00:00.000002227,1.651418
1970-01-01 00:00:00.000002228,1.6541669999999995
1970-01-01 00:00:00.000002229,1.656462
1970-01-01 00:00:00.000002230,1.6594970000000002
1970-01-01 00:00:00.000002231,1.660479
1970-01-01 00:00:00.000002232,1.661645
1970-01-01 00:00:00.000002233,1.6625310000000002
1970-01-01 00:00:00.000002234,1.663643
1970-01-01 00:00:00.000002235,1.665427
1970-01-01 00:00:00.000002236,1.667803
1970-01-01 00:00:00.000002237,1.670555
1970-01-01 00:00:00.000002238,1.673137
1970-01-01 00:00:00.000002239,1.6747169999999998
1970-01-01 00:00:00.000002240,1.675759
1970-01-01 00:00:00.000002241,1.6753779999999998
1970-01-01 00:00:00.000002242,1.673238
1970-01-01 00:00:00.000002243,1.670639
1970-01-01 00:00:00.000002244,1.667212
1970-01-01 00:00:00.000002245,1.664066
1970-01-01 00:00:00.000002246,1.6621290000000002
1970-01-01 00:00:00.000002247,1.659645
1970-01-01 00:00:00.000002248,1.6588630000000002
1970-01-01 00:00:00.000002249,1.659382
1970-01-01 00:00:00.000002250,1.659013
1970-01-01 00:00:00.000002251,1.659506
1970-01-01 00:00:00.000002252,1.6594509999999998
1970-01-01 00:00:00.000002253,1.6594330000000002
1970-01-01 00:00:00.000002254,1.66052
1970-01-01 00:00:00.000002255,1.6602849999999998
1970-01-01 00:00:00.000002256,1.660346
1970-01-01 00:00:00.000002257,1.6611939999999998
1970-01-01 00:00:00.000002258,1.6616959999999998
1970-01-01 00:00:00.000002259,1.66243
1970-01-01 00:00:00.000002260,1.662627
1970-01-01 00:00:00.000002261,1.6627439999999998
1970-01-01 00:00:00.000002262,1.6631029999999998
1970-01-01 00:00:00.000002263,1.663288
1970-01-01 00:00:00.000002264,1.6635799999999998
1970-01-01 00:00:00.000002265,1.664366
1970-01-01 00:00:00.000002266,1.664807
1970-01-01 00:00:00.000002267,1.6639689999999998
1970-01-01 00:00:00.000002268,1.664065
1970-01-01 00:00:00.000002269,1.664205
1970-01-01 00:00:00.000002270,1.665426
1970-01-01 00:00:00.000002271,1.667018
1970-01-01 00:00:00.000002272,1.6682689999999998
1970-01-01 00:00:00.000002273,1.669484
1970-01-01 00:00:00.000002274,1.670402
1970-01-01 00:00:00.000002275,1.670988
1970-01-01 00:00:00.000002276,1.670605
1970-01-01 00:00:00.000002277,1.6705
1970-01-01 00:00:00.000002278,1.6691759999999998
1970-01-01 00:00:00.000002279,1.668724
1970-01-01 00:00:00.000002280,1.667183
1970-01-01 00:00:00.000002281,1.665462
1970-01-01 00:00:00.000002282,1.664413
1970-01-01 00:00:00.000002283,1.66298
1970-01-01 00:00:00.000002284,1.6623139999999998
1970-01-01 00:00:00.000002285,1.6626759999999998
1970-01-01 00:00:00.000002286,1.662882
1970-01-01 00:00:00.000002287,1.661557
1970-01-01 00:00:00.000002288,1.661175
1970-01-01 00:00:00.000002289,1.659729
1970-01-01 00:00:00.000002290,1.658223
1970-01-01 00:00:00.000002291,1.6558419999999998
1970-01-01 00:00:00.000002292,1.6540419999999998
1970-01-01 00:00:00.000002293,1.652845
1970-01-01 00:00:00.000002294,1.652468
1970-01-01 00:00:00.000002295,1.65271
1970-01-01 00:00:00.000002296,1.65288
1970-01-01 00:00:00.000002297,1.6537380000000002
1970-01-01 00:00:00.000002298,1.6549080000000005
1970-01-01 00:00:00.000002299,1.656162
1970-01-01 00:00:00.000002300,1.6572509999999998
1970-01-01 00:00:00.000002301,1.6581990000000002
1970-01-01 00:00:00.000002302,1.658799
1970-01-01 00:00:00.000002303,1.658351
1970-01-01 00:00:00.000002304,1.657763
1970-01-01 00:00:00.000002305,1.657302
1970-01-01 00:00:00.000002306,1.6568599999999998
1970-01-01 00:00:00.000002307,1.65625
1970-01-01 00:00:00.000002308,1.6554259999999998
1970-01-01 00:00:00.000002309,1.654997
1970-01-01 00:00:00.000002310,1.655107
1970-01-01 00:00:00.000002311,1.655356
1970-01-01 00:00:00.000002312,1.6552349999999998
1970-01-01 00:00:00.000002313,1.654446
1970-01-01 00:00:00.000002314,1.653291
1970-01-01 00:00:00.000002315,1.650869
1970-01-01 00:00:00.000002316,1.6475799999999998
1970-01-01 00:00:00.000002317,1.643636
1970-01-01 00:00:00.000002318,1.6409349999999998
1970-01-01 00:00:00.000002319,1.637804
1970-01-01 00:00:00.000002320,1.6331790000000002
1970-01-01 00:00:00.000002321,1.630669
1970-01-01 00:00:00.000002322,1.627709
1970-01-01 00:00:00.000002323,1.628988
1970-01-01 00:00:00.000002324,1.629048
1970-01-01 00:00:00.000002325,1.630738
1970-01-01 00:00:00.000002326,1.633083
1970-01-01 00:00:00.000002327,1.63401
1970-01-01 00:00:00.000002328,1.636534
1970-01-01 00:00:00.000002329,1.638634
1970-01-01 00:00:00.000002330,1.63789
1970-01-01 00:00:00.000002331,1.637872
1970-01-01 00:00:00.000002332,1.637494
1970-01-01 00:00:00.000002333,1.636507
1970-01-01 00:00:00.000002334,1.634586
1970-01-01 00:00:00.000002335,1.633112
1970-01-01 00:00:00.000002336,1.634146
1970-01-01 00:00:00.000002337,1.632615
1970-01-01 00:00:00.000002338,1.63358
1970-01-01 00:00:00.000002339,1.632039
1970-01-01 00:00:00.000002340,1.632102
1970-01-01 00:00:00.000002341,1.632236
1970-01-01 00:00:00.000002342,1.634395
1970-01-01 00:00:00.000002343,1.636765
1970-01-01 00:00:00.000002344,1.638234
1970-01-01 00:00:00.000002345,1.640866
1970-01-01 00:00:00.000002346,1.6431939999999998
1970-01-01 00:00:00.000002347,1.645518
1970-01-01 00:00:00.000002348,1.648656
1970-01-01 00:00:00.000002349,1.650355
1970-01-01 00:00:00.000002350,1.6507470000000002
1970-01-01 00:00:00.000002351,1.650073
1970-01-01 00:00:00.000002352,1.647628
1970-01-01 00:00:00.000002353,1.64556
1970-01-01 00:00:00.000002354,1.643127
1970-01-01 00:00:00.000002355,1.6392099999999998
1970-01-01 00:00:00.000002356,1.634888
1970-01-01 00:00:00.000002357,1.634191
1970-01-01 00:00:00.000002358,1.631595
1970-01-01 00:00:00.000002359,1.628733
1970-01-01 00:00:00.000002360,1.626619
1970-01-01 00:00:00.000002361,1.62475
1970-01-01 00:00:00.000002362,1.622687
1970-01-01 00:00:00.000002363,1.6190950000000002
1970-01-01 00:00:00.000002364,1.616218
1970-01-01 00:00:00.000002365,1.613235
1970-01-01 00:00:00.000002366,1.611791
1970-01-01 00:00:00.000002367,1.612342
1970-01-01 00:00:00.000002368,1.614244
1970-01-01 00:00:00.000002369,1.618855
1970-01-01 00:00:00.000002370,1.623097
1970-01-01 00:00:00.000002371,1.63003
1970-01-01 00:00:00.000002372,1.634962
1970-01-01 00:00:00.000002373,1.6412669999999998
1970-01-01 00:00:00.000002374,1.645185
1970-01-01 00:00:00.000002375,1.647882
1970-01-01 00:00:00.000002376,1.648297
1970-01-01 00:00:00.000002377,1.645917
1970-01-01 00:00:00.000002378,1.644189
1970-01-01 00:00:00.000002379,1.641515
1970-01-01 00:00:00.000002380,1.638679
1970-01-01 00:00:00.000002381,1.636319
1970-01-01 00:00:00.000002382,1.634563
1970-01-01 00:00:00.000002383,1.632601
1970-01-01 00:00:00.000002384,1.631366
1970-01-01 00:00:00.000002385,1.63096
1970-01-01 00:00:00.000002386,1.632004
1970-01-01 00:00:00.000002387,1.631809
1970-01-01 00:00:00.000002388,1.629931
1970-01-01 00:00:00.000002389,1.628638
1970-01-01 00:00:00.000002390,1.625219
1970-01-01 00:00:00.000002391,1.624173
1970-01-01 00:00:00.000002392,1.620492
1970-01-01 00:00:00.000002393,1.618385
1970-01-01 00:00:00.000002394,1.6163040000000002
1970-01-01 00:00:00.000002395,1.619058
1970-01-01 00:00:00.000002396,1.621826
1970-01-01 00:00:00.000002397,1.624995
1970-01-01 00:00:00.000002398,1.628074
1970-01-01 00:00:00.000002399,1.631546
1970-01-01 00:00:00.000002400,1.635129
1970-01-01 00:00:00.000002401,1.6382219999999998
1970-01-01 00:00:00.000002402,1.6422450000000002
1970-01-01 00:00:00.000002403,1.646653
1970-01-01 00:00:00.000002404,1.648267
1970-01-01 00:00:00.000002405,1.6490490000000002
1970-01-01 00:00:00.000002406,1.647259
1970-01-01 00:00:00.000002407,1.644805
1970-01-01 00:00:00.000002408,1.64285
1970-01-01 00:00:00.000002409,1.637226
1970-01-01 00:00:00.000002410,1.631575
1970-01-01 00:00:00.000002411,1.628281
1970-01-01 00:00:00.000002412,1.625252
1970-01-01 00:00:00.000002413,1.621158
1970-01-01 00:00:00.000002414,1.617449
1970-01-01 00:00:00.000002415,1.613965
1970-01-01 00:00:00.000002416,1.6122450000000002
1970-01-01 00:00:00.000002417,1.61142
1970-01-01 00:00:00.000002418,1.611307
1970-01-01 00:00:00.000002419,1.609355
1970-01-01 00:00:00.000002420,1.6075
1970-01-01 00:00:00.000002421,1.607073
1970-01-01 00:00:00.000002422,1.6067
1970-01-01 00:00:00.000002423,1.605078
1970-01-01 00:00:00.000002424,1.604103
1970-01-01 00:00:00.000002425,1.60386
1970-01-01 00:00:00.000002426,1.6033309999999998
1970-01-01 00:00:00.000002427,1.602947
1970-01-01 00:00:00.000002428,1.604105
1970-01-01 00:00:00.000002429,1.605424
1970-01-01 00:00:00.000002430,1.607686
1970-01-01 00:00:00.000002431,1.609623
1970-01-01 00:00:00.000002432,1.610395
1970-01-01 00:00:00.000002433,1.611442
1970-01-01 00:00:00.000002434,1.612593
1970-01-01 00:00:00.000002435,1.611976
1970-01-01 00:00:00.000002436,1.610911
1970-01-01 00:00:00.000002437,1.609707
1970-01-01 00:00:00.000002438,1.609126
1970-01-01 00:00:00.000002439,1.609055
1970-01-01 00:00:00.000002440,1.610095
1970-01-01 00:00:00.000002441,1.610392
1970-01-01 00:00:00.000002442,1.611848
1970-01-01 00:00:00.000002443,1.611637
1970-01-01 00:00:00.000002444,1.612775
1970-01-01 00:00:00.000002445,1.613083
1970-01-01 00:00:00.000002446,1.613553
1970-01-01 00:00:00.000002447,1.61306
1970-01-01 00:00:00.000002448,1.612257
1970-01-01 00:00:00.000002449,1.611637
1970-01-01 00:00:00.000002450,1.611614
1970-01-01 00:00:00.000002451,1.611897
1970-01-01 00:00:00.000002452,1.612966
1970-01-01 00:00:00.000002453,1.614544
1970-01-01 00:00:00.000002454,1.615969
1970-01-01 00:00:00.000002455,1.61689
1970-01-01 00:00:00.000002456,1.618292
1970-01-01 00:00:00.000002457,1.619711
1970-01-01 00:00:00.000002458,1.620496
1970-01-01 00:00:00.000002459,1.620753
1970-01-01 00:00:00.000002460,1.619923
1970-01-01 00:00:00.000002461,1.618365
1970-01-01 00:00:00.000002462,1.615732
1970-01-01 00:00:00.000002463,1.612644
1970-01-01 00:00:00.000002464,1.609237
1970-01-01 00:00:00.000002465,1.607092
1970-01-01 00:00:00.000002466,1.605406
1970-01-01 00:00:00.000002467,1.6048129999999998
1970-01-01 00:00:00.000002468,1.605804
1970-01-01 00:00:00.000002469,1.607148
1970-01-01 00:00:00.000002470,1.6102610000000002
1970-01-01 00:00:00.000002471,1.613874
1970-01-01 00:00:00.000002472,1.619152
1970-01-01 00:00:00.000002473,1.625259
1970-01-01 00:00:00.000002474,1.629483
1970-01-01 00:00:00.000002475,1.632304
1970-01-01 00:00:00.000002476,1.6340940000000002
1970-01-01 00:00:00.000002477,1.633872
1970-01-01 00:00:00.000002478,1.633667
1970-01-01 00:00:00.000002479,1.632395
1970-01-01 00:00:00.000002480,1.632198
1970-01-01 00:00:00.000002481,1.631976
1970-01-01 00:00:00.000002482,1.631035
1970-01-01 00:00:00.000002483,1.6302709999999998
1970-01-01 00:00:00.000002484,1.6296700000000002
1970-01-01 00:00:00.000002485,1.630095
1970-01-01 00:00:00.000002486,1.631071
1970-01-01 00:00:00.000002487,1.632221
1970-01-01 00:00:00.000002488,1.634796
1970-01-01 00:00:00.000002489,1.636628
1970-01-01 00:00:00.000002490,1.638109
1970-01-01 00:00:00.000002491,1.641678
1970-01-01 00:00:00.000002492,1.64244
1970-01-01 00:00:00.000002493,1.6450049999999998
1970-01-01 00:00:00.000002494,1.6472779999999998
1970-01-01 00:00:00.000002495,1.647695
1970-01-01 00:00:00.000002496,1.649072
1970-01-01 00:00:00.000002497,1.6524029999999998
1970-01-01 00:00:00.000002498,1.655747
1970-01-01 00:00:00.000002499,1.6608619999999998
1970-01-01 00:00:00.000002500,1.6663560000000002
1970-01-01 00:00:00.000002501,1.6715939999999998
1970-01-01 00:00:00.000002502,1.6765419999999998
1970-01-01 00:00:00.000002503,1.681474
1970-01-01 00:00:00.000002504,1.685425
1970-01-01 00:00:00.000002505,1.68921
1970-01-01 00:00:00.000002506,1.691254
1970-01-01 00:00:00.000002507,1.692968
1970-01-01 00:00:00.000002508,1.69325
1970-01-01 00:00:00.000002509,1.6929610000000002
1970-01-01 00:00:00.000002510,1.693225
1970-01-01 00:00:00.000002511,1.694122
1970-01-01 00:00:00.000002512,1.694809
1970-01-01 00:00:00.000002513,1.695413
1970-01-01 00:00:00.000002514,1.6931200000000002
1970-01-01 00:00:00.000002515,1.687819
1970-01-01 00:00:00.000002516,1.682518
1970-01-01 00:00:00.000002517,1.677632
1970-01-01 00:00:00.000002518,1.672798
1970-01-01 00:00:00.000002519,1.667779
1970-01-01 00:00:00.000002520,1.6635400000000002
1970-01-01 00:00:00.000002521,1.659903
1970-01-01 00:00:00.000002522,1.656925
1970-01-01 00:00:00.000002523,1.654294
1970-01-01 00:00:00.000002524,1.651412
1970-01-01 00:00:00.000002525,1.6465459999999998
1970-01-01 00:00:00.000002526,1.641715
1970-01-01 00:00:00.000002527,1.635039
1970-01-01 00:00:00.000002528,1.628997
1970-01-01 00:00:00.000002529,1.623297
1970-01-01 00:00:00.000002530,1.619733
1970-01-01 00:00:00.000002531,1.61512
1970-01-01 00:00:00.000002532,1.6116629999999998
1970-01-01 00:00:00.000002533,1.609843
1970-01-01 00:00:00.000002534,1.608486
1970-01-01 00:00:00.000002535,1.606757
1970-01-01 00:00:00.000002536,1.605782
1970-01-01 00:00:00.000002537,1.606897
1970-01-01 00:00:00.000002538,1.607903
1970-01-01 00:00:00.000002539,1.609089
1970-01-01 00:00:00.000002540,1.608976
1970-01-01 00:00:00.000002541,1.607524
1970-01-01 00:00:00.000002542,1.605345
1970-01-01 00:00:00.000002543,1.600682
1970-01-01 00:00:00.000002544,1.595306
1970-01-01 00:00:00.000002545,1.589357
1970-01-01 00:00:00.000002546,1.584612
1970-01-01 00:00:00.000002547,1.579692
1970-01-01 00:00:00.000002548,1.578717
1970-01-01 00:00:00.000002549,1.579255
1970-01-01 00:00:00.000002550,1.579464
1970-01-01 00:00:00.000002551,1.580088
1970-01-01 00:00:00.000002552,1.583591
