time_captured,ups_12_sub_15_gravity.z
1970-01-01 00:00:00.000000000,-0.265881
1970-01-01 00:00:00.000000001,-0.334551
1970-01-01 00:00:00.000000002,-0.4149279999999999
1970-01-01 00:00:00.000000003,-0.473396
1970-01-01 00:00:00.000000004,-0.507041
1970-01-01 00:00:00.000000005,-0.536942
1970-01-01 00:00:00.000000006,-0.563198
1970-01-01 00:00:00.000000007,-0.584441
1970-01-01 00:00:00.000000008,-0.597086
1970-01-01 00:00:00.000000009,-0.5998640000000001
1970-01-01 00:00:00.000000010,-0.590278
1970-01-01 00:00:00.000000011,-0.570992
1970-01-01 00:00:00.000000012,-0.546447
1970-01-01 00:00:00.000000013,-0.513436
1970-01-01 00:00:00.000000014,-0.468864
1970-01-01 00:00:00.000000015,-0.423799
1970-01-01 00:00:00.000000016,-0.432329
1970-01-01 00:00:00.000000017,-0.468209
1970-01-01 00:00:00.000000018,-0.501097
1970-01-01 00:00:00.000000019,-0.538196
1970-01-01 00:00:00.000000020,-0.557204
1970-01-01 00:00:00.000000021,-0.549449
1970-01-01 00:00:00.000000022,-0.544914
1970-01-01 00:00:00.000000023,-0.550764
1970-01-01 00:00:00.000000024,-0.5620189999999999
1970-01-01 00:00:00.000000025,-0.530864
1970-01-01 00:00:00.000000026,-0.48245
1970-01-01 00:00:00.000000027,-0.446675
1970-01-01 00:00:00.000000028,-0.403513
1970-01-01 00:00:00.000000029,-0.354912
1970-01-01 00:00:00.000000030,-0.307433
1970-01-01 00:00:00.000000031,-0.263074
1970-01-01 00:00:00.000000032,-0.2135699999999999
1970-01-01 00:00:00.000000033,-0.159899
1970-01-01 00:00:00.000000034,-0.105624
1970-01-01 00:00:00.000000035,-0.054647
1970-01-01 00:00:00.000000036,-0.004184
1970-01-01 00:00:00.000000037,0.044922
1970-01-01 00:00:00.000000038,0.09347
1970-01-01 00:00:00.000000039,0.138989
1970-01-01 00:00:00.000000040,0.178198
1970-01-01 00:00:00.000000041,0.208965
1970-01-01 00:00:00.000000042,0.227731
1970-01-01 00:00:00.000000043,0.241769
1970-01-01 00:00:00.000000044,0.2576
1970-01-01 00:00:00.000000045,0.270637
1970-01-01 00:00:00.000000046,0.269258
1970-01-01 00:00:00.000000047,0.256492
1970-01-01 00:00:00.000000048,0.226526
1970-01-01 00:00:00.000000049,0.167431
1970-01-01 00:00:00.000000050,0.091865
1970-01-01 00:00:00.000000051,0.0147409999999999
1970-01-01 00:00:00.000000052,-0.087219
1970-01-01 00:00:00.000000053,-0.188401
1970-01-01 00:00:00.000000054,-0.258626
1970-01-01 00:00:00.000000055,-0.334764
1970-01-01 00:00:00.000000056,-0.41321
1970-01-01 00:00:00.000000057,-0.475572
1970-01-01 00:00:00.000000058,-0.531529
1970-01-01 00:00:00.000000059,-0.577259
1970-01-01 00:00:00.000000060,-0.613792
1970-01-01 00:00:00.000000061,-0.6407109999999999
1970-01-01 00:00:00.000000062,-0.656185
1970-01-01 00:00:00.000000063,-0.66185
1970-01-01 00:00:00.000000064,-0.659464
1970-01-01 00:00:00.000000065,-0.650275
1970-01-01 00:00:00.000000066,-0.635221
1970-01-01 00:00:00.000000067,-0.6114890000000001
1970-01-01 00:00:00.000000068,-0.585276
1970-01-01 00:00:00.000000069,-0.568567
1970-01-01 00:00:00.000000070,-0.584286
1970-01-01 00:00:00.000000071,-0.5887560000000001
1970-01-01 00:00:00.000000072,-0.561732
1970-01-01 00:00:00.000000073,-0.559008
1970-01-01 00:00:00.000000074,-0.546563
1970-01-01 00:00:00.000000075,-0.53009
1970-01-01 00:00:00.000000076,-0.506169
1970-01-01 00:00:00.000000077,-0.475458
1970-01-01 00:00:00.000000078,-0.439813
1970-01-01 00:00:00.000000079,-0.398053
1970-01-01 00:00:00.000000080,-0.346616
1970-01-01 00:00:00.000000081,-0.290542
1970-01-01 00:00:00.000000082,-0.235525
1970-01-01 00:00:00.000000083,-0.188323
1970-01-01 00:00:00.000000084,-0.150626
1970-01-01 00:00:00.000000085,-0.124498
1970-01-01 00:00:00.000000086,-0.113004
1970-01-01 00:00:00.000000087,-0.114711
1970-01-01 00:00:00.000000088,-0.131276
1970-01-01 00:00:00.000000089,-0.170168
1970-01-01 00:00:00.000000090,-0.228919
1970-01-01 00:00:00.000000091,-0.292104
1970-01-01 00:00:00.000000092,-0.3202239999999999
1970-01-01 00:00:00.000000093,-0.3331719999999999
1970-01-01 00:00:00.000000094,-0.3975909999999999
1970-01-01 00:00:00.000000095,-0.466268
1970-01-01 00:00:00.000000096,-0.519027
1970-01-01 00:00:00.000000097,-0.56153
1970-01-01 00:00:00.000000098,-0.5964430000000001
1970-01-01 00:00:00.000000099,-0.621046
1970-01-01 00:00:00.000000100,-0.6352899999999999
1970-01-01 00:00:00.000000101,-0.639121
1970-01-01 00:00:00.000000102,-0.631754
1970-01-01 00:00:00.000000103,-0.614632
1970-01-01 00:00:00.000000104,-0.592046
1970-01-01 00:00:00.000000105,-0.56776
1970-01-01 00:00:00.000000106,-0.538234
1970-01-01 00:00:00.000000107,-0.498467
1970-01-01 00:00:00.000000108,-0.463675
1970-01-01 00:00:00.000000109,-0.460764
1970-01-01 00:00:00.000000110,-0.47555
1970-01-01 00:00:00.000000111,-0.450366
1970-01-01 00:00:00.000000112,-0.422338
1970-01-01 00:00:00.000000113,-0.40357
1970-01-01 00:00:00.000000114,-0.391989
1970-01-01 00:00:00.000000115,-0.37385
1970-01-01 00:00:00.000000116,-0.348118
1970-01-01 00:00:00.000000117,-0.306704
1970-01-01 00:00:00.000000118,-0.2555679999999999
1970-01-01 00:00:00.000000119,-0.197944
1970-01-01 00:00:00.000000120,-0.141211
1970-01-01 00:00:00.000000121,-0.091099
1970-01-01 00:00:00.000000122,-0.044217
1970-01-01 00:00:00.000000123,-0.00528
1970-01-01 00:00:00.000000124,0.024571
1970-01-01 00:00:00.000000125,0.040743
1970-01-01 00:00:00.000000126,0.04145
1970-01-01 00:00:00.000000127,0.0306339999999999
1970-01-01 00:00:00.000000128,0.001016
1970-01-01 00:00:00.000000129,-0.0543299999999999
1970-01-01 00:00:00.000000130,-0.136906
1970-01-01 00:00:00.000000131,-0.229877
1970-01-01 00:00:00.000000132,-0.27729
1970-01-01 00:00:00.000000133,-0.310507
1970-01-01 00:00:00.000000134,-0.376297
1970-01-01 00:00:00.000000135,-0.433956
1970-01-01 00:00:00.000000136,-0.4797439999999999
1970-01-01 00:00:00.000000137,-0.520628
1970-01-01 00:00:00.000000138,-0.556163
1970-01-01 00:00:00.000000139,-0.581854
1970-01-01 00:00:00.000000140,-0.599141
1970-01-01 00:00:00.000000141,-0.607396
1970-01-01 00:00:00.000000142,-0.609317
1970-01-01 00:00:00.000000143,-0.606499
1970-01-01 00:00:00.000000144,-0.598075
1970-01-01 00:00:00.000000145,-0.5863229999999999
1970-01-01 00:00:00.000000146,-0.566475
1970-01-01 00:00:00.000000147,-0.542431
1970-01-01 00:00:00.000000148,-0.52969
1970-01-01 00:00:00.000000149,-0.536709
1970-01-01 00:00:00.000000150,-0.53118
1970-01-01 00:00:00.000000151,-0.4972689999999999
1970-01-01 00:00:00.000000152,-0.48276
1970-01-01 00:00:00.000000153,-0.456578
1970-01-01 00:00:00.000000154,-0.426893
1970-01-01 00:00:00.000000155,-0.392907
1970-01-01 00:00:00.000000156,-0.353015
1970-01-01 00:00:00.000000157,-0.309118
1970-01-01 00:00:00.000000158,-0.2647489999999999
1970-01-01 00:00:00.000000159,-0.220241
1970-01-01 00:00:00.000000160,-0.173525
1970-01-01 00:00:00.000000161,-0.127745
1970-01-01 00:00:00.000000162,-0.082429
1970-01-01 00:00:00.000000163,-0.034758
1970-01-01 00:00:00.000000164,0.0213819999999999
1970-01-01 00:00:00.000000165,0.067698
1970-01-01 00:00:00.000000166,0.1026859999999999
1970-01-01 00:00:00.000000167,0.133302
1970-01-01 00:00:00.000000168,0.158674
1970-01-01 00:00:00.000000169,0.168493
1970-01-01 00:00:00.000000170,0.165015
1970-01-01 00:00:00.000000171,0.161672
1970-01-01 00:00:00.000000172,0.16069
1970-01-01 00:00:00.000000173,0.160892
1970-01-01 00:00:00.000000174,0.161221
1970-01-01 00:00:00.000000175,0.159556
1970-01-01 00:00:00.000000176,0.154439
1970-01-01 00:00:00.000000177,0.138561
1970-01-01 00:00:00.000000178,0.09616
1970-01-01 00:00:00.000000179,0.013206
1970-01-01 00:00:00.000000180,-0.097639
1970-01-01 00:00:00.000000181,-0.191711
1970-01-01 00:00:00.000000182,-0.237508
1970-01-01 00:00:00.000000183,-0.248048
1970-01-01 00:00:00.000000184,-0.323019
1970-01-01 00:00:00.000000185,-0.417836
1970-01-01 00:00:00.000000186,-0.466438
1970-01-01 00:00:00.000000187,-0.5125430000000001
1970-01-01 00:00:00.000000188,-0.547083
1970-01-01 00:00:00.000000189,-0.572647
1970-01-01 00:00:00.000000190,-0.592198
1970-01-01 00:00:00.000000191,-0.604234
1970-01-01 00:00:00.000000192,-0.606297
1970-01-01 00:00:00.000000193,-0.6017710000000001
1970-01-01 00:00:00.000000194,-0.59124
1970-01-01 00:00:00.000000195,-0.5743560000000001
1970-01-01 00:00:00.000000196,-0.553859
1970-01-01 00:00:00.000000197,-0.535836
1970-01-01 00:00:00.000000198,-0.527758
1970-01-01 00:00:00.000000199,-0.518791
1970-01-01 00:00:00.000000200,-0.518375
1970-01-01 00:00:00.000000201,-0.494843
1970-01-01 00:00:00.000000202,-0.465739
1970-01-01 00:00:00.000000203,-0.439783
1970-01-01 00:00:00.000000204,-0.41967
1970-01-01 00:00:00.000000205,-0.399291
1970-01-01 00:00:00.000000206,-0.376791
1970-01-01 00:00:00.000000207,-0.350663
1970-01-01 00:00:00.000000208,-0.319841
1970-01-01 00:00:00.000000209,-0.285667
1970-01-01 00:00:00.000000210,-0.246633
1970-01-01 00:00:00.000000211,-0.2029359999999999
1970-01-01 00:00:00.000000212,-0.1550359999999999
1970-01-01 00:00:00.000000213,-0.104267
1970-01-01 00:00:00.000000214,-0.051615
1970-01-01 00:00:00.000000215,-0.002079
1970-01-01 00:00:00.000000216,0.042588
1970-01-01 00:00:00.000000217,0.087255
1970-01-01 00:00:00.000000218,0.129747
1970-01-01 00:00:00.000000219,0.164216
1970-01-01 00:00:00.000000220,0.196113
1970-01-01 00:00:00.000000221,0.225911
1970-01-01 00:00:00.000000222,0.2367469999999999
1970-01-01 00:00:00.000000223,0.2266889999999999
1970-01-01 00:00:00.000000224,0.203418
1970-01-01 00:00:00.000000225,0.162707
1970-01-01 00:00:00.000000226,0.1073109999999999
1970-01-01 00:00:00.000000227,0.026987
1970-01-01 00:00:00.000000228,-0.093331
1970-01-01 00:00:00.000000229,-0.184946
1970-01-01 00:00:00.000000230,-0.208361
1970-01-01 00:00:00.000000231,-0.270257
1970-01-01 00:00:00.000000232,-0.377807
1970-01-01 00:00:00.000000233,-0.438208
1970-01-01 00:00:00.000000234,-0.480809
1970-01-01 00:00:00.000000235,-0.518255
1970-01-01 00:00:00.000000236,-0.548876
1970-01-01 00:00:00.000000237,-0.569719
1970-01-01 00:00:00.000000238,-0.580097
1970-01-01 00:00:00.000000239,-0.58268
1970-01-01 00:00:00.000000240,-0.57981
1970-01-01 00:00:00.000000241,-0.570044
1970-01-01 00:00:00.000000242,-0.553238
1970-01-01 00:00:00.000000243,-0.537948
1970-01-01 00:00:00.000000244,-0.530993
1970-01-01 00:00:00.000000245,-0.5161279999999999
1970-01-01 00:00:00.000000246,-0.504316
1970-01-01 00:00:00.000000247,-0.479108
1970-01-01 00:00:00.000000248,-0.451859
1970-01-01 00:00:00.000000249,-0.420581
1970-01-01 00:00:00.000000250,-0.390663
1970-01-01 00:00:00.000000251,-0.3610239999999999
1970-01-01 00:00:00.000000252,-0.328268
1970-01-01 00:00:00.000000253,-0.290074
1970-01-01 00:00:00.000000254,-0.247049
1970-01-01 00:00:00.000000255,-0.203466
1970-01-01 00:00:00.000000256,-0.162353
1970-01-01 00:00:00.000000257,-0.125116
1970-01-01 00:00:00.000000258,-0.085947
1970-01-01 00:00:00.000000259,-0.041492
1970-01-01 00:00:00.000000260,0.001416
1970-01-01 00:00:00.000000261,0.038829
1970-01-01 00:00:00.000000262,0.076134
1970-01-01 00:00:00.000000263,0.114544
1970-01-01 00:00:00.000000264,0.149475
1970-01-01 00:00:00.000000265,0.17842
1970-01-01 00:00:00.000000266,0.202619
1970-01-01 00:00:00.000000267,0.229762
1970-01-01 00:00:00.000000268,0.262938
1970-01-01 00:00:00.000000269,0.295978
1970-01-01 00:00:00.000000270,0.320504
1970-01-01 00:00:00.000000271,0.339771
1970-01-01 00:00:00.000000272,0.351466
1970-01-01 00:00:00.000000273,0.352521
1970-01-01 00:00:00.000000274,0.353501
1970-01-01 00:00:00.000000275,0.358241
1970-01-01 00:00:00.000000276,0.359144
1970-01-01 00:00:00.000000277,0.346208
1970-01-01 00:00:00.000000278,0.313583
1970-01-01 00:00:00.000000279,0.267155
1970-01-01 00:00:00.000000280,0.213806
1970-01-01 00:00:00.000000281,0.147397
1970-01-01 00:00:00.000000282,0.0726779999999999
1970-01-01 00:00:00.000000283,0.000589
1970-01-01 00:00:00.000000284,-0.047748
1970-01-01 00:00:00.000000285,-0.052761
1970-01-01 00:00:00.000000286,-0.053394
1970-01-01 00:00:00.000000287,-0.11605
1970-01-01 00:00:00.000000288,-0.19041
1970-01-01 00:00:00.000000289,-0.244955
1970-01-01 00:00:00.000000290,-0.283337
1970-01-01 00:00:00.000000291,-0.317893
1970-01-01 00:00:00.000000292,-0.350836
1970-01-01 00:00:00.000000293,-0.376781
1970-01-01 00:00:00.000000294,-0.39333
1970-01-01 00:00:00.000000295,-0.405075
1970-01-01 00:00:00.000000296,-0.413509
1970-01-01 00:00:00.000000297,-0.409356
1970-01-01 00:00:00.000000298,-0.395573
1970-01-01 00:00:00.000000299,-0.375085
1970-01-01 00:00:00.000000300,-0.350575
1970-01-01 00:00:00.000000301,-0.319022
1970-01-01 00:00:00.000000302,-0.2772219999999999
1970-01-01 00:00:00.000000303,-0.237101
1970-01-01 00:00:00.000000304,-0.24219
1970-01-01 00:00:00.000000305,-0.287901
1970-01-01 00:00:00.000000306,-0.323129
1970-01-01 00:00:00.000000307,-0.330378
1970-01-01 00:00:00.000000308,-0.327238
1970-01-01 00:00:00.000000309,-0.326186
1970-01-01 00:00:00.000000310,-0.3130409999999999
1970-01-01 00:00:00.000000311,-0.28713
1970-01-01 00:00:00.000000312,-0.284412
1970-01-01 00:00:00.000000313,-0.305924
1970-01-01 00:00:00.000000314,-0.31501
1970-01-01 00:00:00.000000315,-0.318999
1970-01-01 00:00:00.000000316,-0.287755
1970-01-01 00:00:00.000000317,-0.244451
1970-01-01 00:00:00.000000318,-0.215503
1970-01-01 00:00:00.000000319,-0.202097
1970-01-01 00:00:00.000000320,-0.186666
1970-01-01 00:00:00.000000321,-0.164971
1970-01-01 00:00:00.000000322,-0.136432
1970-01-01 00:00:00.000000323,-0.0929789999999999
1970-01-01 00:00:00.000000324,-0.047533
1970-01-01 00:00:00.000000325,-0.015561
1970-01-01 00:00:00.000000326,0.0072239999999999
1970-01-01 00:00:00.000000327,0.031542
1970-01-01 00:00:00.000000328,0.0612799999999999
1970-01-01 00:00:00.000000329,0.098825
1970-01-01 00:00:00.000000330,0.141952
1970-01-01 00:00:00.000000331,0.18153
1970-01-01 00:00:00.000000332,0.221596
1970-01-01 00:00:00.000000333,0.261287
1970-01-01 00:00:00.000000334,0.293978
1970-01-01 00:00:00.000000335,0.318654
1970-01-01 00:00:00.000000336,0.332726
1970-01-01 00:00:00.000000337,0.334625
1970-01-01 00:00:00.000000338,0.322113
1970-01-01 00:00:00.000000339,0.292905
1970-01-01 00:00:00.000000340,0.239326
1970-01-01 00:00:00.000000341,0.159316
1970-01-01 00:00:00.000000342,0.068401
1970-01-01 00:00:00.000000343,-0.024672
1970-01-01 00:00:00.000000344,-0.127547
1970-01-01 00:00:00.000000345,-0.233176
1970-01-01 00:00:00.000000346,-0.327743
1970-01-01 00:00:00.000000347,-0.389948
1970-01-01 00:00:00.000000348,-0.441266
1970-01-01 00:00:00.000000349,-0.4828729999999999
1970-01-01 00:00:00.000000350,-0.521352
1970-01-01 00:00:00.000000351,-0.5564060000000001
1970-01-01 00:00:00.000000352,-0.581533
1970-01-01 00:00:00.000000353,-0.59648
1970-01-01 00:00:00.000000354,-0.6073310000000001
1970-01-01 00:00:00.000000355,-0.6154930000000001
1970-01-01 00:00:00.000000356,-0.624644
1970-01-01 00:00:00.000000357,-0.636425
1970-01-01 00:00:00.000000358,-0.652177
1970-01-01 00:00:00.000000359,-0.6635949999999999
1970-01-01 00:00:00.000000360,-0.662485
1970-01-01 00:00:00.000000361,-0.658381
1970-01-01 00:00:00.000000362,-0.658135
1970-01-01 00:00:00.000000363,-0.6607770000000001
1970-01-01 00:00:00.000000364,-0.663324
1970-01-01 00:00:00.000000365,-0.664461
1970-01-01 00:00:00.000000366,-0.6598229999999999
1970-01-01 00:00:00.000000367,-0.663888
1970-01-01 00:00:00.000000368,-0.665887
1970-01-01 00:00:00.000000369,-0.666042
1970-01-01 00:00:00.000000370,-0.657335
1970-01-01 00:00:00.000000371,-0.647189
1970-01-01 00:00:00.000000372,-0.632742
1970-01-01 00:00:00.000000373,-0.6127199999999999
1970-01-01 00:00:00.000000374,-0.585774
1970-01-01 00:00:00.000000375,-0.5509539999999999
1970-01-01 00:00:00.000000376,-0.5111359999999999
1970-01-01 00:00:00.000000377,-0.475527
1970-01-01 00:00:00.000000378,-0.442409
1970-01-01 00:00:00.000000379,-0.4043719999999999
1970-01-01 00:00:00.000000380,-0.3649489999999999
1970-01-01 00:00:00.000000381,-0.3264579999999999
1970-01-01 00:00:00.000000382,-0.289686
1970-01-01 00:00:00.000000383,-0.245758
1970-01-01 00:00:00.000000384,-0.206285
1970-01-01 00:00:00.000000385,-0.175556
1970-01-01 00:00:00.000000386,-0.154884
1970-01-01 00:00:00.000000387,-0.142245
1970-01-01 00:00:00.000000388,-0.134287
1970-01-01 00:00:00.000000389,-0.126486
1970-01-01 00:00:00.000000390,-0.117202
1970-01-01 00:00:00.000000391,-0.111074
1970-01-01 00:00:00.000000392,-0.114163
1970-01-01 00:00:00.000000393,-0.1295319999999999
1970-01-01 00:00:00.000000394,-0.155385
1970-01-01 00:00:00.000000395,-0.192026
1970-01-01 00:00:00.000000396,-0.2406449999999999
1970-01-01 00:00:00.000000397,-0.299232
1970-01-01 00:00:00.000000398,-0.393259
1970-01-01 00:00:00.000000399,-0.488346
1970-01-01 00:00:00.000000400,-0.539684
1970-01-01 00:00:00.000000401,-0.572101
1970-01-01 00:00:00.000000402,-0.6421279999999999
1970-01-01 00:00:00.000000403,-0.693963
1970-01-01 00:00:00.000000404,-0.731743
1970-01-01 00:00:00.000000405,-0.760239
1970-01-01 00:00:00.000000406,-0.780001
1970-01-01 00:00:00.000000407,-0.791529
1970-01-01 00:00:00.000000408,-0.795185
1970-01-01 00:00:00.000000409,-0.79099
1970-01-01 00:00:00.000000410,-0.782524
1970-01-01 00:00:00.000000411,-0.77193
1970-01-01 00:00:00.000000412,-0.760655
1970-01-01 00:00:00.000000413,-0.748329
1970-01-01 00:00:00.000000414,-0.7314229999999999
1970-01-01 00:00:00.000000415,-0.712745
1970-01-01 00:00:00.000000416,-0.710195
1970-01-01 00:00:00.000000417,-0.713501
1970-01-01 00:00:00.000000418,-0.711302
1970-01-01 00:00:00.000000419,-0.6943090000000001
1970-01-01 00:00:00.000000420,-0.682404
1970-01-01 00:00:00.000000421,-0.671447
1970-01-01 00:00:00.000000422,-0.6543939999999999
1970-01-01 00:00:00.000000423,-0.6334270000000001
1970-01-01 00:00:00.000000424,-0.610683
1970-01-01 00:00:00.000000425,-0.584627
1970-01-01 00:00:00.000000426,-0.555647
1970-01-01 00:00:00.000000427,-0.5247470000000001
1970-01-01 00:00:00.000000428,-0.490175
1970-01-01 00:00:00.000000429,-0.448581
1970-01-01 00:00:00.000000430,-0.402445
1970-01-01 00:00:00.000000431,-0.352464
1970-01-01 00:00:00.000000432,-0.304264
1970-01-01 00:00:00.000000433,-0.261527
1970-01-01 00:00:00.000000434,-0.226302
1970-01-01 00:00:00.000000435,-0.193908
1970-01-01 00:00:00.000000436,-0.165801
1970-01-01 00:00:00.000000437,-0.140733
1970-01-01 00:00:00.000000438,-0.11537
1970-01-01 00:00:00.000000439,-0.089379
1970-01-01 00:00:00.000000440,-0.067864
1970-01-01 00:00:00.000000441,-0.051091
1970-01-01 00:00:00.000000442,-0.045901
1970-01-01 00:00:00.000000443,-0.060064
1970-01-01 00:00:00.000000444,-0.094021
1970-01-01 00:00:00.000000445,-0.133157
1970-01-01 00:00:00.000000446,-0.178758
1970-01-01 00:00:00.000000447,-0.229256
1970-01-01 00:00:00.000000448,-0.284668
1970-01-01 00:00:00.000000449,-0.351713
1970-01-01 00:00:00.000000450,-0.4242869999999999
1970-01-01 00:00:00.000000451,-0.470476
1970-01-01 00:00:00.000000452,-0.4815859999999999
1970-01-01 00:00:00.000000453,-0.51365
1970-01-01 00:00:00.000000454,-0.5865630000000001
1970-01-01 00:00:00.000000455,-0.640247
1970-01-01 00:00:00.000000456,-0.671657
1970-01-01 00:00:00.000000457,-0.698799
1970-01-01 00:00:00.000000458,-0.720262
1970-01-01 00:00:00.000000459,-0.736759
1970-01-01 00:00:00.000000460,-0.747942
1970-01-01 00:00:00.000000461,-0.754798
1970-01-01 00:00:00.000000462,-0.759374
1970-01-01 00:00:00.000000463,-0.761628
1970-01-01 00:00:00.000000464,-0.757735
1970-01-01 00:00:00.000000465,-0.744574
1970-01-01 00:00:00.000000466,-0.726351
1970-01-01 00:00:00.000000467,-0.711418
1970-01-01 00:00:00.000000468,-0.699101
1970-01-01 00:00:00.000000469,-0.69781
1970-01-01 00:00:00.000000470,-0.685232
1970-01-01 00:00:00.000000471,-0.661089
1970-01-01 00:00:00.000000472,-0.632216
1970-01-01 00:00:00.000000473,-0.602582
1970-01-01 00:00:00.000000474,-0.572336
1970-01-01 00:00:00.000000475,-0.539449
1970-01-01 00:00:00.000000476,-0.505004
1970-01-01 00:00:00.000000477,-0.47301
1970-01-01 00:00:00.000000478,-0.443195
1970-01-01 00:00:00.000000479,-0.411365
1970-01-01 00:00:00.000000480,-0.374336
1970-01-01 00:00:00.000000481,-0.332295
1970-01-01 00:00:00.000000482,-0.285419
1970-01-01 00:00:00.000000483,-0.241688
1970-01-01 00:00:00.000000484,-0.202903
1970-01-01 00:00:00.000000485,-0.171507
1970-01-01 00:00:00.000000486,-0.151033
1970-01-01 00:00:00.000000487,-0.135431
1970-01-01 00:00:00.000000488,-0.11615
1970-01-01 00:00:00.000000489,-0.089209
1970-01-01 00:00:00.000000490,-0.059841
1970-01-01 00:00:00.000000491,-0.037367
1970-01-01 00:00:00.000000492,-0.02515
1970-01-01 00:00:00.000000493,-0.032878
1970-01-01 00:00:00.000000494,-0.055504
1970-01-01 00:00:00.000000495,-0.084362
1970-01-01 00:00:00.000000496,-0.12384
1970-01-01 00:00:00.000000497,-0.17455
1970-01-01 00:00:00.000000498,-0.2372739999999999
1970-01-01 00:00:00.000000499,-0.305767
1970-01-01 00:00:00.000000500,-0.380091
1970-01-01 00:00:00.000000501,-0.454064
1970-01-01 00:00:00.000000502,-0.513101
1970-01-01 00:00:00.000000503,-0.547717
1970-01-01 00:00:00.000000504,-0.596133
1970-01-01 00:00:00.000000505,-0.6510090000000001
1970-01-01 00:00:00.000000506,-0.690326
1970-01-01 00:00:00.000000507,-0.721341
1970-01-01 00:00:00.000000508,-0.7435149999999999
1970-01-01 00:00:00.000000509,-0.758631
1970-01-01 00:00:00.000000510,-0.770368
1970-01-01 00:00:00.000000511,-0.77755
1970-01-01 00:00:00.000000512,-0.781999
1970-01-01 00:00:00.000000513,-0.782338
1970-01-01 00:00:00.000000514,-0.777389
1970-01-01 00:00:00.000000515,-0.767752
1970-01-01 00:00:00.000000516,-0.754829
1970-01-01 00:00:00.000000517,-0.7380369999999999
1970-01-01 00:00:00.000000518,-0.730535
1970-01-01 00:00:00.000000519,-0.727479
1970-01-01 00:00:00.000000520,-0.719863
1970-01-01 00:00:00.000000521,-0.699098
1970-01-01 00:00:00.000000522,-0.6751729999999999
1970-01-01 00:00:00.000000523,-0.653656
1970-01-01 00:00:00.000000524,-0.6316229999999999
1970-01-01 00:00:00.000000525,-0.603829
1970-01-01 00:00:00.000000526,-0.573444
1970-01-01 00:00:00.000000527,-0.541642
1970-01-01 00:00:00.000000528,-0.507424
1970-01-01 00:00:00.000000529,-0.470122
1970-01-01 00:00:00.000000530,-0.429179
1970-01-01 00:00:00.000000531,-0.3815969999999999
1970-01-01 00:00:00.000000532,-0.330101
1970-01-01 00:00:00.000000533,-0.280688
1970-01-01 00:00:00.000000534,-0.233942
1970-01-01 00:00:00.000000535,-0.195192
1970-01-01 00:00:00.000000536,-0.164651
1970-01-01 00:00:00.000000537,-0.143039
1970-01-01 00:00:00.000000538,-0.129794
1970-01-01 00:00:00.000000539,-0.119209
1970-01-01 00:00:00.000000540,-0.104773
1970-01-01 00:00:00.000000541,-0.085488
1970-01-01 00:00:00.000000542,-0.06956
1970-01-01 00:00:00.000000543,-0.06227
1970-01-01 00:00:00.000000544,-0.064571
1970-01-01 00:00:00.000000545,-0.079576
1970-01-01 00:00:00.000000546,-0.105923
1970-01-01 00:00:00.000000547,-0.141622
1970-01-01 00:00:00.000000548,-0.181375
1970-01-01 00:00:00.000000549,-0.2179289999999999
1970-01-01 00:00:00.000000550,-0.256289
1970-01-01 00:00:00.000000551,-0.316976
1970-01-01 00:00:00.000000552,-0.40143
1970-01-01 00:00:00.000000553,-0.4776899999999999
1970-01-01 00:00:00.000000554,-0.526464
1970-01-01 00:00:00.000000555,-0.554739
1970-01-01 00:00:00.000000556,-0.583604
1970-01-01 00:00:00.000000557,-0.631147
1970-01-01 00:00:00.000000558,-0.668078
1970-01-01 00:00:00.000000559,-0.695578
1970-01-01 00:00:00.000000560,-0.723159
1970-01-01 00:00:00.000000561,-0.7465149999999999
1970-01-01 00:00:00.000000562,-0.763199
1970-01-01 00:00:00.000000563,-0.7734270000000001
1970-01-01 00:00:00.000000564,-0.7801100000000001
1970-01-01 00:00:00.000000565,-0.7856810000000001
1970-01-01 00:00:00.000000566,-0.782492
1970-01-01 00:00:00.000000567,-0.7690600000000001
1970-01-01 00:00:00.000000568,-0.753746
1970-01-01 00:00:00.000000569,-0.7359829999999999
1970-01-01 00:00:00.000000570,-0.720396
1970-01-01 00:00:00.000000571,-0.715044
1970-01-01 00:00:00.000000572,-0.710993
1970-01-01 00:00:00.000000573,-0.700054
1970-01-01 00:00:00.000000574,-0.684272
1970-01-01 00:00:00.000000575,-0.667723
1970-01-01 00:00:00.000000576,-0.647015
1970-01-01 00:00:00.000000577,-0.6212770000000001
1970-01-01 00:00:00.000000578,-0.593989
1970-01-01 00:00:00.000000579,-0.565808
1970-01-01 00:00:00.000000580,-0.53389
1970-01-01 00:00:00.000000581,-0.4960859999999999
1970-01-01 00:00:00.000000582,-0.45324
1970-01-01 00:00:00.000000583,-0.405999
1970-01-01 00:00:00.000000584,-0.361336
1970-01-01 00:00:00.000000585,-0.320407
1970-01-01 00:00:00.000000586,-0.2806
1970-01-01 00:00:00.000000587,-0.24629
1970-01-01 00:00:00.000000588,-0.219491
1970-01-01 00:00:00.000000589,-0.198264
1970-01-01 00:00:00.000000590,-0.183216
1970-01-01 00:00:00.000000591,-0.168849
1970-01-01 00:00:00.000000592,-0.151032
1970-01-01 00:00:00.000000593,-0.125531
1970-01-01 00:00:00.000000594,-0.093849
1970-01-01 00:00:00.000000595,-0.0625169999999999
1970-01-01 00:00:00.000000596,-0.037874
1970-01-01 00:00:00.000000597,-0.018762
1970-01-01 00:00:00.000000598,-0.006353
1970-01-01 00:00:00.000000599,-0.002252
1970-01-01 00:00:00.000000600,0.004291
1970-01-01 00:00:00.000000601,0.006612
1970-01-01 00:00:00.000000602,-0.005158
1970-01-01 00:00:00.000000603,-0.037311
1970-01-01 00:00:00.000000604,-0.082079
1970-01-01 00:00:00.000000605,-0.131188
1970-01-01 00:00:00.000000606,-0.193899
1970-01-01 00:00:00.000000607,-0.270049
1970-01-01 00:00:00.000000608,-0.337508
1970-01-01 00:00:00.000000609,-0.380272
1970-01-01 00:00:00.000000610,-0.389226
1970-01-01 00:00:00.000000611,-0.418826
1970-01-01 00:00:00.000000612,-0.475956
1970-01-01 00:00:00.000000613,-0.514725
1970-01-01 00:00:00.000000614,-0.54197
1970-01-01 00:00:00.000000615,-0.560804
1970-01-01 00:00:00.000000616,-0.577056
1970-01-01 00:00:00.000000617,-0.591022
1970-01-01 00:00:00.000000618,-0.600751
1970-01-01 00:00:00.000000619,-0.605797
1970-01-01 00:00:00.000000620,-0.606975
1970-01-01 00:00:00.000000621,-0.6022850000000001
1970-01-01 00:00:00.000000622,-0.593101
1970-01-01 00:00:00.000000623,-0.5832510000000001
1970-01-01 00:00:00.000000624,-0.570054
1970-01-01 00:00:00.000000625,-0.545473
1970-01-01 00:00:00.000000626,-0.506587
1970-01-01 00:00:00.000000627,-0.475437
1970-01-01 00:00:00.000000628,-0.5032760000000001
1970-01-01 00:00:00.000000629,-0.547884
1970-01-01 00:00:00.000000630,-0.569449
1970-01-01 00:00:00.000000631,-0.5765319999999999
1970-01-01 00:00:00.000000632,-0.5814819999999999
1970-01-01 00:00:00.000000633,-0.578681
1970-01-01 00:00:00.000000634,-0.5632590000000001
1970-01-01 00:00:00.000000635,-0.542673
1970-01-01 00:00:00.000000636,-0.530425
1970-01-01 00:00:00.000000637,-0.52951
1970-01-01 00:00:00.000000638,-0.537017
1970-01-01 00:00:00.000000639,-0.527574
1970-01-01 00:00:00.000000640,-0.486591
1970-01-01 00:00:00.000000641,-0.448185
1970-01-01 00:00:00.000000642,-0.440612
1970-01-01 00:00:00.000000643,-0.423022
1970-01-01 00:00:00.000000644,-0.366419
1970-01-01 00:00:00.000000645,-0.31547
1970-01-01 00:00:00.000000646,-0.270342
1970-01-01 00:00:00.000000647,-0.226188
1970-01-01 00:00:00.000000648,-0.184001
1970-01-01 00:00:00.000000649,-0.135007
1970-01-01 00:00:00.000000650,-0.085509
1970-01-01 00:00:00.000000651,-0.040591
1970-01-01 00:00:00.000000652,-0.0069019999999999
1970-01-01 00:00:00.000000653,0.01822
1970-01-01 00:00:00.000000654,0.054564
1970-01-01 00:00:00.000000655,0.094264
1970-01-01 00:00:00.000000656,0.117093
1970-01-01 00:00:00.000000657,0.133997
1970-01-01 00:00:00.000000658,0.151453
1970-01-01 00:00:00.000000659,0.159021
1970-01-01 00:00:00.000000660,0.16189
1970-01-01 00:00:00.000000661,0.157336
1970-01-01 00:00:00.000000662,0.140264
1970-01-01 00:00:00.000000663,0.108702
1970-01-01 00:00:00.000000664,0.061139
1970-01-01 00:00:00.000000665,0.003031
1970-01-01 00:00:00.000000666,-0.05538
1970-01-01 00:00:00.000000667,-0.11363
1970-01-01 00:00:00.000000668,-0.1900349999999999
1970-01-01 00:00:00.000000669,-0.286636
1970-01-01 00:00:00.000000670,-0.364901
1970-01-01 00:00:00.000000671,-0.400609
1970-01-01 00:00:00.000000672,-0.432377
1970-01-01 00:00:00.000000673,-0.464443
1970-01-01 00:00:00.000000674,-0.492929
1970-01-01 00:00:00.000000675,-0.515636
1970-01-01 00:00:00.000000676,-0.530487
1970-01-01 00:00:00.000000677,-0.534493
1970-01-01 00:00:00.000000678,-0.525948
1970-01-01 00:00:00.000000679,-0.50544
1970-01-01 00:00:00.000000680,-0.475763
1970-01-01 00:00:00.000000681,-0.438072
1970-01-01 00:00:00.000000682,-0.392573
1970-01-01 00:00:00.000000683,-0.342511
1970-01-01 00:00:00.000000684,-0.304328
1970-01-01 00:00:00.000000685,-0.3108039999999999
1970-01-01 00:00:00.000000686,-0.339259
1970-01-01 00:00:00.000000687,-0.3695
1970-01-01 00:00:00.000000688,-0.379902
1970-01-01 00:00:00.000000689,-0.380081
1970-01-01 00:00:00.000000690,-0.375093
1970-01-01 00:00:00.000000691,-0.371213
1970-01-01 00:00:00.000000692,-0.3743309999999999
1970-01-01 00:00:00.000000693,-0.360168
1970-01-01 00:00:00.000000694,-0.319629
1970-01-01 00:00:00.000000695,-0.291852
1970-01-01 00:00:00.000000696,-0.274601
1970-01-01 00:00:00.000000697,-0.2287989999999999
1970-01-01 00:00:00.000000698,-0.175114
1970-01-01 00:00:00.000000699,-0.135201
1970-01-01 00:00:00.000000700,-0.103119
1970-01-01 00:00:00.000000701,-0.0640039999999999
1970-01-01 00:00:00.000000702,-0.019433
1970-01-01 00:00:00.000000703,0.025012
1970-01-01 00:00:00.000000704,0.064595
1970-01-01 00:00:00.000000705,0.095147
1970-01-01 00:00:00.000000706,0.114813
1970-01-01 00:00:00.000000707,0.125949
1970-01-01 00:00:00.000000708,0.132813
1970-01-01 00:00:00.000000709,0.142157
1970-01-01 00:00:00.000000710,0.153661
1970-01-01 00:00:00.000000711,0.162134
1970-01-01 00:00:00.000000712,0.161492
1970-01-01 00:00:00.000000713,0.146782
1970-01-01 00:00:00.000000714,0.117269
1970-01-01 00:00:00.000000715,0.074013
1970-01-01 00:00:00.000000716,0.011946
1970-01-01 00:00:00.000000717,-0.081211
1970-01-01 00:00:00.000000718,-0.1746309999999999
1970-01-01 00:00:00.000000719,-0.248019
1970-01-01 00:00:00.000000720,-0.306012
1970-01-01 00:00:00.000000721,-0.365265
1970-01-01 00:00:00.000000722,-0.4427279999999999
1970-01-01 00:00:00.000000723,-0.503363
1970-01-01 00:00:00.000000724,-0.55669
1970-01-01 00:00:00.000000725,-0.601769
1970-01-01 00:00:00.000000726,-0.6381680000000001
1970-01-01 00:00:00.000000727,-0.6644800000000001
1970-01-01 00:00:00.000000728,-0.681499
1970-01-01 00:00:00.000000729,-0.690103
1970-01-01 00:00:00.000000730,-0.691904
1970-01-01 00:00:00.000000731,-0.6892020000000001
1970-01-01 00:00:00.000000732,-0.6843739999999999
1970-01-01 00:00:00.000000733,-0.674044
1970-01-01 00:00:00.000000734,-0.65335
1970-01-01 00:00:00.000000735,-0.620579
1970-01-01 00:00:00.000000736,-0.590338
1970-01-01 00:00:00.000000737,-0.575276
1970-01-01 00:00:00.000000738,-0.55699
1970-01-01 00:00:00.000000739,-0.545379
1970-01-01 00:00:00.000000740,-0.516091
1970-01-01 00:00:00.000000741,-0.484727
1970-01-01 00:00:00.000000742,-0.455499
1970-01-01 00:00:00.000000743,-0.424589
1970-01-01 00:00:00.000000744,-0.389088
1970-01-01 00:00:00.000000745,-0.348704
1970-01-01 00:00:00.000000746,-0.305793
1970-01-01 00:00:00.000000747,-0.262596
1970-01-01 00:00:00.000000748,-0.2189239999999999
1970-01-01 00:00:00.000000749,-0.1739359999999999
1970-01-01 00:00:00.000000750,-0.127192
1970-01-01 00:00:00.000000751,-0.077237
1970-01-01 00:00:00.000000752,-0.02908
1970-01-01 00:00:00.000000753,0.016641
1970-01-01 00:00:00.000000754,0.060952
1970-01-01 00:00:00.000000755,0.099833
1970-01-01 00:00:00.000000756,0.130348
1970-01-01 00:00:00.000000757,0.154657
1970-01-01 00:00:00.000000758,0.179489
1970-01-01 00:00:00.000000759,0.198181
1970-01-01 00:00:00.000000760,0.205182
1970-01-01 00:00:00.000000761,0.191754
1970-01-01 00:00:00.000000762,0.162353
1970-01-01 00:00:00.000000763,0.1335609999999999
1970-01-01 00:00:00.000000764,0.102825
1970-01-01 00:00:00.000000765,0.0647399999999999
1970-01-01 00:00:00.000000766,0.0087549999999999
1970-01-01 00:00:00.000000767,-0.070993
1970-01-01 00:00:00.000000768,-0.158425
1970-01-01 00:00:00.000000769,-0.233738
1970-01-01 00:00:00.000000770,-0.310169
1970-01-01 00:00:00.000000771,-0.369805
1970-01-01 00:00:00.000000772,-0.435911
1970-01-01 00:00:00.000000773,-0.50284
1970-01-01 00:00:00.000000774,-0.55629
1970-01-01 00:00:00.000000775,-0.599378
1970-01-01 00:00:00.000000776,-0.632983
1970-01-01 00:00:00.000000777,-0.658379
1970-01-01 00:00:00.000000778,-0.677769
1970-01-01 00:00:00.000000779,-0.692079
1970-01-01 00:00:00.000000780,-0.6999920000000001
1970-01-01 00:00:00.000000781,-0.702056
1970-01-01 00:00:00.000000782,-0.698341
1970-01-01 00:00:00.000000783,-0.689209
1970-01-01 00:00:00.000000784,-0.669181
1970-01-01 00:00:00.000000785,-0.638728
1970-01-01 00:00:00.000000786,-0.6081310000000001
1970-01-01 00:00:00.000000787,-0.587543
1970-01-01 00:00:00.000000788,-0.567689
1970-01-01 00:00:00.000000789,-0.554053
1970-01-01 00:00:00.000000790,-0.519976
1970-01-01 00:00:00.000000791,-0.483477
1970-01-01 00:00:00.000000792,-0.450841
1970-01-01 00:00:00.000000793,-0.418494
1970-01-01 00:00:00.000000794,-0.379717
1970-01-01 00:00:00.000000795,-0.340075
1970-01-01 00:00:00.000000796,-0.29964
1970-01-01 00:00:00.000000797,-0.2555
1970-01-01 00:00:00.000000798,-0.2091969999999999
1970-01-01 00:00:00.000000799,-0.162786
1970-01-01 00:00:00.000000800,-0.1157779999999999
1970-01-01 00:00:00.000000801,-0.0641159999999999
1970-01-01 00:00:00.000000802,-0.0140229999999999
1970-01-01 00:00:00.000000803,0.033097
1970-01-01 00:00:00.000000804,0.074759
1970-01-01 00:00:00.000000805,0.109382
1970-01-01 00:00:00.000000806,0.138311
1970-01-01 00:00:00.000000807,0.161404
1970-01-01 00:00:00.000000808,0.181953
1970-01-01 00:00:00.000000809,0.207053
1970-01-01 00:00:00.000000810,0.226868
1970-01-01 00:00:00.000000811,0.230527
1970-01-01 00:00:00.000000812,0.2181449999999999
1970-01-01 00:00:00.000000813,0.205013
1970-01-01 00:00:00.000000814,0.190445
1970-01-01 00:00:00.000000815,0.168005
1970-01-01 00:00:00.000000816,0.136941
1970-01-01 00:00:00.000000817,0.091783
1970-01-01 00:00:00.000000818,0.012345
1970-01-01 00:00:00.000000819,-0.098535
1970-01-01 00:00:00.000000820,-0.198122
1970-01-01 00:00:00.000000821,-0.281632
1970-01-01 00:00:00.000000822,-0.322718
1970-01-01 00:00:00.000000823,-0.379157
1970-01-01 00:00:00.000000824,-0.458852
1970-01-01 00:00:00.000000825,-0.5117520000000001
1970-01-01 00:00:00.000000826,-0.5563170000000001
1970-01-01 00:00:00.000000827,-0.592076
1970-01-01 00:00:00.000000828,-0.618263
1970-01-01 00:00:00.000000829,-0.636847
1970-01-01 00:00:00.000000830,-0.64907
1970-01-01 00:00:00.000000831,-0.6547350000000001
1970-01-01 00:00:00.000000832,-0.653432
1970-01-01 00:00:00.000000833,-0.645679
1970-01-01 00:00:00.000000834,-0.629605
1970-01-01 00:00:00.000000835,-0.605262
1970-01-01 00:00:00.000000836,-0.576846
1970-01-01 00:00:00.000000837,-0.556651
1970-01-01 00:00:00.000000838,-0.537127
1970-01-01 00:00:00.000000839,-0.524593
1970-01-01 00:00:00.000000840,-0.494606
1970-01-01 00:00:00.000000841,-0.460118
1970-01-01 00:00:00.000000842,-0.422117
1970-01-01 00:00:00.000000843,-0.385363
1970-01-01 00:00:00.000000844,-0.348703
1970-01-01 00:00:00.000000845,-0.3086489999999999
1970-01-01 00:00:00.000000846,-0.268059
1970-01-01 00:00:00.000000847,-0.229235
1970-01-01 00:00:00.000000848,-0.185433
1970-01-01 00:00:00.000000849,-0.1410819999999999
1970-01-01 00:00:00.000000850,-0.099717
1970-01-01 00:00:00.000000851,-0.056935
1970-01-01 00:00:00.000000852,-0.006351
1970-01-01 00:00:00.000000853,0.0443649999999999
1970-01-01 00:00:00.000000854,0.0873299999999999
1970-01-01 00:00:00.000000855,0.121563
1970-01-01 00:00:00.000000856,0.149059
1970-01-01 00:00:00.000000857,0.172509
1970-01-01 00:00:00.000000858,0.192613
1970-01-01 00:00:00.000000859,0.208734
1970-01-01 00:00:00.000000860,0.219279
1970-01-01 00:00:00.000000861,0.2313329999999999
1970-01-01 00:00:00.000000862,0.248527
1970-01-01 00:00:00.000000863,0.259082
1970-01-01 00:00:00.000000864,0.255266
1970-01-01 00:00:00.000000865,0.243996
1970-01-01 00:00:00.000000866,0.216962
1970-01-01 00:00:00.000000867,0.167538
1970-01-01 00:00:00.000000868,0.09054
1970-01-01 00:00:00.000000869,-0.013621
1970-01-01 00:00:00.000000870,-0.113551
1970-01-01 00:00:00.000000871,-0.18596
1970-01-01 00:00:00.000000872,-0.240498
1970-01-01 00:00:00.000000873,-0.254053
1970-01-01 00:00:00.000000874,-0.302904
1970-01-01 00:00:00.000000875,-0.397949
